module main

// ============================================================================
// 由 tools/lsh_tables_to_v.py 生成，勿手改。
// 来源：microsoft/edit crates/lsh/definitions/*.lsh 经 lsh-bin compile 生成的
//       lsh_definitions.rs（VM 字节码 + 字符串/字符集/语言/文件关联表）
// 重新生成：见 tools/lsh_tables_to_v.py 头部注释
// ============================================================================

// HighlightKind 值（对照生成的 Rust enum HighlightKind）
pub const lsh_kind_other = u32(0)
pub const lsh_kind_comment = u32(1)
pub const lsh_kind_method = u32(2)
pub const lsh_kind_string = u32(3)
pub const lsh_kind_variable = u32(4)
pub const lsh_kind_constant_language = u32(5)
pub const lsh_kind_constant_numeric = u32(6)
pub const lsh_kind_keyword_control = u32(7)
pub const lsh_kind_keyword_other = u32(8)
pub const lsh_kind_keyword_preprocessor = u32(9)
pub const lsh_kind_markup_bold = u32(10)
pub const lsh_kind_markup_changed = u32(11)
pub const lsh_kind_markup_deleted = u32(12)
pub const lsh_kind_markup_heading = u32(13)
pub const lsh_kind_markup_inserted = u32(14)
pub const lsh_kind_markup_italic = u32(15)
pub const lsh_kind_markup_link = u32(16)
pub const lsh_kind_markup_list = u32(17)
pub const lsh_kind_markup_strikethrough = u32(18)
pub const lsh_kind_meta_header = u32(19)
pub const lsh_kind_storage_annotation = u32(20)
pub const lsh_kind_storage_type = u32(21)

// 语言表（对照生成的 static LANGUAGES）
pub const lsh_languages = [
	LshLanguage{ id: 'c', name: 'C', entrypoint: u32(0) },
	LshLanguage{ id: 'cpp', name: 'C++', entrypoint: u32(1434) },
	LshLanguage{ id: 'csharp', name: 'C#', entrypoint: u32(3111) },
	LshLanguage{ id: 'diff', name: 'Diff', entrypoint: u32(5327) },
	LshLanguage{ id: 'fsharp', name: 'F#', entrypoint: u32(5426) },
	LshLanguage{ id: 'git-commit', name: 'Git Commit Message', entrypoint: u32(7571) },
	LshLanguage{ id: 'git-rebase', name: 'Git Rebase Message', entrypoint: u32(7774) },
	LshLanguage{ id: 'go', name: 'Go', entrypoint: u32(8072) },
	LshLanguage{ id: 'ignore', name: 'Ignore', entrypoint: u32(9381) },
	LshLanguage{ id: 'java', name: 'Java', entrypoint: u32(9406) },
	LshLanguage{ id: 'javascript', name: 'JavaScript', entrypoint: u32(10862) },
	LshLanguage{ id: 'json', name: 'JSON', entrypoint: u32(12241) },
	LshLanguage{ id: 'lsh', name: 'LSH', entrypoint: u32(12669) },
	LshLanguage{ id: 'lua', name: 'Lua', entrypoint: u32(13183) },
	LshLanguage{ id: 'markdown', name: 'Markdown', entrypoint: u32(14401) },
	LshLanguage{ id: 'odin', name: 'Odin', entrypoint: u32(16815) },
	LshLanguage{ id: 'powershell', name: 'PowerShell', entrypoint: u32(18617) },
	LshLanguage{ id: 'properties', name: 'Properties', entrypoint: u32(20064) },
	LshLanguage{ id: 'python', name: 'Python', entrypoint: u32(20399) },
	LshLanguage{ id: 'ruby', name: 'Ruby', entrypoint: u32(21760) },
	LshLanguage{ id: 'rust', name: 'Rust', entrypoint: u32(23611) },
	LshLanguage{ id: 'shellscript', name: 'Shell Script', entrypoint: u32(25024) },
	LshLanguage{ id: 'toml', name: 'TOML', entrypoint: u32(26986) },
	LshLanguage{ id: 'xml', name: 'XML', entrypoint: u32(28909) },
	LshLanguage{ id: 'yaml', name: 'YAML', entrypoint: u32(29813) },
]

// 文件名 glob → lsh_languages 索引（对照 static FILE_ASSOCIATIONS）
pub const lsh_file_associations = [
	LshAssociation{ pattern: '**/*.c', lang: 0 },
	LshAssociation{ pattern: '**/*.i', lang: 0 },
	LshAssociation{ pattern: '**/*.cpp', lang: 1 },
	LshAssociation{ pattern: '**/*.cc', lang: 1 },
	LshAssociation{ pattern: '**/*.cxx', lang: 1 },
	LshAssociation{ pattern: '**/*.hpp', lang: 1 },
	LshAssociation{ pattern: '**/*.h', lang: 1 },
	LshAssociation{ pattern: '**/*.cs', lang: 2 },
	LshAssociation{ pattern: '**/*.csx', lang: 2 },
	LshAssociation{ pattern: '**/*.diff', lang: 3 },
	LshAssociation{ pattern: '**/*.patch', lang: 3 },
	LshAssociation{ pattern: '**/*.fs', lang: 4 },
	LshAssociation{ pattern: '**/*.fsi', lang: 4 },
	LshAssociation{ pattern: '**/*.fsx', lang: 4 },
	LshAssociation{ pattern: '**/COMMIT_EDITMSG', lang: 5 },
	LshAssociation{ pattern: '**/MERGE_MSG', lang: 5 },
	LshAssociation{ pattern: '**/git-rebase-todo', lang: 6 },
	LshAssociation{ pattern: '**/rebase-merge/done', lang: 6 },
	LshAssociation{ pattern: '**/*.go', lang: 7 },
	LshAssociation{ pattern: '**/.git-blame-ignore-revs', lang: 8 },
	LshAssociation{ pattern: '**/.gitignore', lang: 8 },
	LshAssociation{ pattern: '**/*.java', lang: 9 },
	LshAssociation{ pattern: '**/*.cjs', lang: 10 },
	LshAssociation{ pattern: '**/*.js', lang: 10 },
	LshAssociation{ pattern: '**/*.jsx', lang: 10 },
	LshAssociation{ pattern: '**/*.mjs', lang: 10 },
	LshAssociation{ pattern: '**/*.json', lang: 11 },
	LshAssociation{ pattern: '**/*.jsonc', lang: 11 },
	LshAssociation{ pattern: '**/*.lsh', lang: 12 },
	LshAssociation{ pattern: '**/*.lua', lang: 13 },
	LshAssociation{ pattern: '**/*.luau', lang: 13 },
	LshAssociation{ pattern: '**/*.md', lang: 14 },
	LshAssociation{ pattern: '**/*.odin', lang: 15 },
	LshAssociation{ pattern: '**/*.ps1', lang: 16 },
	LshAssociation{ pattern: '**/*.psd1', lang: 16 },
	LshAssociation{ pattern: '**/*.psm1', lang: 16 },
	LshAssociation{ pattern: '**/*.ini', lang: 17 },
	LshAssociation{ pattern: '**/.config/git/config', lang: 17 },
	LshAssociation{ pattern: '**/.git/config', lang: 17 },
	LshAssociation{ pattern: '**/gitconfig', lang: 17 },
	LshAssociation{ pattern: '**/*.gitattributes', lang: 17 },
	LshAssociation{ pattern: '**/*.gitconfig', lang: 17 },
	LshAssociation{ pattern: '**/*.gitmodules', lang: 17 },
	LshAssociation{ pattern: '**/*.cfg', lang: 17 },
	LshAssociation{ pattern: '**/*.conf', lang: 17 },
	LshAssociation{ pattern: '**/*.directory', lang: 17 },
	LshAssociation{ pattern: '**/*.editorconfig', lang: 17 },
	LshAssociation{ pattern: '**/*.properties', lang: 17 },
	LshAssociation{ pattern: '**/*.repo', lang: 17 },
	LshAssociation{ pattern: '**/*.automount', lang: 17 },
	LshAssociation{ pattern: '**/*.dnssd', lang: 17 },
	LshAssociation{ pattern: '**/*.link', lang: 17 },
	LshAssociation{ pattern: '**/*.mount', lang: 17 },
	LshAssociation{ pattern: '**/*.netdev', lang: 17 },
	LshAssociation{ pattern: '**/*.network', lang: 17 },
	LshAssociation{ pattern: '**/*.nspawn', lang: 17 },
	LshAssociation{ pattern: '**/*.path', lang: 17 },
	LshAssociation{ pattern: '**/*.service', lang: 17 },
	LshAssociation{ pattern: '**/*.slice', lang: 17 },
	LshAssociation{ pattern: '**/*.socket', lang: 17 },
	LshAssociation{ pattern: '**/*.swap', lang: 17 },
	LshAssociation{ pattern: '**/*.systemd', lang: 17 },
	LshAssociation{ pattern: '**/*.target', lang: 17 },
	LshAssociation{ pattern: '**/*.timer', lang: 17 },
	LshAssociation{ pattern: '**/*.py', lang: 18 },
	LshAssociation{ pattern: '**/*.pyi', lang: 18 },
	LshAssociation{ pattern: '**/*.pyw', lang: 18 },
	LshAssociation{ pattern: '**/*.gemspec', lang: 19 },
	LshAssociation{ pattern: '**/*.rake', lang: 19 },
	LshAssociation{ pattern: '**/*.rb', lang: 19 },
	LshAssociation{ pattern: '**/*.ru', lang: 19 },
	LshAssociation{ pattern: '**/Gemfile', lang: 19 },
	LshAssociation{ pattern: '**/Rakefile', lang: 19 },
	LshAssociation{ pattern: '**/*.rs', lang: 20 },
	LshAssociation{ pattern: '**/*.sh', lang: 21 },
	LshAssociation{ pattern: '**/*.bash', lang: 21 },
	LshAssociation{ pattern: '**/*.bashrc', lang: 21 },
	LshAssociation{ pattern: '**/*.bash_profile', lang: 21 },
	LshAssociation{ pattern: '**/*.profile', lang: 21 },
	LshAssociation{ pattern: '**/*.zsh', lang: 21 },
	LshAssociation{ pattern: '**/*.zshrc', lang: 21 },
	LshAssociation{ pattern: '**/APKBUILD', lang: 21 },
	LshAssociation{ pattern: '**/PKGBUILD', lang: 21 },
	LshAssociation{ pattern: '**/zshrc', lang: 21 },
	LshAssociation{ pattern: '**/*.toml', lang: 22 },
	LshAssociation{ pattern: '**/Cargo.lock', lang: 22 },
	LshAssociation{ pattern: '**/*.csproj.user', lang: 23 },
	LshAssociation{ pattern: '**/*.csproj', lang: 23 },
	LshAssociation{ pattern: '**/*.html', lang: 23 },
	LshAssociation{ pattern: '**/*.nuspec', lang: 23 },
	LshAssociation{ pattern: '**/*.proj', lang: 23 },
	LshAssociation{ pattern: '**/*.props', lang: 23 },
	LshAssociation{ pattern: '**/*.rss', lang: 23 },
	LshAssociation{ pattern: '**/*.slnx', lang: 23 },
	LshAssociation{ pattern: '**/*.svg', lang: 23 },
	LshAssociation{ pattern: '**/*.targets', lang: 23 },
	LshAssociation{ pattern: '**/*.vcxproj.filters', lang: 23 },
	LshAssociation{ pattern: '**/*.vcxproj', lang: 23 },
	LshAssociation{ pattern: '**/*.xaml', lang: 23 },
	LshAssociation{ pattern: '**/*.xml', lang: 23 },
	LshAssociation{ pattern: '**/*.xml', lang: 23 },
	LshAssociation{ pattern: '**/*.yaml', lang: 24 },
	LshAssociation{ pattern: '**/*.yml', lang: 24 },
]

// VM 字节码（对照 static ASSEMBLY，含 16 字节 0xff 结尾 padding）
pub const lsh_assembly = [
	u8(0x00), 0x03, 0x0e, 0xc8, 0x02, 0x00, 0x00, 0x03, 0x04, 0x00, 0x00, 0x00, 0x00, 0x12, 0x04, 0x00,
	u8(0x04), 0x10, 0x00, 0x00, 0x00, 0x00, 0xc9, 0x02, 0x00, 0x00, 0x10, 0x01, 0x00, 0x00, 0x00, 0xdd,
	u8(0x02), 0x00, 0x00, 0x10, 0x02, 0x00, 0x00, 0x00, 0x0e, 0x03, 0x00, 0x00, 0x10, 0x03, 0x00, 0x00,
	u8(0x00), 0xb7, 0x03, 0x00, 0x00, 0x10, 0x04, 0x00, 0x00, 0x00, 0xc2, 0x03, 0x00, 0x00, 0x10, 0x05,
	u8(0x00), 0x00, 0x00, 0xcd, 0x03, 0x00, 0x00, 0x10, 0x06, 0x00, 0x00, 0x00, 0xcd, 0x03, 0x00, 0x00,
	u8(0x10), 0x07, 0x00, 0x00, 0x00, 0xcd, 0x03, 0x00, 0x00, 0x10, 0x08, 0x00, 0x00, 0x00, 0xcd, 0x03,
	u8(0x00), 0x00, 0x10, 0x09, 0x00, 0x00, 0x00, 0xcd, 0x03, 0x00, 0x00, 0x10, 0x0a, 0x00, 0x00, 0x00,
	u8(0xcd), 0x03, 0x00, 0x00, 0x10, 0x0b, 0x00, 0x00, 0x00, 0xcd, 0x03, 0x00, 0x00, 0x10, 0x0c, 0x00,
	u8(0x00), 0x00, 0xcd, 0x03, 0x00, 0x00, 0x10, 0x0d, 0x00, 0x00, 0x00, 0xcd, 0x03, 0x00, 0x00, 0x10,
	u8(0x0e), 0x00, 0x00, 0x00, 0xcd, 0x03, 0x00, 0x00, 0x10, 0x0f, 0x00, 0x00, 0x00, 0xcd, 0x03, 0x00,
	u8(0x00), 0x10, 0x10, 0x00, 0x00, 0x00, 0xcd, 0x03, 0x00, 0x00, 0x00, 0x40, 0x10, 0x11, 0x00, 0x00,
	u8(0x00), 0xec, 0x03, 0x00, 0x00, 0x10, 0x12, 0x00, 0x00, 0x00, 0xec, 0x03, 0x00, 0x00, 0x10, 0x13,
	u8(0x00), 0x00, 0x00, 0xec, 0x03, 0x00, 0x00, 0x10, 0x14, 0x00, 0x00, 0x00, 0xec, 0x03, 0x00, 0x00,
	u8(0x10), 0x15, 0x00, 0x00, 0x00, 0xec, 0x03, 0x00, 0x00, 0x10, 0x16, 0x00, 0x00, 0x00, 0xec, 0x03,
	u8(0x00), 0x00, 0x10, 0x17, 0x00, 0x00, 0x00, 0xec, 0x03, 0x00, 0x00, 0x10, 0x18, 0x00, 0x00, 0x00,
	u8(0xec), 0x03, 0x00, 0x00, 0x10, 0x19, 0x00, 0x00, 0x00, 0xec, 0x03, 0x00, 0x00, 0x10, 0x1a, 0x00,
	u8(0x00), 0x00, 0xec, 0x03, 0x00, 0x00, 0x10, 0x1b, 0x00, 0x00, 0x00, 0xec, 0x03, 0x00, 0x00, 0x10,
	u8(0x1c), 0x00, 0x00, 0x00, 0xec, 0x03, 0x00, 0x00, 0x10, 0x1d, 0x00, 0x00, 0x00, 0xec, 0x03, 0x00,
	u8(0x00), 0x10, 0x1e, 0x00, 0x00, 0x00, 0xec, 0x03, 0x00, 0x00, 0x10, 0x1f, 0x00, 0x00, 0x00, 0xec,
	u8(0x03), 0x00, 0x00, 0x10, 0x20, 0x00, 0x00, 0x00, 0xec, 0x03, 0x00, 0x00, 0x10, 0x21, 0x00, 0x00,
	u8(0x00), 0xec, 0x03, 0x00, 0x00, 0x10, 0x22, 0x00, 0x00, 0x00, 0xec, 0x03, 0x00, 0x00, 0x10, 0x23,
	u8(0x00), 0x00, 0x00, 0xec, 0x03, 0x00, 0x00, 0x10, 0x24, 0x00, 0x00, 0x00, 0xec, 0x03, 0x00, 0x00,
	u8(0x10), 0x25, 0x00, 0x00, 0x00, 0xec, 0x03, 0x00, 0x00, 0x10, 0x26, 0x00, 0x00, 0x00, 0xec, 0x03,
	u8(0x00), 0x00, 0x10, 0x27, 0x00, 0x00, 0x00, 0xec, 0x03, 0x00, 0x00, 0x10, 0x28, 0x00, 0x00, 0x00,
	u8(0xec), 0x03, 0x00, 0x00, 0x10, 0x29, 0x00, 0x00, 0x00, 0xec, 0x03, 0x00, 0x00, 0x10, 0x2a, 0x00,
	u8(0x00), 0x00, 0xec, 0x03, 0x00, 0x00, 0x10, 0x2b, 0x00, 0x00, 0x00, 0xec, 0x03, 0x00, 0x00, 0x00,
	u8(0x40), 0x10, 0x2c, 0x00, 0x00, 0x00, 0x0b, 0x04, 0x00, 0x00, 0x10, 0x2d, 0x00, 0x00, 0x00, 0x0b,
	u8(0x04), 0x00, 0x00, 0x10, 0x2e, 0x00, 0x00, 0x00, 0x0b, 0x04, 0x00, 0x00, 0x10, 0x2f, 0x00, 0x00,
	u8(0x00), 0x0b, 0x04, 0x00, 0x00, 0x00, 0x40, 0x10, 0x30, 0x00, 0x00, 0x00, 0x2a, 0x04, 0x00, 0x00,
	u8(0x10), 0x31, 0x00, 0x00, 0x00, 0x2a, 0x04, 0x00, 0x00, 0x10, 0x32, 0x00, 0x00, 0x00, 0x2a, 0x04,
	u8(0x00), 0x00, 0x10, 0x33, 0x00, 0x00, 0x00, 0x2a, 0x04, 0x00, 0x00, 0x10, 0x34, 0x00, 0x00, 0x00,
	u8(0x2a), 0x04, 0x00, 0x00, 0x10, 0x35, 0x00, 0x00, 0x00, 0x2a, 0x04, 0x00, 0x00, 0x10, 0x36, 0x00,
	u8(0x00), 0x00, 0x2a, 0x04, 0x00, 0x00, 0x10, 0x37, 0x00, 0x00, 0x00, 0x2a, 0x04, 0x00, 0x00, 0x10,
	u8(0x38), 0x00, 0x00, 0x00, 0x2a, 0x04, 0x00, 0x00, 0x10, 0x39, 0x00, 0x00, 0x00, 0x2a, 0x04, 0x00,
	u8(0x00), 0x10, 0x3a, 0x00, 0x00, 0x00, 0x2a, 0x04, 0x00, 0x00, 0x10, 0x3b, 0x00, 0x00, 0x00, 0x2a,
	u8(0x04), 0x00, 0x00, 0x10, 0x3c, 0x00, 0x00, 0x00, 0x2a, 0x04, 0x00, 0x00, 0x00, 0x40, 0x11, 0x3d,
	u8(0x00), 0x00, 0x00, 0x47, 0x02, 0x00, 0x00, 0x00, 0x05, 0x11, 0x3e, 0x00, 0x00, 0x00, 0x49, 0x04,
	u8(0x00), 0x00, 0x00, 0x05, 0x11, 0x3f, 0x00, 0x00, 0x00, 0x62, 0x04, 0x00, 0x00, 0x0f, 0x00, 0x00,
	u8(0x00), 0x00, 0x01, 0x00, 0x00, 0x00, 0xff, 0xff, 0xff, 0xff, 0x7b, 0x04, 0x00, 0x00, 0x00, 0x05,
	u8(0x11), 0x40, 0x00, 0x00, 0x00, 0xdb, 0x04, 0x00, 0x00, 0x00, 0x40, 0x00, 0x05, 0x0f, 0x01, 0x00,
	u8(0x00), 0x00, 0x01, 0x00, 0x00, 0x00, 0xff, 0xff, 0xff, 0xff, 0xf4, 0x04, 0x00, 0x00, 0x00, 0x40,
	u8(0x0f), 0x01, 0x00, 0x00, 0x00, 0x01, 0x00, 0x00, 0x00, 0xff, 0xff, 0xff, 0xff, 0xa3, 0x02, 0x00,
	u8(0x00), 0x00, 0x40, 0x03, 0x05, 0x00, 0x00, 0x00, 0x00, 0x12, 0x05, 0x0f, 0x02, 0x00, 0x00, 0x00,
	u8(0x01), 0x00, 0x00, 0x00, 0xff, 0xff, 0xff, 0xff, 0xbc, 0x02, 0x00, 0x00, 0x08, 0x30, 0x16, 0x05,
	u8(0x00), 0x00, 0x03, 0x02, 0x00, 0x00, 0x00, 0x00, 0x07, 0x03, 0x00, 0xff, 0xff, 0xff, 0xff, 0x03,
	u8(0x05), 0x01, 0x00, 0x00, 0x00, 0x12, 0x05, 0x03, 0x02, 0xa3, 0x02, 0x00, 0x00, 0x00, 0x05, 0x03,
	u8(0x06), 0x01, 0x00, 0x00, 0x00, 0x12, 0x06, 0x13, 0x10, 0x41, 0x00, 0x00, 0x00, 0x22, 0x05, 0x00,
	u8(0x00), 0x0f, 0x03, 0x00, 0x00, 0x00, 0x01, 0x00, 0x00, 0x00, 0xff, 0xff, 0xff, 0xff, 0x02, 0x03,
	u8(0x00), 0x00, 0x08, 0x50, 0x30, 0x05, 0x00, 0x00, 0x03, 0x02, 0xdd, 0x02, 0x00, 0x00, 0x0f, 0x04,
	u8(0x00), 0x00, 0x00, 0x00, 0x00, 0x00, 0x00, 0xff, 0xff, 0xff, 0xff, 0x1f, 0x03, 0x00, 0x00, 0x10,
	u8(0x42), 0x00, 0x00, 0x00, 0x3c, 0x05, 0x00, 0x00, 0x10, 0x43, 0x00, 0x00, 0x00, 0x3c, 0x05, 0x00,
	u8(0x00), 0x10, 0x44, 0x00, 0x00, 0x00, 0x3c, 0x05, 0x00, 0x00, 0x10, 0x45, 0x00, 0x00, 0x00, 0x3c,
	u8(0x05), 0x00, 0x00, 0x10, 0x0a, 0x00, 0x00, 0x00, 0x3c, 0x05, 0x00, 0x00, 0x10, 0x46, 0x00, 0x00,
	u8(0x00), 0x3c, 0x05, 0x00, 0x00, 0x10, 0x47, 0x00, 0x00, 0x00, 0x3c, 0x05, 0x00, 0x00, 0x10, 0x48,
	u8(0x00), 0x00, 0x00, 0x3c, 0x05, 0x00, 0x00, 0x10, 0x49, 0x00, 0x00, 0x00, 0x3c, 0x05, 0x00, 0x00,
	u8(0x10), 0x4a, 0x00, 0x00, 0x00, 0x3c, 0x05, 0x00, 0x00, 0x10, 0x0d, 0x00, 0x00, 0x00, 0x3c, 0x05,
	u8(0x00), 0x00, 0x10, 0x4b, 0x00, 0x00, 0x00, 0x3c, 0x05, 0x00, 0x00, 0x10, 0x4c, 0x00, 0x00, 0x00,
	u8(0x3c), 0x05, 0x00, 0x00, 0x10, 0x4d, 0x00, 0x00, 0x00, 0x3c, 0x05, 0x00, 0x00, 0x10, 0x4e, 0x00,
	u8(0x00), 0x00, 0x3c, 0x05, 0x00, 0x00, 0x10, 0x4f, 0x00, 0x00, 0x00, 0x3c, 0x05, 0x00, 0x00, 0x00,
	u8(0x40), 0x03, 0x02, 0x2c, 0x00, 0x00, 0x00, 0x06, 0x3d, 0x70, 0x00, 0x00, 0x03, 0x02, 0xa3, 0x02,
	u8(0x00), 0x00, 0x06, 0x95, 0x70, 0x00, 0x00, 0x03, 0x02, 0xa3, 0x02, 0x00, 0x00, 0x0f, 0x01, 0x00,
	u8(0x00), 0x00, 0x01, 0x00, 0x00, 0x00, 0x01, 0x00, 0x00, 0x00, 0xaa, 0x00, 0x00, 0x00, 0x03, 0x07,
	u8(0x07), 0x00, 0x00, 0x00, 0x12, 0x07, 0x03, 0x02, 0xa3, 0x02, 0x00, 0x00, 0x0f, 0x01, 0x00, 0x00,
	u8(0x00), 0x01, 0x00, 0x00, 0x00, 0x01, 0x00, 0x00, 0x00, 0x9f, 0x01, 0x00, 0x00, 0x03, 0x07, 0x08,
	u8(0x00), 0x00, 0x00, 0x12, 0x07, 0x03, 0x02, 0xa3, 0x02, 0x00, 0x00, 0x0f, 0x01, 0x00, 0x00, 0x00,
	u8(0x01), 0x00, 0x00, 0x00, 0x01, 0x00, 0x00, 0x00, 0xc5, 0x01, 0x00, 0x00, 0x03, 0x07, 0x05, 0x00,
	u8(0x00), 0x00, 0x12, 0x07, 0x03, 0x02, 0xa3, 0x02, 0x00, 0x00, 0x0f, 0x01, 0x00, 0x00, 0x00, 0x01,
	u8(0x00), 0x00, 0x00, 0x01, 0x00, 0x00, 0x00, 0x3c, 0x02, 0x00, 0x00, 0x03, 0x07, 0x15, 0x00, 0x00,
	u8(0x00), 0x12, 0x07, 0x03, 0x02, 0xa3, 0x02, 0x00, 0x00, 0x0f, 0x05, 0x00, 0x00, 0x00, 0x01, 0x00,
	u8(0x00), 0x00, 0xff, 0xff, 0xff, 0xff, 0x95, 0x04, 0x00, 0x00, 0x00, 0x50, 0x03, 0x02, 0x52, 0x02,
	u8(0x00), 0x00, 0x0f, 0x06, 0x00, 0x00, 0x00, 0x01, 0x00, 0x00, 0x00, 0xff, 0xff, 0xff, 0xff, 0x95,
	u8(0x04), 0x00, 0x00, 0x00, 0x50, 0x03, 0x02, 0x5d, 0x02, 0x00, 0x00, 0x11, 0x40, 0x00, 0x00, 0x00,
	u8(0x84), 0x04, 0x00, 0x00, 0x0f, 0x00, 0x00, 0x00, 0x00, 0x00, 0x00, 0x00, 0x00, 0xff, 0xff, 0xff,
	u8(0xff), 0x95, 0x04, 0x00, 0x00, 0x00, 0x06, 0x11, 0x50, 0x00, 0x00, 0x00, 0x5b, 0x05, 0x00, 0x00,
	u8(0x11), 0x51, 0x00, 0x00, 0x00, 0x5b, 0x05, 0x00, 0x00, 0x00, 0x60, 0x0f, 0x07, 0x00, 0x00, 0x00,
	u8(0x00), 0x00, 0x00, 0x00, 0xff, 0xff, 0xff, 0xff, 0xbc, 0x04, 0x00, 0x00, 0x0f, 0x01, 0x00, 0x00,
	u8(0x00), 0x01, 0x00, 0x00, 0x00, 0xff, 0xff, 0xff, 0xff, 0xa3, 0x02, 0x00, 0x00, 0x03, 0x07, 0x06,
	u8(0x00), 0x00, 0x00, 0x12, 0x07, 0x03, 0x02, 0xa3, 0x02, 0x00, 0x00, 0x0f, 0x00, 0x00, 0x00, 0x00,
	u8(0x01), 0x00, 0x00, 0x00, 0xff, 0xff, 0xff, 0xff, 0x95, 0x04, 0x00, 0x00, 0x00, 0x50, 0x03, 0x02,
	u8(0x79), 0x02, 0x00, 0x00, 0x00, 0x06, 0x0f, 0x04, 0x00, 0x00, 0x00, 0x00, 0x00, 0x00, 0x00, 0xff,
	u8(0xff), 0xff, 0xff, 0x07, 0x05, 0x00, 0x00, 0x10, 0x52, 0x00, 0x00, 0x00, 0x84, 0x05, 0x00, 0x00,
	u8(0x03), 0x02, 0x8e, 0x02, 0x00, 0x00, 0x04, 0x00, 0x01, 0x00, 0x00, 0x00, 0x03, 0x02, 0x00, 0x00,
	u8(0x00), 0x00, 0x03, 0x06, 0x01, 0x00, 0x00, 0x00, 0x12, 0x06, 0x03, 0x02, 0xa3, 0x02, 0x00, 0x00,
	u8(0x04), 0x00, 0x01, 0x00, 0x00, 0x00, 0x03, 0x02, 0xdd, 0x02, 0x00, 0x00, 0x0f, 0x01, 0x00, 0x00,
	u8(0x00), 0x01, 0x00, 0x00, 0x00, 0x01, 0x00, 0x00, 0x00, 0xaf, 0x03, 0x00, 0x00, 0x03, 0x07, 0x09,
	u8(0x00), 0x00, 0x00, 0x12, 0x07, 0x03, 0x02, 0xa3, 0x02, 0x00, 0x00, 0x10, 0x53, 0x00, 0x00, 0x00,
	u8(0x6d), 0x05, 0x00, 0x00, 0x10, 0x3d, 0x00, 0x00, 0x00, 0x6d, 0x05, 0x00, 0x00, 0x0f, 0x00, 0x00,
	u8(0x00), 0x00, 0x01, 0x00, 0x00, 0x00, 0xff, 0xff, 0xff, 0xff, 0xab, 0x04, 0x00, 0x00, 0x03, 0x02,
	u8(0xa9), 0x04, 0x00, 0x00, 0x00, 0x07, 0x00, 0x51, 0x00, 0x60, 0x03, 0x06, 0x02, 0x00, 0x00, 0x00,
	u8(0x12), 0x06, 0x00, 0x70, 0x03, 0x02, 0xa3, 0x02, 0x00, 0x00, 0x00, 0x03, 0x0e, 0x55, 0x09, 0x00,
	u8(0x00), 0x03, 0x04, 0x00, 0x00, 0x00, 0x00, 0x12, 0x04, 0x00, 0x04, 0x10, 0x00, 0x00, 0x00, 0x00,
	u8(0x56), 0x09, 0x00, 0x00, 0x10, 0x01, 0x00, 0x00, 0x00, 0x6a, 0x09, 0x00, 0x00, 0x10, 0x02, 0x00,
	u8(0x00), 0x00, 0x9b, 0x09, 0x00, 0x00, 0x10, 0x03, 0x00, 0x00, 0x00, 0x44, 0x0a, 0x00, 0x00, 0x10,
	u8(0x04), 0x00, 0x00, 0x00, 0x4f, 0x0a, 0x00, 0x00, 0x10, 0x05, 0x00, 0x00, 0x00, 0x5a, 0x0a, 0x00,
	u8(0x00), 0x10, 0x06, 0x00, 0x00, 0x00, 0x5a, 0x0a, 0x00, 0x00, 0x10, 0x54, 0x00, 0x00, 0x00, 0x5a,
	u8(0x0a), 0x00, 0x00, 0x10, 0x55, 0x00, 0x00, 0x00, 0x5a, 0x0a, 0x00, 0x00, 0x10, 0x56, 0x00, 0x00,
	u8(0x00), 0x5a, 0x0a, 0x00, 0x00, 0x10, 0x57, 0x00, 0x00, 0x00, 0x5a, 0x0a, 0x00, 0x00, 0x10, 0x07,
	u8(0x00), 0x00, 0x00, 0x5a, 0x0a, 0x00, 0x00, 0x10, 0x08, 0x00, 0x00, 0x00, 0x5a, 0x0a, 0x00, 0x00,
	u8(0x10), 0x09, 0x00, 0x00, 0x00, 0x5a, 0x0a, 0x00, 0x00, 0x10, 0x0a, 0x00, 0x00, 0x00, 0x5a, 0x0a,
	u8(0x00), 0x00, 0x10, 0x0b, 0x00, 0x00, 0x00, 0x5a, 0x0a, 0x00, 0x00, 0x10, 0x0c, 0x00, 0x00, 0x00,
	u8(0x5a), 0x0a, 0x00, 0x00, 0x10, 0x0d, 0x00, 0x00, 0x00, 0x5a, 0x0a, 0x00, 0x00, 0x10, 0x0e, 0x00,
	u8(0x00), 0x00, 0x5a, 0x0a, 0x00, 0x00, 0x10, 0x0f, 0x00, 0x00, 0x00, 0x5a, 0x0a, 0x00, 0x00, 0x10,
	u8(0x58), 0x00, 0x00, 0x00, 0x5a, 0x0a, 0x00, 0x00, 0x10, 0x59, 0x00, 0x00, 0x00, 0x5a, 0x0a, 0x00,
	u8(0x00), 0x10, 0x10, 0x00, 0x00, 0x00, 0x5a, 0x0a, 0x00, 0x00, 0x00, 0x40, 0x10, 0x11, 0x00, 0x00,
	u8(0x00), 0x79, 0x0a, 0x00, 0x00, 0x10, 0x12, 0x00, 0x00, 0x00, 0x79, 0x0a, 0x00, 0x00, 0x10, 0x5a,
	u8(0x00), 0x00, 0x00, 0x79, 0x0a, 0x00, 0x00, 0x10, 0x5b, 0x00, 0x00, 0x00, 0x79, 0x0a, 0x00, 0x00,
	u8(0x10), 0x5c, 0x00, 0x00, 0x00, 0x79, 0x0a, 0x00, 0x00, 0x10, 0x14, 0x00, 0x00, 0x00, 0x79, 0x0a,
	u8(0x00), 0x00, 0x10, 0x5d, 0x00, 0x00, 0x00, 0x79, 0x0a, 0x00, 0x00, 0x10, 0x5e, 0x00, 0x00, 0x00,
	u8(0x79), 0x0a, 0x00, 0x00, 0x10, 0x15, 0x00, 0x00, 0x00, 0x79, 0x0a, 0x00, 0x00, 0x10, 0x5f, 0x00,
	u8(0x00), 0x00, 0x79, 0x0a, 0x00, 0x00, 0x10, 0x60, 0x00, 0x00, 0x00, 0x79, 0x0a, 0x00, 0x00, 0x10,
	u8(0x61), 0x00, 0x00, 0x00, 0x79, 0x0a, 0x00, 0x00, 0x10, 0x16, 0x00, 0x00, 0x00, 0x79, 0x0a, 0x00,
	u8(0x00), 0x10, 0x62, 0x00, 0x00, 0x00, 0x79, 0x0a, 0x00, 0x00, 0x10, 0x63, 0x00, 0x00, 0x00, 0x79,
	u8(0x0a), 0x00, 0x00, 0x10, 0x17, 0x00, 0x00, 0x00, 0x79, 0x0a, 0x00, 0x00, 0x10, 0x64, 0x00, 0x00,
	u8(0x00), 0x79, 0x0a, 0x00, 0x00, 0x10, 0x65, 0x00, 0x00, 0x00, 0x79, 0x0a, 0x00, 0x00, 0x10, 0x18,
	u8(0x00), 0x00, 0x00, 0x79, 0x0a, 0x00, 0x00, 0x10, 0x66, 0x00, 0x00, 0x00, 0x79, 0x0a, 0x00, 0x00,
	u8(0x10), 0x67, 0x00, 0x00, 0x00, 0x79, 0x0a, 0x00, 0x00, 0x10, 0x68, 0x00, 0x00, 0x00, 0x79, 0x0a,
	u8(0x00), 0x00, 0x10, 0x69, 0x00, 0x00, 0x00, 0x79, 0x0a, 0x00, 0x00, 0x10, 0x6a, 0x00, 0x00, 0x00,
	u8(0x79), 0x0a, 0x00, 0x00, 0x10, 0x6b, 0x00, 0x00, 0x00, 0x79, 0x0a, 0x00, 0x00, 0x10, 0x6c, 0x00,
	u8(0x00), 0x00, 0x79, 0x0a, 0x00, 0x00, 0x10, 0x6d, 0x00, 0x00, 0x00, 0x79, 0x0a, 0x00, 0x00, 0x10,
	u8(0x6e), 0x00, 0x00, 0x00, 0x79, 0x0a, 0x00, 0x00, 0x10, 0x19, 0x00, 0x00, 0x00, 0x79, 0x0a, 0x00,
	u8(0x00), 0x10, 0x6f, 0x00, 0x00, 0x00, 0x79, 0x0a, 0x00, 0x00, 0x10, 0x70, 0x00, 0x00, 0x00, 0x79,
	u8(0x0a), 0x00, 0x00, 0x10, 0x1b, 0x00, 0x00, 0x00, 0x79, 0x0a, 0x00, 0x00, 0x10, 0x1c, 0x00, 0x00,
	u8(0x00), 0x79, 0x0a, 0x00, 0x00, 0x10, 0x71, 0x00, 0x00, 0x00, 0x79, 0x0a, 0x00, 0x00, 0x10, 0x1d,
	u8(0x00), 0x00, 0x00, 0x79, 0x0a, 0x00, 0x00, 0x10, 0x1e, 0x00, 0x00, 0x00, 0x79, 0x0a, 0x00, 0x00,
	u8(0x10), 0x72, 0x00, 0x00, 0x00, 0x79, 0x0a, 0x00, 0x00, 0x10, 0x73, 0x00, 0x00, 0x00, 0x79, 0x0a,
	u8(0x00), 0x00, 0x10, 0x1f, 0x00, 0x00, 0x00, 0x79, 0x0a, 0x00, 0x00, 0x10, 0x20, 0x00, 0x00, 0x00,
	u8(0x79), 0x0a, 0x00, 0x00, 0x10, 0x74, 0x00, 0x00, 0x00, 0x79, 0x0a, 0x00, 0x00, 0x10, 0x75, 0x00,
	u8(0x00), 0x00, 0x79, 0x0a, 0x00, 0x00, 0x10, 0x23, 0x00, 0x00, 0x00, 0x79, 0x0a, 0x00, 0x00, 0x10,
	u8(0x76), 0x00, 0x00, 0x00, 0x79, 0x0a, 0x00, 0x00, 0x10, 0x77, 0x00, 0x00, 0x00, 0x79, 0x0a, 0x00,
	u8(0x00), 0x10, 0x24, 0x00, 0x00, 0x00, 0x79, 0x0a, 0x00, 0x00, 0x00, 0x40, 0x10, 0x2c, 0x00, 0x00,
	u8(0x00), 0x98, 0x0a, 0x00, 0x00, 0x10, 0x2d, 0x00, 0x00, 0x00, 0x98, 0x0a, 0x00, 0x00, 0x10, 0x2e,
	u8(0x00), 0x00, 0x00, 0x98, 0x0a, 0x00, 0x00, 0x10, 0x2f, 0x00, 0x00, 0x00, 0x98, 0x0a, 0x00, 0x00,
	u8(0x00), 0x40, 0x10, 0x13, 0x00, 0x00, 0x00, 0xb7, 0x0a, 0x00, 0x00, 0x10, 0x30, 0x00, 0x00, 0x00,
	u8(0xb7), 0x0a, 0x00, 0x00, 0x10, 0x78, 0x00, 0x00, 0x00, 0xb7, 0x0a, 0x00, 0x00, 0x10, 0x79, 0x00,
	u8(0x00), 0x00, 0xb7, 0x0a, 0x00, 0x00, 0x10, 0x7a, 0x00, 0x00, 0x00, 0xb7, 0x0a, 0x00, 0x00, 0x10,
	u8(0x31), 0x00, 0x00, 0x00, 0xb7, 0x0a, 0x00, 0x00, 0x10, 0x32, 0x00, 0x00, 0x00, 0xb7, 0x0a, 0x00,
	u8(0x00), 0x10, 0x33, 0x00, 0x00, 0x00, 0xb7, 0x0a, 0x00, 0x00, 0x10, 0x34, 0x00, 0x00, 0x00, 0xb7,
	u8(0x0a), 0x00, 0x00, 0x10, 0x35, 0x00, 0x00, 0x00, 0xb7, 0x0a, 0x00, 0x00, 0x10, 0x36, 0x00, 0x00,
	u8(0x00), 0xb7, 0x0a, 0x00, 0x00, 0x10, 0x37, 0x00, 0x00, 0x00, 0xb7, 0x0a, 0x00, 0x00, 0x10, 0x38,
	u8(0x00), 0x00, 0x00, 0xb7, 0x0a, 0x00, 0x00, 0x10, 0x39, 0x00, 0x00, 0x00, 0xb7, 0x0a, 0x00, 0x00,
	u8(0x10), 0x7b, 0x00, 0x00, 0x00, 0xb7, 0x0a, 0x00, 0x00, 0x00, 0x40, 0x11, 0x3d, 0x00, 0x00, 0x00,
	u8(0xd4), 0x08, 0x00, 0x00, 0x00, 0x05, 0x11, 0x3e, 0x00, 0x00, 0x00, 0xd6, 0x0a, 0x00, 0x00, 0x00,
	u8(0x05), 0x11, 0x3f, 0x00, 0x00, 0x00, 0xef, 0x0a, 0x00, 0x00, 0x0f, 0x00, 0x00, 0x00, 0x00, 0x01,
	u8(0x00), 0x00, 0x00, 0xff, 0xff, 0xff, 0xff, 0x08, 0x0b, 0x00, 0x00, 0x00, 0x05, 0x11, 0x40, 0x00,
	u8(0x00), 0x00, 0x68, 0x0b, 0x00, 0x00, 0x00, 0x40, 0x00, 0x05, 0x0f, 0x01, 0x00, 0x00, 0x00, 0x01,
	u8(0x00), 0x00, 0x00, 0xff, 0xff, 0xff, 0xff, 0x81, 0x0b, 0x00, 0x00, 0x00, 0x40, 0x0f, 0x01, 0x00,
	u8(0x00), 0x00, 0x01, 0x00, 0x00, 0x00, 0xff, 0xff, 0xff, 0xff, 0x30, 0x09, 0x00, 0x00, 0x00, 0x40,
	u8(0x03), 0x05, 0x00, 0x00, 0x00, 0x00, 0x12, 0x05, 0x0f, 0x02, 0x00, 0x00, 0x00, 0x01, 0x00, 0x00,
	u8(0x00), 0xff, 0xff, 0xff, 0xff, 0x49, 0x09, 0x00, 0x00, 0x08, 0x30, 0xa3, 0x0b, 0x00, 0x00, 0x03,
	u8(0x02), 0x9a, 0x05, 0x00, 0x00, 0x07, 0x03, 0x00, 0xff, 0xff, 0xff, 0xff, 0x03, 0x05, 0x01, 0x00,
	u8(0x00), 0x00, 0x12, 0x05, 0x03, 0x02, 0x30, 0x09, 0x00, 0x00, 0x00, 0x05, 0x03, 0x06, 0x01, 0x00,
	u8(0x00), 0x00, 0x12, 0x06, 0x13, 0x10, 0x41, 0x00, 0x00, 0x00, 0xaf, 0x0b, 0x00, 0x00, 0x0f, 0x03,
	u8(0x00), 0x00, 0x00, 0x01, 0x00, 0x00, 0x00, 0xff, 0xff, 0xff, 0xff, 0x8f, 0x09, 0x00, 0x00, 0x08,
	u8(0x50), 0xbd, 0x0b, 0x00, 0x00, 0x03, 0x02, 0x6a, 0x09, 0x00, 0x00, 0x0f, 0x04, 0x00, 0x00, 0x00,
	u8(0x00), 0x00, 0x00, 0x00, 0xff, 0xff, 0xff, 0xff, 0xac, 0x09, 0x00, 0x00, 0x10, 0x42, 0x00, 0x00,
	u8(0x00), 0xc9, 0x0b, 0x00, 0x00, 0x10, 0x43, 0x00, 0x00, 0x00, 0xc9, 0x0b, 0x00, 0x00, 0x10, 0x44,
	u8(0x00), 0x00, 0x00, 0xc9, 0x0b, 0x00, 0x00, 0x10, 0x45, 0x00, 0x00, 0x00, 0xc9, 0x0b, 0x00, 0x00,
	u8(0x10), 0x0a, 0x00, 0x00, 0x00, 0xc9, 0x0b, 0x00, 0x00, 0x10, 0x46, 0x00, 0x00, 0x00, 0xc9, 0x0b,
	u8(0x00), 0x00, 0x10, 0x47, 0x00, 0x00, 0x00, 0xc9, 0x0b, 0x00, 0x00, 0x10, 0x48, 0x00, 0x00, 0x00,
	u8(0xc9), 0x0b, 0x00, 0x00, 0x10, 0x49, 0x00, 0x00, 0x00, 0xc9, 0x0b, 0x00, 0x00, 0x10, 0x4a, 0x00,
	u8(0x00), 0x00, 0xc9, 0x0b, 0x00, 0x00, 0x10, 0x0d, 0x00, 0x00, 0x00, 0xc9, 0x0b, 0x00, 0x00, 0x10,
	u8(0x4b), 0x00, 0x00, 0x00, 0xc9, 0x0b, 0x00, 0x00, 0x10, 0x4c, 0x00, 0x00, 0x00, 0xc9, 0x0b, 0x00,
	u8(0x00), 0x10, 0x4d, 0x00, 0x00, 0x00, 0xc9, 0x0b, 0x00, 0x00, 0x10, 0x4e, 0x00, 0x00, 0x00, 0xc9,
	u8(0x0b), 0x00, 0x00, 0x10, 0x4f, 0x00, 0x00, 0x00, 0xc9, 0x0b, 0x00, 0x00, 0x00, 0x40, 0x03, 0x02,
	u8(0xc6), 0x05, 0x00, 0x00, 0x06, 0x3d, 0x70, 0x00, 0x00, 0x03, 0x02, 0x30, 0x09, 0x00, 0x00, 0x06,
	u8(0x95), 0x70, 0x00, 0x00, 0x03, 0x02, 0x30, 0x09, 0x00, 0x00, 0x0f, 0x01, 0x00, 0x00, 0x00, 0x01,
	u8(0x00), 0x00, 0x00, 0x01, 0x00, 0x00, 0x00, 0x7a, 0x06, 0x00, 0x00, 0x03, 0x07, 0x07, 0x00, 0x00,
	u8(0x00), 0x12, 0x07, 0x03, 0x02, 0x30, 0x09, 0x00, 0x00, 0x0f, 0x01, 0x00, 0x00, 0x00, 0x01, 0x00,
	u8(0x00), 0x00, 0x01, 0x00, 0x00, 0x00, 0x1a, 0x08, 0x00, 0x00, 0x03, 0x07, 0x08, 0x00, 0x00, 0x00,
	u8(0x12), 0x07, 0x03, 0x02, 0x30, 0x09, 0x00, 0x00, 0x0f, 0x01, 0x00, 0x00, 0x00, 0x01, 0x00, 0x00,
	u8(0x00), 0x01, 0x00, 0x00, 0x00, 0x40, 0x08, 0x00, 0x00, 0x03, 0x07, 0x05, 0x00, 0x00, 0x00, 0x12,
	u8(0x07), 0x03, 0x02, 0x30, 0x09, 0x00, 0x00, 0x0f, 0x01, 0x00, 0x00, 0x00, 0x01, 0x00, 0x00, 0x00,
	u8(0x01), 0x00, 0x00, 0x00, 0xc9, 0x08, 0x00, 0x00, 0x03, 0x07, 0x15, 0x00, 0x00, 0x00, 0x12, 0x07,
	u8(0x03), 0x02, 0x30, 0x09, 0x00, 0x00, 0x0f, 0x05, 0x00, 0x00, 0x00, 0x01, 0x00, 0x00, 0x00, 0xff,
	u8(0xff), 0xff, 0xff, 0x22, 0x0b, 0x00, 0x00, 0x00, 0x50, 0x03, 0x02, 0xdf, 0x08, 0x00, 0x00, 0x0f,
	u8(0x06), 0x00, 0x00, 0x00, 0x01, 0x00, 0x00, 0x00, 0xff, 0xff, 0xff, 0xff, 0x22, 0x0b, 0x00, 0x00,
	u8(0x00), 0x50, 0x03, 0x02, 0xea, 0x08, 0x00, 0x00, 0x11, 0x40, 0x00, 0x00, 0x00, 0x11, 0x0b, 0x00,
	u8(0x00), 0x0f, 0x00, 0x00, 0x00, 0x00, 0x00, 0x00, 0x00, 0x00, 0xff, 0xff, 0xff, 0xff, 0x22, 0x0b,
	u8(0x00), 0x00, 0x00, 0x06, 0x11, 0x50, 0x00, 0x00, 0x00, 0xe8, 0x0b, 0x00, 0x00, 0x11, 0x51, 0x00,
	u8(0x00), 0x00, 0xe8, 0x0b, 0x00, 0x00, 0x00, 0x60, 0x0f, 0x08, 0x00, 0x00, 0x00, 0x00, 0x00, 0x00,
	u8(0x00), 0xff, 0xff, 0xff, 0xff, 0x49, 0x0b, 0x00, 0x00, 0x0f, 0x01, 0x00, 0x00, 0x00, 0x01, 0x00,
	u8(0x00), 0x00, 0xff, 0xff, 0xff, 0xff, 0x30, 0x09, 0x00, 0x00, 0x03, 0x07, 0x06, 0x00, 0x00, 0x00,
	u8(0x12), 0x07, 0x03, 0x02, 0x30, 0x09, 0x00, 0x00, 0x0f, 0x00, 0x00, 0x00, 0x00, 0x01, 0x00, 0x00,
	u8(0x00), 0xff, 0xff, 0xff, 0xff, 0x22, 0x0b, 0x00, 0x00, 0x00, 0x50, 0x03, 0x02, 0x06, 0x09, 0x00,
	u8(0x00), 0x00, 0x06, 0x0f, 0x04, 0x00, 0x00, 0x00, 0x00, 0x00, 0x00, 0x00, 0xff, 0xff, 0xff, 0xff,
	u8(0x94), 0x0b, 0x00, 0x00, 0x10, 0x52, 0x00, 0x00, 0x00, 0x11, 0x0c, 0x00, 0x00, 0x03, 0x02, 0x1b,
	u8(0x09), 0x00, 0x00, 0x04, 0x00, 0x01, 0x00, 0x00, 0x00, 0x03, 0x02, 0x9a, 0x05, 0x00, 0x00, 0x03,
	u8(0x06), 0x01, 0x00, 0x00, 0x00, 0x12, 0x06, 0x03, 0x02, 0x30, 0x09, 0x00, 0x00, 0x04, 0x00, 0x01,
	u8(0x00), 0x00, 0x00, 0x03, 0x02, 0x6a, 0x09, 0x00, 0x00, 0x0f, 0x01, 0x00, 0x00, 0x00, 0x01, 0x00,
	u8(0x00), 0x00, 0x01, 0x00, 0x00, 0x00, 0x3c, 0x0a, 0x00, 0x00, 0x03, 0x07, 0x09, 0x00, 0x00, 0x00,
	u8(0x12), 0x07, 0x03, 0x02, 0x30, 0x09, 0x00, 0x00, 0x10, 0x53, 0x00, 0x00, 0x00, 0xfa, 0x0b, 0x00,
	u8(0x00), 0x10, 0x3d, 0x00, 0x00, 0x00, 0xfa, 0x0b, 0x00, 0x00, 0x0f, 0x00, 0x00, 0x00, 0x00, 0x01,
	u8(0x00), 0x00, 0x00, 0xff, 0xff, 0xff, 0xff, 0x38, 0x0b, 0x00, 0x00, 0x03, 0x02, 0x36, 0x0b, 0x00,
	u8(0x00), 0x00, 0x07, 0x00, 0x51, 0x00, 0x60, 0x03, 0x06, 0x02, 0x00, 0x00, 0x00, 0x12, 0x06, 0x00,
	u8(0x70), 0x03, 0x02, 0x30, 0x09, 0x00, 0x00, 0x00, 0x03, 0x0f, 0x04, 0x00, 0x00, 0x00, 0x00, 0x00,
	u8(0x00), 0x00, 0xff, 0xff, 0xff, 0xff, 0x3a, 0x0c, 0x00, 0x00, 0x10, 0x02, 0x00, 0x00, 0x00, 0x29,
	u8(0x11), 0x00, 0x00, 0x00, 0x30, 0x00, 0x04, 0x0e, 0xb5, 0x11, 0x00, 0x00, 0x03, 0x05, 0x00, 0x00,
	u8(0x00), 0x00, 0x12, 0x05, 0x00, 0x05, 0x10, 0x00, 0x00, 0x00, 0x00, 0xb6, 0x11, 0x00, 0x00, 0x10,
	u8(0x01), 0x00, 0x00, 0x00, 0xca, 0x11, 0x00, 0x00, 0x0f, 0x09, 0x00, 0x00, 0x00, 0x00, 0x00, 0x00,
	u8(0x00), 0xff, 0xff, 0xff, 0xff, 0x79, 0x0c, 0x00, 0x00, 0x10, 0x7c, 0x00, 0x00, 0x00, 0xfb, 0x11,
	u8(0x00), 0x00, 0x00, 0x50, 0x10, 0x7d, 0x00, 0x00, 0x00, 0x8d, 0x0c, 0x00, 0x00, 0x10, 0x7e, 0x00,
	u8(0x00), 0x00, 0x2c, 0x12, 0x00, 0x00, 0x00, 0x50, 0x10, 0x7d, 0x00, 0x00, 0x00, 0xa1, 0x0c, 0x00,
	u8(0x00), 0x10, 0x04, 0x00, 0x00, 0x00, 0x44, 0x12, 0x00, 0x00, 0x00, 0x50, 0x10, 0x03, 0x00, 0x00,
	u8(0x00), 0x4f, 0x12, 0x00, 0x00, 0x00, 0x50, 0x10, 0x7f, 0x00, 0x00, 0x00, 0x5a, 0x12, 0x00, 0x00,
	u8(0x00), 0x50, 0x10, 0x05, 0x00, 0x00, 0x00, 0x73, 0x12, 0x00, 0x00, 0x10, 0x06, 0x00, 0x00, 0x00,
	u8(0x73), 0x12, 0x00, 0x00, 0x10, 0x54, 0x00, 0x00, 0x00, 0x73, 0x12, 0x00, 0x00, 0x10, 0x07, 0x00,
	u8(0x00), 0x00, 0x73, 0x12, 0x00, 0x00, 0x10, 0x08, 0x00, 0x00, 0x00, 0x73, 0x12, 0x00, 0x00, 0x10,
	u8(0x09), 0x00, 0x00, 0x00, 0x73, 0x12, 0x00, 0x00, 0x10, 0x0a, 0x00, 0x00, 0x00, 0x73, 0x12, 0x00,
	u8(0x00), 0x10, 0x80, 0x00, 0x00, 0x00, 0x73, 0x12, 0x00, 0x00, 0x10, 0x81, 0x00, 0x00, 0x00, 0x73,
	u8(0x12), 0x00, 0x00, 0x10, 0x0b, 0x00, 0x00, 0x00, 0x73, 0x12, 0x00, 0x00, 0x10, 0x0c, 0x00, 0x00,
	u8(0x00), 0x73, 0x12, 0x00, 0x00, 0x10, 0x0d, 0x00, 0x00, 0x00, 0x73, 0x12, 0x00, 0x00, 0x10, 0x0e,
	u8(0x00), 0x00, 0x00, 0x73, 0x12, 0x00, 0x00, 0x10, 0x0f, 0x00, 0x00, 0x00, 0x73, 0x12, 0x00, 0x00,
	u8(0x10), 0x58, 0x00, 0x00, 0x00, 0x73, 0x12, 0x00, 0x00, 0x10, 0x59, 0x00, 0x00, 0x00, 0x73, 0x12,
	u8(0x00), 0x00, 0x10, 0x10, 0x00, 0x00, 0x00, 0x73, 0x12, 0x00, 0x00, 0x10, 0x82, 0x00, 0x00, 0x00,
	u8(0x73), 0x12, 0x00, 0x00, 0x00, 0x50, 0x10, 0x83, 0x00, 0x00, 0x00, 0x92, 0x12, 0x00, 0x00, 0x10,
	u8(0x84), 0x00, 0x00, 0x00, 0x92, 0x12, 0x00, 0x00, 0x10, 0x85, 0x00, 0x00, 0x00, 0x92, 0x12, 0x00,
	u8(0x00), 0x10, 0x86, 0x00, 0x00, 0x00, 0x92, 0x12, 0x00, 0x00, 0x10, 0x87, 0x00, 0x00, 0x00, 0x92,
	u8(0x12), 0x00, 0x00, 0x10, 0x88, 0x00, 0x00, 0x00, 0x92, 0x12, 0x00, 0x00, 0x10, 0x89, 0x00, 0x00,
	u8(0x00), 0x92, 0x12, 0x00, 0x00, 0x10, 0x5a, 0x00, 0x00, 0x00, 0x92, 0x12, 0x00, 0x00, 0x10, 0x15,
	u8(0x00), 0x00, 0x00, 0x92, 0x12, 0x00, 0x00, 0x10, 0x8a, 0x00, 0x00, 0x00, 0x92, 0x12, 0x00, 0x00,
	u8(0x10), 0x8b, 0x00, 0x00, 0x00, 0x92, 0x12, 0x00, 0x00, 0x10, 0x16, 0x00, 0x00, 0x00, 0x92, 0x12,
	u8(0x00), 0x00, 0x10, 0x8c, 0x00, 0x00, 0x00, 0x92, 0x12, 0x00, 0x00, 0x10, 0x62, 0x00, 0x00, 0x00,
	u8(0x92), 0x12, 0x00, 0x00, 0x10, 0x17, 0x00, 0x00, 0x00, 0x92, 0x12, 0x00, 0x00, 0x10, 0x8d, 0x00,
	u8(0x00), 0x00, 0x92, 0x12, 0x00, 0x00, 0x10, 0x8e, 0x00, 0x00, 0x00, 0x92, 0x12, 0x00, 0x00, 0x10,
	u8(0x8f), 0x00, 0x00, 0x00, 0x92, 0x12, 0x00, 0x00, 0x10, 0x90, 0x00, 0x00, 0x00, 0x92, 0x12, 0x00,
	u8(0x00), 0x10, 0x91, 0x00, 0x00, 0x00, 0x92, 0x12, 0x00, 0x00, 0x10, 0x92, 0x00, 0x00, 0x00, 0x92,
	u8(0x12), 0x00, 0x00, 0x10, 0x93, 0x00, 0x00, 0x00, 0x92, 0x12, 0x00, 0x00, 0x10, 0x94, 0x00, 0x00,
	u8(0x00), 0x92, 0x12, 0x00, 0x00, 0x10, 0x95, 0x00, 0x00, 0x00, 0x92, 0x12, 0x00, 0x00, 0x10, 0x96,
	u8(0x00), 0x00, 0x00, 0x92, 0x12, 0x00, 0x00, 0x10, 0x97, 0x00, 0x00, 0x00, 0x92, 0x12, 0x00, 0x00,
	u8(0x10), 0x98, 0x00, 0x00, 0x00, 0x92, 0x12, 0x00, 0x00, 0x10, 0x99, 0x00, 0x00, 0x00, 0x92, 0x12,
	u8(0x00), 0x00, 0x10, 0x9a, 0x00, 0x00, 0x00, 0x92, 0x12, 0x00, 0x00, 0x10, 0x9b, 0x00, 0x00, 0x00,
	u8(0x92), 0x12, 0x00, 0x00, 0x10, 0x9c, 0x00, 0x00, 0x00, 0x92, 0x12, 0x00, 0x00, 0x10, 0x9d, 0x00,
	u8(0x00), 0x00, 0x92, 0x12, 0x00, 0x00, 0x10, 0x67, 0x00, 0x00, 0x00, 0x92, 0x12, 0x00, 0x00, 0x10,
	u8(0x68), 0x00, 0x00, 0x00, 0x92, 0x12, 0x00, 0x00, 0x10, 0x9e, 0x00, 0x00, 0x00, 0x92, 0x12, 0x00,
	u8(0x00), 0x10, 0x9f, 0x00, 0x00, 0x00, 0x92, 0x12, 0x00, 0x00, 0x10, 0x6a, 0x00, 0x00, 0x00, 0x92,
	u8(0x12), 0x00, 0x00, 0x10, 0xa0, 0x00, 0x00, 0x00, 0x92, 0x12, 0x00, 0x00, 0x10, 0xa1, 0x00, 0x00,
	u8(0x00), 0x92, 0x12, 0x00, 0x00, 0x10, 0xa2, 0x00, 0x00, 0x00, 0x92, 0x12, 0x00, 0x00, 0x10, 0x6b,
	u8(0x00), 0x00, 0x00, 0x92, 0x12, 0x00, 0x00, 0x10, 0xa3, 0x00, 0x00, 0x00, 0x92, 0x12, 0x00, 0x00,
	u8(0x10), 0xa4, 0x00, 0x00, 0x00, 0x92, 0x12, 0x00, 0x00, 0x10, 0x6c, 0x00, 0x00, 0x00, 0x92, 0x12,
	u8(0x00), 0x00, 0x10, 0x6d, 0x00, 0x00, 0x00, 0x92, 0x12, 0x00, 0x00, 0x10, 0x6e, 0x00, 0x00, 0x00,
	u8(0x92), 0x12, 0x00, 0x00, 0x10, 0xa5, 0x00, 0x00, 0x00, 0x92, 0x12, 0x00, 0x00, 0x10, 0xa6, 0x00,
	u8(0x00), 0x00, 0x92, 0x12, 0x00, 0x00, 0x10, 0xa7, 0x00, 0x00, 0x00, 0x92, 0x12, 0x00, 0x00, 0x10,
	u8(0xa8), 0x00, 0x00, 0x00, 0x92, 0x12, 0x00, 0x00, 0x10, 0xa9, 0x00, 0x00, 0x00, 0x92, 0x12, 0x00,
	u8(0x00), 0x10, 0xaa, 0x00, 0x00, 0x00, 0x92, 0x12, 0x00, 0x00, 0x10, 0xab, 0x00, 0x00, 0x00, 0x92,
	u8(0x12), 0x00, 0x00, 0x10, 0xac, 0x00, 0x00, 0x00, 0x92, 0x12, 0x00, 0x00, 0x10, 0x1b, 0x00, 0x00,
	u8(0x00), 0x92, 0x12, 0x00, 0x00, 0x10, 0xad, 0x00, 0x00, 0x00, 0x92, 0x12, 0x00, 0x00, 0x10, 0x1d,
	u8(0x00), 0x00, 0x00, 0x92, 0x12, 0x00, 0x00, 0x10, 0x1e, 0x00, 0x00, 0x00, 0x92, 0x12, 0x00, 0x00,
	u8(0x10), 0x73, 0x00, 0x00, 0x00, 0x92, 0x12, 0x00, 0x00, 0x10, 0x22, 0x00, 0x00, 0x00, 0x92, 0x12,
	u8(0x00), 0x00, 0x10, 0xae, 0x00, 0x00, 0x00, 0x92, 0x12, 0x00, 0x00, 0x10, 0xaf, 0x00, 0x00, 0x00,
	u8(0x92), 0x12, 0x00, 0x00, 0x10, 0xb0, 0x00, 0x00, 0x00, 0x92, 0x12, 0x00, 0x00, 0x10, 0x76, 0x00,
	u8(0x00), 0x00, 0x92, 0x12, 0x00, 0x00, 0x10, 0xb1, 0x00, 0x00, 0x00, 0x92, 0x12, 0x00, 0x00, 0x10,
	u8(0x77), 0x00, 0x00, 0x00, 0x92, 0x12, 0x00, 0x00, 0x10, 0x24, 0x00, 0x00, 0x00, 0x92, 0x12, 0x00,
	u8(0x00), 0x10, 0xb2, 0x00, 0x00, 0x00, 0x92, 0x12, 0x00, 0x00, 0x10, 0xb3, 0x00, 0x00, 0x00, 0x92,
	u8(0x12), 0x00, 0x00, 0x10, 0xb4, 0x00, 0x00, 0x00, 0x92, 0x12, 0x00, 0x00, 0x00, 0x50, 0x10, 0x2c,
	u8(0x00), 0x00, 0x00, 0xb1, 0x12, 0x00, 0x00, 0x10, 0x2d, 0x00, 0x00, 0x00, 0xb1, 0x12, 0x00, 0x00,
	u8(0x10), 0xb5, 0x00, 0x00, 0x00, 0xb1, 0x12, 0x00, 0x00, 0x00, 0x50, 0x10, 0x30, 0x00, 0x00, 0x00,
	u8(0xd0), 0x12, 0x00, 0x00, 0x10, 0xb6, 0x00, 0x00, 0x00, 0xd0, 0x12, 0x00, 0x00, 0x10, 0x31, 0x00,
	u8(0x00), 0x00, 0xd0, 0x12, 0x00, 0x00, 0x10, 0xb7, 0x00, 0x00, 0x00, 0xd0, 0x12, 0x00, 0x00, 0x10,
	u8(0x32), 0x00, 0x00, 0x00, 0xd0, 0x12, 0x00, 0x00, 0x10, 0x33, 0x00, 0x00, 0x00, 0xd0, 0x12, 0x00,
	u8(0x00), 0x10, 0x34, 0x00, 0x00, 0x00, 0xd0, 0x12, 0x00, 0x00, 0x10, 0x35, 0x00, 0x00, 0x00, 0xd0,
	u8(0x12), 0x00, 0x00, 0x10, 0xb8, 0x00, 0x00, 0x00, 0xd0, 0x12, 0x00, 0x00, 0x10, 0xb9, 0x00, 0x00,
	u8(0x00), 0xd0, 0x12, 0x00, 0x00, 0x10, 0xba, 0x00, 0x00, 0x00, 0xd0, 0x12, 0x00, 0x00, 0x10, 0xbb,
	u8(0x00), 0x00, 0x00, 0xd0, 0x12, 0x00, 0x00, 0x10, 0x36, 0x00, 0x00, 0x00, 0xd0, 0x12, 0x00, 0x00,
	u8(0x10), 0xbc, 0x00, 0x00, 0x00, 0xd0, 0x12, 0x00, 0x00, 0x10, 0xbd, 0x00, 0x00, 0x00, 0xd0, 0x12,
	u8(0x00), 0x00, 0x10, 0xbe, 0x00, 0x00, 0x00, 0xd0, 0x12, 0x00, 0x00, 0x10, 0xbf, 0x00, 0x00, 0x00,
	u8(0xd0), 0x12, 0x00, 0x00, 0x10, 0x39, 0x00, 0x00, 0x00, 0xd0, 0x12, 0x00, 0x00, 0x00, 0x50, 0x11,
	u8(0x3d), 0x00, 0x00, 0x00, 0xa8, 0x10, 0x00, 0x00, 0x00, 0x08, 0x11, 0x3e, 0x00, 0x00, 0x00, 0xef,
	u8(0x12), 0x00, 0x00, 0x00, 0x08, 0x11, 0x3f, 0x00, 0x00, 0x00, 0x08, 0x13, 0x00, 0x00, 0x0f, 0x0a,
	u8(0x00), 0x00, 0x00, 0x01, 0x00, 0x00, 0x00, 0xff, 0xff, 0xff, 0xff, 0x21, 0x13, 0x00, 0x00, 0x00,
	u8(0x08), 0x11, 0x40, 0x00, 0x00, 0x00, 0x76, 0x13, 0x00, 0x00, 0x00, 0x50, 0x00, 0x08, 0x0f, 0x01,
	u8(0x00), 0x00, 0x00, 0x01, 0x00, 0x00, 0x00, 0xff, 0xff, 0xff, 0xff, 0x8f, 0x13, 0x00, 0x00, 0x00,
	u8(0x50), 0x0f, 0x01, 0x00, 0x00, 0x00, 0x01, 0x00, 0x00, 0x00, 0xff, 0xff, 0xff, 0xff, 0x04, 0x11,
	u8(0x00), 0x00, 0x00, 0x50, 0x03, 0x06, 0x00, 0x00, 0x00, 0x00, 0x12, 0x06, 0x0f, 0x0b, 0x00, 0x00,
	u8(0x00), 0x01, 0x00, 0x00, 0x00, 0xff, 0xff, 0xff, 0xff, 0x1d, 0x11, 0x00, 0x00, 0x08, 0x40, 0xb1,
	u8(0x13), 0x00, 0x00, 0x03, 0x02, 0x45, 0x0c, 0x00, 0x00, 0x0f, 0x04, 0x00, 0x00, 0x00, 0x00, 0x00,
	u8(0x00), 0x00, 0xff, 0xff, 0xff, 0xff, 0x3a, 0x11, 0x00, 0x00, 0x10, 0x42, 0x00, 0x00, 0x00, 0xbd,
	u8(0x13), 0x00, 0x00, 0x10, 0x45, 0x00, 0x00, 0x00, 0xbd, 0x13, 0x00, 0x00, 0x10, 0x0a, 0x00, 0x00,
	u8(0x00), 0xbd, 0x13, 0x00, 0x00, 0x10, 0x47, 0x00, 0x00, 0x00, 0xbd, 0x13, 0x00, 0x00, 0x10, 0xc0,
	u8(0x00), 0x00, 0x00, 0xbd, 0x13, 0x00, 0x00, 0x10, 0x48, 0x00, 0x00, 0x00, 0xbd, 0x13, 0x00, 0x00,
	u8(0x10), 0x0d, 0x00, 0x00, 0x00, 0xbd, 0x13, 0x00, 0x00, 0x10, 0x4c, 0x00, 0x00, 0x00, 0xbd, 0x13,
	u8(0x00), 0x00, 0x10, 0xc1, 0x00, 0x00, 0x00, 0xbd, 0x13, 0x00, 0x00, 0x10, 0x4d, 0x00, 0x00, 0x00,
	u8(0xbd), 0x13, 0x00, 0x00, 0x10, 0xc2, 0x00, 0x00, 0x00, 0xbd, 0x13, 0x00, 0x00, 0x10, 0x4e, 0x00,
	u8(0x00), 0x00, 0xbd, 0x13, 0x00, 0x00, 0x10, 0x4f, 0x00, 0x00, 0x00, 0xbd, 0x13, 0x00, 0x00, 0x03,
	u8(0x02), 0x43, 0x0c, 0x00, 0x00, 0x07, 0x03, 0x00, 0xff, 0xff, 0xff, 0xff, 0x03, 0x06, 0x01, 0x00,
	u8(0x00), 0x00, 0x12, 0x06, 0x03, 0x02, 0x04, 0x11, 0x00, 0x00, 0x00, 0x06, 0x03, 0x07, 0x01, 0x00,
	u8(0x00), 0x00, 0x12, 0x07, 0x13, 0x10, 0x41, 0x00, 0x00, 0x00, 0xdd, 0x13, 0x00, 0x00, 0x0f, 0x03,
	u8(0x00), 0x00, 0x00, 0x01, 0x00, 0x00, 0x00, 0xff, 0xff, 0xff, 0xff, 0xef, 0x11, 0x00, 0x00, 0x08,
	u8(0x60), 0xeb, 0x13, 0x00, 0x00, 0x03, 0x02, 0xca, 0x11, 0x00, 0x00, 0x00, 0x06, 0x03, 0x07, 0x03,
	u8(0x00), 0x00, 0x00, 0x12, 0x07, 0x10, 0x7c, 0x00, 0x00, 0x00, 0xf7, 0x13, 0x00, 0x00, 0x13, 0x0f,
	u8(0x0c), 0x00, 0x00, 0x00, 0x01, 0x00, 0x00, 0x00, 0xff, 0xff, 0xff, 0xff, 0x20, 0x12, 0x00, 0x00,
	u8(0x08), 0x60, 0x05, 0x14, 0x00, 0x00, 0x03, 0x02, 0xfb, 0x11, 0x00, 0x00, 0x10, 0x7d, 0x00, 0x00,
	u8(0x00), 0x35, 0x12, 0x00, 0x00, 0x10, 0x04, 0x00, 0x00, 0x00, 0x11, 0x14, 0x00, 0x00, 0x03, 0x02,
	u8(0x96), 0x0c, 0x00, 0x00, 0x06, 0x95, 0x70, 0x00, 0x00, 0x03, 0x02, 0x04, 0x11, 0x00, 0x00, 0x06,
	u8(0x3d), 0x70, 0x00, 0x00, 0x03, 0x02, 0x04, 0x11, 0x00, 0x00, 0x00, 0x06, 0x0f, 0x0d, 0x00, 0x00,
	u8(0x00), 0x01, 0x00, 0x00, 0x00, 0x01, 0x00, 0x00, 0x00, 0x4b, 0x14, 0x00, 0x00, 0x03, 0x02, 0xc0,
	u8(0x0c), 0x00, 0x00, 0x0f, 0x01, 0x00, 0x00, 0x00, 0x01, 0x00, 0x00, 0x00, 0x01, 0x00, 0x00, 0x00,
	u8(0x64), 0x0d, 0x00, 0x00, 0x03, 0x06, 0x07, 0x00, 0x00, 0x00, 0x12, 0x06, 0x03, 0x02, 0x04, 0x11,
	u8(0x00), 0x00, 0x0f, 0x01, 0x00, 0x00, 0x00, 0x01, 0x00, 0x00, 0x00, 0x01, 0x00, 0x00, 0x00, 0xdc,
	u8(0x0f), 0x00, 0x00, 0x03, 0x06, 0x08, 0x00, 0x00, 0x00, 0x12, 0x06, 0x03, 0x02, 0x04, 0x11, 0x00,
	u8(0x00), 0x0f, 0x01, 0x00, 0x00, 0x00, 0x01, 0x00, 0x00, 0x00, 0x01, 0x00, 0x00, 0x00, 0xf9, 0x0f,
	u8(0x00), 0x00, 0x03, 0x06, 0x05, 0x00, 0x00, 0x00, 0x12, 0x06, 0x03, 0x02, 0x04, 0x11, 0x00, 0x00,
	u8(0x0f), 0x01, 0x00, 0x00, 0x00, 0x01, 0x00, 0x00, 0x00, 0x01, 0x00, 0x00, 0x00, 0x9d, 0x10, 0x00,
	u8(0x00), 0x03, 0x06, 0x15, 0x00, 0x00, 0x00, 0x12, 0x06, 0x03, 0x02, 0x04, 0x11, 0x00, 0x00, 0x0f,
	u8(0x0e), 0x00, 0x00, 0x00, 0x01, 0x00, 0x00, 0x00, 0xff, 0xff, 0xff, 0xff, 0x3b, 0x13, 0x00, 0x00,
	u8(0x00), 0x80, 0x03, 0x02, 0xb3, 0x10, 0x00, 0x00, 0x0f, 0x0f, 0x00, 0x00, 0x00, 0x01, 0x00, 0x00,
	u8(0x00), 0xff, 0xff, 0xff, 0xff, 0x3b, 0x13, 0x00, 0x00, 0x00, 0x80, 0x03, 0x02, 0xbe, 0x10, 0x00,
	u8(0x00), 0x11, 0x40, 0x00, 0x00, 0x00, 0x2a, 0x13, 0x00, 0x00, 0x0f, 0x0a, 0x00, 0x00, 0x00, 0x00,
	u8(0x00), 0x00, 0x00, 0xff, 0xff, 0xff, 0xff, 0x3b, 0x13, 0x00, 0x00, 0x00, 0x07, 0x11, 0x50, 0x00,
	u8(0x00), 0x00, 0x74, 0x14, 0x00, 0x00, 0x0f, 0x10, 0x00, 0x00, 0x00, 0x00, 0x00, 0x00, 0x00, 0x02,
	u8(0x00), 0x00, 0x00, 0x57, 0x13, 0x00, 0x00, 0x0f, 0x01, 0x00, 0x00, 0x00, 0x01, 0x00, 0x00, 0x00,
	u8(0xff), 0xff, 0xff, 0xff, 0x04, 0x11, 0x00, 0x00, 0x03, 0x06, 0x06, 0x00, 0x00, 0x00, 0x12, 0x06,
	u8(0x03), 0x02, 0x04, 0x11, 0x00, 0x00, 0x0f, 0x0a, 0x00, 0x00, 0x00, 0x01, 0x00, 0x00, 0x00, 0xff,
	u8(0xff), 0xff, 0xff, 0x3b, 0x13, 0x00, 0x00, 0x00, 0x80, 0x03, 0x02, 0xda, 0x10, 0x00, 0x00, 0x00,
	u8(0x07), 0x0f, 0x04, 0x00, 0x00, 0x00, 0x00, 0x00, 0x00, 0x00, 0xff, 0xff, 0xff, 0xff, 0xa2, 0x13,
	u8(0x00), 0x00, 0x10, 0x52, 0x00, 0x00, 0x00, 0x9f, 0x14, 0x00, 0x00, 0x03, 0x02, 0xef, 0x10, 0x00,
	u8(0x00), 0x04, 0x00, 0x01, 0x00, 0x00, 0x00, 0x03, 0x02, 0x45, 0x0c, 0x00, 0x00, 0x0f, 0x01, 0x00,
	u8(0x00), 0x00, 0x01, 0x00, 0x00, 0x00, 0x01, 0x00, 0x00, 0x00, 0x43, 0x0c, 0x00, 0x00, 0x03, 0x00,
	u8(0xff), 0xff, 0xff, 0xff, 0x03, 0x05, 0x09, 0x00, 0x00, 0x00, 0x12, 0x05, 0x07, 0x03, 0x07, 0x01,
	u8(0x00), 0x00, 0x00, 0x12, 0x07, 0x03, 0x02, 0x04, 0x11, 0x00, 0x00, 0x04, 0x00, 0x01, 0x00, 0x00,
	u8(0x00), 0x03, 0x02, 0xca, 0x11, 0x00, 0x00, 0x03, 0x07, 0x03, 0x00, 0x00, 0x00, 0x12, 0x07, 0x03,
	u8(0x02), 0x04, 0x11, 0x00, 0x00, 0x04, 0x00, 0x01, 0x00, 0x00, 0x00, 0x03, 0x02, 0xfb, 0x11, 0x00,
	u8(0x00), 0x00, 0x06, 0x03, 0x07, 0x03, 0x00, 0x00, 0x00, 0x12, 0x07, 0x10, 0xc3, 0x00, 0x00, 0x00,
	u8(0x2d), 0x14, 0x00, 0x00, 0x10, 0x04, 0x00, 0x00, 0x00, 0xb5, 0x14, 0x00, 0x00, 0x13, 0x0f, 0x0c,
	u8(0x00), 0x00, 0x00, 0x01, 0x00, 0x00, 0x00, 0xff, 0xff, 0xff, 0xff, 0x3f, 0x14, 0x00, 0x00, 0x08,
	u8(0x60), 0xc3, 0x14, 0x00, 0x00, 0x03, 0x02, 0x11, 0x14, 0x00, 0x00, 0x0f, 0x01, 0x00, 0x00, 0x00,
	u8(0x00), 0x00, 0x00, 0x00, 0xff, 0xff, 0xff, 0xff, 0x5c, 0x14, 0x00, 0x00, 0x00, 0x07, 0x00, 0x08,
	u8(0x00), 0x61, 0x00, 0x70, 0x03, 0x07, 0x14, 0x00, 0x00, 0x00, 0x12, 0x07, 0x00, 0x80, 0x03, 0x02,
	u8(0x04), 0x11, 0x00, 0x00, 0x10, 0x53, 0x00, 0x00, 0x00, 0x86, 0x14, 0x00, 0x00, 0x10, 0x3d, 0x00,
	u8(0x00), 0x00, 0x86, 0x14, 0x00, 0x00, 0x0f, 0x0a, 0x00, 0x00, 0x00, 0x01, 0x00, 0x00, 0x00, 0xff,
	u8(0xff), 0xff, 0xff, 0x46, 0x13, 0x00, 0x00, 0x00, 0x70, 0x03, 0x02, 0x46, 0x13, 0x00, 0x00, 0x00,
	u8(0x06), 0x00, 0x81, 0x00, 0x70, 0x03, 0x07, 0x02, 0x00, 0x00, 0x00, 0x12, 0x07, 0x00, 0x60, 0x03,
	u8(0x02), 0x04, 0x11, 0x00, 0x00, 0x03, 0x06, 0x03, 0x00, 0x00, 0x00, 0x12, 0x06, 0x03, 0x02, 0x04,
	u8(0x11), 0x00, 0x00, 0x04, 0x00, 0x01, 0x00, 0x00, 0x00, 0x03, 0x02, 0x11, 0x14, 0x00, 0x00, 0x00,
	u8(0x03), 0x10, 0xc4, 0x00, 0x00, 0x00, 0x05, 0x15, 0x00, 0x00, 0x10, 0xc5, 0x00, 0x00, 0x00, 0x05,
	u8(0x15), 0x00, 0x00, 0x10, 0xc6, 0x00, 0x00, 0x00, 0x05, 0x15, 0x00, 0x00, 0x00, 0x30, 0x10, 0x3d,
	u8(0x00), 0x00, 0x00, 0x14, 0x15, 0x00, 0x00, 0x00, 0x30, 0x10, 0x53, 0x00, 0x00, 0x00, 0x23, 0x15,
	u8(0x00), 0x00, 0x00, 0x30, 0x07, 0x03, 0x00, 0xff, 0xff, 0xff, 0xff, 0x03, 0x04, 0x13, 0x00, 0x00,
	u8(0x00), 0x12, 0x04, 0x07, 0x03, 0x00, 0xff, 0xff, 0xff, 0xff, 0x03, 0x04, 0x0c, 0x00, 0x00, 0x00,
	u8(0x12), 0x04, 0x07, 0x03, 0x00, 0xff, 0xff, 0xff, 0xff, 0x03, 0x04, 0x0e, 0x00, 0x00, 0x00, 0x12,
	u8(0x04), 0x07, 0x00, 0x03, 0x0f, 0x04, 0x00, 0x00, 0x00, 0x00, 0x00, 0x00, 0x00, 0xff, 0xff, 0xff,
	u8(0xff), 0x45, 0x15, 0x00, 0x00, 0x10, 0x02, 0x00, 0x00, 0x00, 0xb1, 0x19, 0x00, 0x00, 0x00, 0x30,
	u8(0x00), 0x04, 0x0e, 0x23, 0x1a, 0x00, 0x00, 0x03, 0x05, 0x00, 0x00, 0x00, 0x00, 0x12, 0x05, 0x00,
	u8(0x05), 0x10, 0x00, 0x00, 0x00, 0x00, 0x24, 0x1a, 0x00, 0x00, 0x10, 0xc7, 0x00, 0x00, 0x00, 0x38,
	u8(0x1a), 0x00, 0x00, 0x0f, 0x09, 0x00, 0x00, 0x00, 0x00, 0x00, 0x00, 0x00, 0xff, 0xff, 0xff, 0xff,
	u8(0x84), 0x15, 0x00, 0x00, 0x10, 0x7c, 0x00, 0x00, 0x00, 0x69, 0x1a, 0x00, 0x00, 0x00, 0x50, 0x10,
	u8(0x7d), 0x00, 0x00, 0x00, 0x98, 0x15, 0x00, 0x00, 0x10, 0xc8, 0x00, 0x00, 0x00, 0x9a, 0x1a, 0x00,
	u8(0x00), 0x00, 0x50, 0x10, 0x7d, 0x00, 0x00, 0x00, 0xac, 0x15, 0x00, 0x00, 0x10, 0x04, 0x00, 0x00,
	u8(0x00), 0xd4, 0x1a, 0x00, 0x00, 0x00, 0x50, 0x10, 0x03, 0x00, 0x00, 0x00, 0xdf, 0x1a, 0x00, 0x00,
	u8(0x00), 0x50, 0x10, 0xc9, 0x00, 0x00, 0x00, 0xfd, 0x1a, 0x00, 0x00, 0x00, 0x50, 0x10, 0xca, 0x00,
	u8(0x00), 0x00, 0x14, 0x1b, 0x00, 0x00, 0x00, 0x50, 0x10, 0x0d, 0x00, 0x00, 0x00, 0x2d, 0x1b, 0x00,
	u8(0x00), 0x10, 0xcb, 0x00, 0x00, 0x00, 0x2d, 0x1b, 0x00, 0x00, 0x10, 0x45, 0x00, 0x00, 0x00, 0x2d,
	u8(0x1b), 0x00, 0x00, 0x10, 0x0a, 0x00, 0x00, 0x00, 0x2d, 0x1b, 0x00, 0x00, 0x10, 0xcc, 0x00, 0x00,
	u8(0x00), 0x2d, 0x1b, 0x00, 0x00, 0x10, 0xb4, 0x00, 0x00, 0x00, 0x2d, 0x1b, 0x00, 0x00, 0x10, 0xcd,
	u8(0x00), 0x00, 0x00, 0x2d, 0x1b, 0x00, 0x00, 0x10, 0xce, 0x00, 0x00, 0x00, 0x2d, 0x1b, 0x00, 0x00,
	u8(0x10), 0x59, 0x00, 0x00, 0x00, 0x2d, 0x1b, 0x00, 0x00, 0x10, 0x80, 0x00, 0x00, 0x00, 0x2d, 0x1b,
	u8(0x00), 0x00, 0x10, 0x0b, 0x00, 0x00, 0x00, 0x2d, 0x1b, 0x00, 0x00, 0x10, 0xcf, 0x00, 0x00, 0x00,
	u8(0x2d), 0x1b, 0x00, 0x00, 0x10, 0xd0, 0x00, 0x00, 0x00, 0x2d, 0x1b, 0x00, 0x00, 0x10, 0x09, 0x00,
	u8(0x00), 0x00, 0x2d, 0x1b, 0x00, 0x00, 0x10, 0xd1, 0x00, 0x00, 0x00, 0x2d, 0x1b, 0x00, 0x00, 0x10,
	u8(0x10), 0x00, 0x00, 0x00, 0x2d, 0x1b, 0x00, 0x00, 0x10, 0x0e, 0x00, 0x00, 0x00, 0x2d, 0x1b, 0x00,
	u8(0x00), 0x10, 0x82, 0x00, 0x00, 0x00, 0x2d, 0x1b, 0x00, 0x00, 0x10, 0xd2, 0x00, 0x00, 0x00, 0x2d,
	u8(0x1b), 0x00, 0x00, 0x10, 0xd3, 0x00, 0x00, 0x00, 0x2d, 0x1b, 0x00, 0x00, 0x10, 0x98, 0x00, 0x00,
	u8(0x00), 0x2d, 0x1b, 0x00, 0x00, 0x00, 0x50, 0x10, 0x83, 0x00, 0x00, 0x00, 0x4c, 0x1b, 0x00, 0x00,
	u8(0x10), 0x84, 0x00, 0x00, 0x00, 0x4c, 0x1b, 0x00, 0x00, 0x10, 0xd4, 0x00, 0x00, 0x00, 0x4c, 0x1b,
	u8(0x00), 0x00, 0x10, 0x86, 0x00, 0x00, 0x00, 0x4c, 0x1b, 0x00, 0x00, 0x10, 0x88, 0x00, 0x00, 0x00,
	u8(0x4c), 0x1b, 0x00, 0x00, 0x10, 0x5a, 0x00, 0x00, 0x00, 0x4c, 0x1b, 0x00, 0x00, 0x10, 0x08, 0x00,
	u8(0x00), 0x00, 0x4c, 0x1b, 0x00, 0x00, 0x10, 0x8a, 0x00, 0x00, 0x00, 0x4c, 0x1b, 0x00, 0x00, 0x10,
	u8(0xd5), 0x00, 0x00, 0x00, 0x4c, 0x1b, 0x00, 0x00, 0x10, 0x16, 0x00, 0x00, 0x00, 0x4c, 0x1b, 0x00,
	u8(0x00), 0x10, 0xd6, 0x00, 0x00, 0x00, 0x4c, 0x1b, 0x00, 0x00, 0x10, 0x17, 0x00, 0x00, 0x00, 0x4c,
	u8(0x1b), 0x00, 0x00, 0x10, 0x91, 0x00, 0x00, 0x00, 0x4c, 0x1b, 0x00, 0x00, 0x10, 0xd7, 0x00, 0x00,
	u8(0x00), 0x4c, 0x1b, 0x00, 0x00, 0x10, 0x18, 0x00, 0x00, 0x00, 0x4c, 0x1b, 0x00, 0x00, 0x10, 0x95,
	u8(0x00), 0x00, 0x00, 0x4c, 0x1b, 0x00, 0x00, 0x10, 0x96, 0x00, 0x00, 0x00, 0x4c, 0x1b, 0x00, 0x00,
	u8(0x10), 0xd8, 0x00, 0x00, 0x00, 0x4c, 0x1b, 0x00, 0x00, 0x10, 0x9b, 0x00, 0x00, 0x00, 0x4c, 0x1b,
	u8(0x00), 0x00, 0x10, 0xd9, 0x00, 0x00, 0x00, 0x4c, 0x1b, 0x00, 0x00, 0x10, 0xda, 0x00, 0x00, 0x00,
	u8(0x4c), 0x1b, 0x00, 0x00, 0x10, 0x66, 0x00, 0x00, 0x00, 0x4c, 0x1b, 0x00, 0x00, 0x10, 0x67, 0x00,
	u8(0x00), 0x00, 0x4c, 0x1b, 0x00, 0x00, 0x10, 0x68, 0x00, 0x00, 0x00, 0x4c, 0x1b, 0x00, 0x00, 0x10,
	u8(0x9f), 0x00, 0x00, 0x00, 0x4c, 0x1b, 0x00, 0x00, 0x10, 0xdb, 0x00, 0x00, 0x00, 0x4c, 0x1b, 0x00,
	u8(0x00), 0x10, 0xdc, 0x00, 0x00, 0x00, 0x4c, 0x1b, 0x00, 0x00, 0x10, 0xa1, 0x00, 0x00, 0x00, 0x4c,
	u8(0x1b), 0x00, 0x00, 0x10, 0x6b, 0x00, 0x00, 0x00, 0x4c, 0x1b, 0x00, 0x00, 0x10, 0x6c, 0x00, 0x00,
	u8(0x00), 0x4c, 0x1b, 0x00, 0x00, 0x10, 0x6d, 0x00, 0x00, 0x00, 0x4c, 0x1b, 0x00, 0x00, 0x10, 0x6e,
	u8(0x00), 0x00, 0x00, 0x4c, 0x1b, 0x00, 0x00, 0x10, 0xdd, 0x00, 0x00, 0x00, 0x4c, 0x1b, 0x00, 0x00,
	u8(0x10), 0xde, 0x00, 0x00, 0x00, 0x4c, 0x1b, 0x00, 0x00, 0x10, 0x1d, 0x00, 0x00, 0x00, 0x4c, 0x1b,
	u8(0x00), 0x00, 0x10, 0x1e, 0x00, 0x00, 0x00, 0x4c, 0x1b, 0x00, 0x00, 0x10, 0xdf, 0x00, 0x00, 0x00,
	u8(0x4c), 0x1b, 0x00, 0x00, 0x10, 0xe0, 0x00, 0x00, 0x00, 0x4c, 0x1b, 0x00, 0x00, 0x10, 0xe1, 0x00,
	u8(0x00), 0x00, 0x4c, 0x1b, 0x00, 0x00, 0x10, 0xe2, 0x00, 0x00, 0x00, 0x4c, 0x1b, 0x00, 0x00, 0x10,
	u8(0xb2), 0x00, 0x00, 0x00, 0x4c, 0x1b, 0x00, 0x00, 0x00, 0x50, 0x10, 0x2c, 0x00, 0x00, 0x00, 0x6b,
	u8(0x1b), 0x00, 0x00, 0x10, 0x2d, 0x00, 0x00, 0x00, 0x6b, 0x1b, 0x00, 0x00, 0x10, 0xb5, 0x00, 0x00,
	u8(0x00), 0x6b, 0x1b, 0x00, 0x00, 0x00, 0x50, 0x10, 0xe3, 0x00, 0x00, 0x00, 0x8a, 0x1b, 0x00, 0x00,
	u8(0x10), 0x30, 0x00, 0x00, 0x00, 0x8a, 0x1b, 0x00, 0x00, 0x10, 0xb6, 0x00, 0x00, 0x00, 0x8a, 0x1b,
	u8(0x00), 0x00, 0x10, 0x31, 0x00, 0x00, 0x00, 0x8a, 0x1b, 0x00, 0x00, 0x10, 0xb7, 0x00, 0x00, 0x00,
	u8(0x8a), 0x1b, 0x00, 0x00, 0x10, 0x32, 0x00, 0x00, 0x00, 0x8a, 0x1b, 0x00, 0x00, 0x10, 0xe4, 0x00,
	u8(0x00), 0x00, 0x8a, 0x1b, 0x00, 0x00, 0x10, 0xe5, 0x00, 0x00, 0x00, 0x8a, 0x1b, 0x00, 0x00, 0x10,
	u8(0x33), 0x00, 0x00, 0x00, 0x8a, 0x1b, 0x00, 0x00, 0x10, 0xe6, 0x00, 0x00, 0x00, 0x8a, 0x1b, 0x00,
	u8(0x00), 0x10, 0xe7, 0x00, 0x00, 0x00, 0x8a, 0x1b, 0x00, 0x00, 0x10, 0xe8, 0x00, 0x00, 0x00, 0x8a,
	u8(0x1b), 0x00, 0x00, 0x10, 0xe9, 0x00, 0x00, 0x00, 0x8a, 0x1b, 0x00, 0x00, 0x10, 0x34, 0x00, 0x00,
	u8(0x00), 0x8a, 0x1b, 0x00, 0x00, 0x10, 0xea, 0x00, 0x00, 0x00, 0x8a, 0x1b, 0x00, 0x00, 0x10, 0xeb,
	u8(0x00), 0x00, 0x00, 0x8a, 0x1b, 0x00, 0x00, 0x10, 0xbb, 0x00, 0x00, 0x00, 0x8a, 0x1b, 0x00, 0x00,
	u8(0x10), 0xec, 0x00, 0x00, 0x00, 0x8a, 0x1b, 0x00, 0x00, 0x10, 0xbc, 0x00, 0x00, 0x00, 0x8a, 0x1b,
	u8(0x00), 0x00, 0x10, 0xed, 0x00, 0x00, 0x00, 0x8a, 0x1b, 0x00, 0x00, 0x10, 0xee, 0x00, 0x00, 0x00,
	u8(0x8a), 0x1b, 0x00, 0x00, 0x10, 0xef, 0x00, 0x00, 0x00, 0x8a, 0x1b, 0x00, 0x00, 0x10, 0xf0, 0x00,
	u8(0x00), 0x00, 0x8a, 0x1b, 0x00, 0x00, 0x10, 0xf1, 0x00, 0x00, 0x00, 0x8a, 0x1b, 0x00, 0x00, 0x10,
	u8(0xbd), 0x00, 0x00, 0x00, 0x8a, 0x1b, 0x00, 0x00, 0x10, 0xf2, 0x00, 0x00, 0x00, 0x8a, 0x1b, 0x00,
	u8(0x00), 0x10, 0x39, 0x00, 0x00, 0x00, 0x8a, 0x1b, 0x00, 0x00, 0x00, 0x50, 0x11, 0x3d, 0x00, 0x00,
	u8(0x00), 0x25, 0x19, 0x00, 0x00, 0x00, 0x08, 0x11, 0x3e, 0x00, 0x00, 0x00, 0xa9, 0x1b, 0x00, 0x00,
	u8(0x00), 0x08, 0x11, 0x3f, 0x00, 0x00, 0x00, 0xc2, 0x1b, 0x00, 0x00, 0x00, 0x08, 0x11, 0xf3, 0x00,
	u8(0x00), 0x00, 0xdb, 0x1b, 0x00, 0x00, 0x0f, 0x0a, 0x00, 0x00, 0x00, 0x01, 0x00, 0x00, 0x00, 0xff,
	u8(0xff), 0xff, 0xff, 0xf4, 0x1b, 0x00, 0x00, 0x00, 0x08, 0x11, 0x40, 0x00, 0x00, 0x00, 0x49, 0x1c,
	u8(0x00), 0x00, 0x00, 0x50, 0x00, 0x08, 0x0f, 0x01, 0x00, 0x00, 0x00, 0x01, 0x00, 0x00, 0x00, 0xff,
	u8(0xff), 0xff, 0xff, 0x62, 0x1c, 0x00, 0x00, 0x00, 0x50, 0x0f, 0x01, 0x00, 0x00, 0x00, 0x01, 0x00,
	u8(0x00), 0x00, 0xff, 0xff, 0xff, 0xff, 0x8c, 0x19, 0x00, 0x00, 0x00, 0x50, 0x03, 0x06, 0x00, 0x00,
	u8(0x00), 0x00, 0x12, 0x06, 0x0f, 0x11, 0x00, 0x00, 0x00, 0x01, 0x00, 0x00, 0x00, 0xff, 0xff, 0xff,
	u8(0xff), 0xa5, 0x19, 0x00, 0x00, 0x08, 0x40, 0x84, 0x1c, 0x00, 0x00, 0x03, 0x02, 0x50, 0x15, 0x00,
	u8(0x00), 0x10, 0x0d, 0x00, 0x00, 0x00, 0x90, 0x1c, 0x00, 0x00, 0x10, 0x0a, 0x00, 0x00, 0x00, 0x90,
	u8(0x1c), 0x00, 0x00, 0x10, 0x47, 0x00, 0x00, 0x00, 0x90, 0x1c, 0x00, 0x00, 0x10, 0xf4, 0x00, 0x00,
	u8(0x00), 0x90, 0x1c, 0x00, 0x00, 0x10, 0x4c, 0x00, 0x00, 0x00, 0x90, 0x1c, 0x00, 0x00, 0x10, 0xf5,
	u8(0x00), 0x00, 0x00, 0x90, 0x1c, 0x00, 0x00, 0x10, 0xf6, 0x00, 0x00, 0x00, 0x90, 0x1c, 0x00, 0x00,
	u8(0x10), 0xf7, 0x00, 0x00, 0x00, 0x90, 0x1c, 0x00, 0x00, 0x10, 0xf8, 0x00, 0x00, 0x00, 0x90, 0x1c,
	u8(0x00), 0x00, 0x10, 0xf9, 0x00, 0x00, 0x00, 0x90, 0x1c, 0x00, 0x00, 0x10, 0xfa, 0x00, 0x00, 0x00,
	u8(0x90), 0x1c, 0x00, 0x00, 0x10, 0xfb, 0x00, 0x00, 0x00, 0x90, 0x1c, 0x00, 0x00, 0x03, 0x02, 0x4e,
	u8(0x15), 0x00, 0x00, 0x07, 0x03, 0x00, 0xff, 0xff, 0xff, 0xff, 0x03, 0x06, 0x01, 0x00, 0x00, 0x00,
	u8(0x12), 0x06, 0x03, 0x02, 0x8c, 0x19, 0x00, 0x00, 0x00, 0x06, 0x03, 0x07, 0x01, 0x00, 0x00, 0x00,
	u8(0x12), 0x07, 0x13, 0x10, 0xfc, 0x00, 0x00, 0x00, 0xb0, 0x1c, 0x00, 0x00, 0x0f, 0x03, 0x00, 0x00,
	u8(0x00), 0x01, 0x00, 0x00, 0x00, 0xff, 0xff, 0xff, 0xff, 0x5d, 0x1a, 0x00, 0x00, 0x08, 0x60, 0xbe,
	u8(0x1c), 0x00, 0x00, 0x03, 0x02, 0x38, 0x1a, 0x00, 0x00, 0x00, 0x06, 0x03, 0x07, 0x03, 0x00, 0x00,
	u8(0x00), 0x12, 0x07, 0x10, 0x7c, 0x00, 0x00, 0x00, 0xca, 0x1c, 0x00, 0x00, 0x13, 0x0f, 0x0c, 0x00,
	u8(0x00), 0x00, 0x01, 0x00, 0x00, 0x00, 0xff, 0xff, 0xff, 0xff, 0x8e, 0x1a, 0x00, 0x00, 0x08, 0x60,
	u8(0xd8), 0x1c, 0x00, 0x00, 0x03, 0x02, 0x69, 0x1a, 0x00, 0x00, 0x00, 0x06, 0x03, 0x07, 0x03, 0x00,
	u8(0x00), 0x00, 0x12, 0x07, 0x10, 0xc3, 0x00, 0x00, 0x00, 0xb6, 0x1a, 0x00, 0x00, 0x10, 0x04, 0x00,
	u8(0x00), 0x00, 0xe4, 0x1c, 0x00, 0x00, 0x13, 0x0f, 0x0c, 0x00, 0x00, 0x00, 0x01, 0x00, 0x00, 0x00,
	u8(0xff), 0xff, 0xff, 0xff, 0xc8, 0x1a, 0x00, 0x00, 0x08, 0x60, 0xf2, 0x1c, 0x00, 0x00, 0x03, 0x02,
	u8(0x9a), 0x1a, 0x00, 0x00, 0x06, 0x95, 0x70, 0x00, 0x00, 0x03, 0x02, 0x8c, 0x19, 0x00, 0x00, 0x10,
	u8(0xfd), 0x00, 0x00, 0x00, 0xe8, 0x1a, 0x00, 0x00, 0x04, 0x00, 0x01, 0x00, 0x00, 0x00, 0x10, 0x03,
	u8(0x00), 0x00, 0x00, 0xfe, 0x1c, 0x00, 0x00, 0x03, 0x02, 0xc0, 0x15, 0x00, 0x00, 0x0f, 0x12, 0x00,
	u8(0x00), 0x00, 0x01, 0x00, 0x00, 0x00, 0xff, 0xff, 0xff, 0xff, 0x0c, 0x1d, 0x00, 0x00, 0x03, 0x02,
	u8(0xcb), 0x15, 0x00, 0x00, 0x00, 0x06, 0x0f, 0x0d, 0x00, 0x00, 0x00, 0x01, 0x00, 0x00, 0x00, 0x01,
	u8(0x00), 0x00, 0x00, 0x1b, 0x1d, 0x00, 0x00, 0x03, 0x02, 0xd6, 0x15, 0x00, 0x00, 0x0f, 0x01, 0x00,
	u8(0x00), 0x00, 0x01, 0x00, 0x00, 0x00, 0x01, 0x00, 0x00, 0x00, 0x95, 0x16, 0x00, 0x00, 0x03, 0x06,
	u8(0x07), 0x00, 0x00, 0x00, 0x12, 0x06, 0x03, 0x02, 0x8c, 0x19, 0x00, 0x00, 0x0f, 0x01, 0x00, 0x00,
	u8(0x00), 0x01, 0x00, 0x00, 0x00, 0x01, 0x00, 0x00, 0x00, 0x08, 0x18, 0x00, 0x00, 0x03, 0x06, 0x08,
	u8(0x00), 0x00, 0x00, 0x12, 0x06, 0x03, 0x02, 0x8c, 0x19, 0x00, 0x00, 0x0f, 0x01, 0x00, 0x00, 0x00,
	u8(0x01), 0x00, 0x00, 0x00, 0x01, 0x00, 0x00, 0x00, 0x25, 0x18, 0x00, 0x00, 0x03, 0x06, 0x05, 0x00,
	u8(0x00), 0x00, 0x12, 0x06, 0x03, 0x02, 0x8c, 0x19, 0x00, 0x00, 0x0f, 0x01, 0x00, 0x00, 0x00, 0x01,
	u8(0x00), 0x00, 0x00, 0x01, 0x00, 0x00, 0x00, 0x1a, 0x19, 0x00, 0x00, 0x03, 0x06, 0x15, 0x00, 0x00,
	u8(0x00), 0x12, 0x06, 0x03, 0x02, 0x8c, 0x19, 0x00, 0x00, 0x0f, 0x0e, 0x00, 0x00, 0x00, 0x01, 0x00,
	u8(0x00), 0x00, 0xff, 0xff, 0xff, 0xff, 0x0e, 0x1c, 0x00, 0x00, 0x00, 0x80, 0x03, 0x02, 0x30, 0x19,
	u8(0x00), 0x00, 0x0f, 0x0f, 0x00, 0x00, 0x00, 0x01, 0x00, 0x00, 0x00, 0xff, 0xff, 0xff, 0xff, 0x0e,
	u8(0x1c), 0x00, 0x00, 0x00, 0x80, 0x03, 0x02, 0x3b, 0x19, 0x00, 0x00, 0x0f, 0x13, 0x00, 0x00, 0x00,
	u8(0x01), 0x00, 0x00, 0x00, 0xff, 0xff, 0xff, 0xff, 0x0e, 0x1c, 0x00, 0x00, 0x00, 0x80, 0x03, 0x02,
	u8(0x46), 0x19, 0x00, 0x00, 0x11, 0x40, 0x00, 0x00, 0x00, 0xfd, 0x1b, 0x00, 0x00, 0x0f, 0x0a, 0x00,
	u8(0x00), 0x00, 0x00, 0x00, 0x00, 0x00, 0xff, 0xff, 0xff, 0xff, 0x0e, 0x1c, 0x00, 0x00, 0x00, 0x07,
	u8(0x11), 0x50, 0x00, 0x00, 0x00, 0x44, 0x1d, 0x00, 0x00, 0x0f, 0x14, 0x00, 0x00, 0x00, 0x00, 0x00,
	u8(0x00), 0x00, 0x02, 0x00, 0x00, 0x00, 0x2a, 0x1c, 0x00, 0x00, 0x0f, 0x01, 0x00, 0x00, 0x00, 0x01,
	u8(0x00), 0x00, 0x00, 0xff, 0xff, 0xff, 0xff, 0x8c, 0x19, 0x00, 0x00, 0x03, 0x06, 0x06, 0x00, 0x00,
	u8(0x00), 0x12, 0x06, 0x03, 0x02, 0x8c, 0x19, 0x00, 0x00, 0x0f, 0x0a, 0x00, 0x00, 0x00, 0x01, 0x00,
	u8(0x00), 0x00, 0xff, 0xff, 0xff, 0xff, 0x0e, 0x1c, 0x00, 0x00, 0x00, 0x80, 0x03, 0x02, 0x62, 0x19,
	u8(0x00), 0x00, 0x00, 0x07, 0x0f, 0x04, 0x00, 0x00, 0x00, 0x00, 0x00, 0x00, 0x00, 0xff, 0xff, 0xff,
	u8(0xff), 0x75, 0x1c, 0x00, 0x00, 0x10, 0x52, 0x00, 0x00, 0x00, 0x6f, 0x1d, 0x00, 0x00, 0x03, 0x02,
	u8(0x77), 0x19, 0x00, 0x00, 0x04, 0x00, 0x01, 0x00, 0x00, 0x00, 0x03, 0x02, 0x50, 0x15, 0x00, 0x00,
	u8(0x0f), 0x01, 0x00, 0x00, 0x00, 0x01, 0x00, 0x00, 0x00, 0x01, 0x00, 0x00, 0x00, 0x4e, 0x15, 0x00,
	u8(0x00), 0x03, 0x00, 0xff, 0xff, 0xff, 0xff, 0x03, 0x05, 0x09, 0x00, 0x00, 0x00, 0x12, 0x05, 0x07,
	u8(0x03), 0x07, 0x01, 0x00, 0x00, 0x00, 0x12, 0x07, 0x03, 0x02, 0x8c, 0x19, 0x00, 0x00, 0x04, 0x00,
	u8(0x01), 0x00, 0x00, 0x00, 0x03, 0x02, 0x38, 0x1a, 0x00, 0x00, 0x03, 0x07, 0x03, 0x00, 0x00, 0x00,
	u8(0x12), 0x07, 0x03, 0x02, 0x8c, 0x19, 0x00, 0x00, 0x04, 0x00, 0x01, 0x00, 0x00, 0x00, 0x03, 0x02,
	u8(0x69), 0x1a, 0x00, 0x00, 0x03, 0x06, 0x03, 0x00, 0x00, 0x00, 0x12, 0x06, 0x03, 0x02, 0x8c, 0x19,
	u8(0x00), 0x00, 0x04, 0x00, 0x01, 0x00, 0x00, 0x00, 0x03, 0x02, 0x9a, 0x1a, 0x00, 0x00, 0x03, 0x06,
	u8(0x03), 0x00, 0x00, 0x00, 0x12, 0x06, 0x03, 0x02, 0x8c, 0x19, 0x00, 0x00, 0x10, 0xc9, 0x00, 0x00,
	u8(0x00), 0x85, 0x1d, 0x00, 0x00, 0x03, 0x02, 0xcb, 0x15, 0x00, 0x00, 0x0f, 0x01, 0x00, 0x00, 0x00,
	u8(0x00), 0x00, 0x00, 0x00, 0xff, 0xff, 0xff, 0xff, 0x2c, 0x1d, 0x00, 0x00, 0x00, 0x07, 0x00, 0x08,
	u8(0x00), 0x61, 0x00, 0x70, 0x03, 0x07, 0x14, 0x00, 0x00, 0x00, 0x12, 0x07, 0x00, 0x80, 0x03, 0x02,
	u8(0x8c), 0x19, 0x00, 0x00, 0x10, 0x53, 0x00, 0x00, 0x00, 0x56, 0x1d, 0x00, 0x00, 0x10, 0x3d, 0x00,
	u8(0x00), 0x00, 0x56, 0x1d, 0x00, 0x00, 0x0f, 0x0a, 0x00, 0x00, 0x00, 0x01, 0x00, 0x00, 0x00, 0xff,
	u8(0xff), 0xff, 0xff, 0x19, 0x1c, 0x00, 0x00, 0x00, 0x70, 0x03, 0x02, 0x19, 0x1c, 0x00, 0x00, 0x00,
	u8(0x06), 0x00, 0x81, 0x00, 0x70, 0x03, 0x07, 0x02, 0x00, 0x00, 0x00, 0x12, 0x07, 0x00, 0x60, 0x03,
	u8(0x02), 0x8c, 0x19, 0x00, 0x00, 0x03, 0x06, 0x04, 0x00, 0x00, 0x00, 0x12, 0x06, 0x03, 0x02, 0x8c,
	u8(0x19), 0x00, 0x00, 0x10, 0x02, 0x00, 0x00, 0x00, 0xa6, 0x1d, 0x00, 0x00, 0x10, 0xfe, 0x00, 0x00,
	u8(0x00), 0xec, 0x1d, 0x00, 0x00, 0x07, 0x0f, 0x04, 0x00, 0x00, 0x00, 0x00, 0x00, 0x00, 0x00, 0xff,
	u8(0xff), 0xff, 0xff, 0xb7, 0x1d, 0x00, 0x00, 0x03, 0x03, 0x01, 0x00, 0x00, 0x00, 0x12, 0x03, 0x00,
	u8(0x03), 0x10, 0xff, 0x00, 0x00, 0x00, 0x25, 0x1e, 0x00, 0x00, 0x10, 0x00, 0x01, 0x00, 0x00, 0x25,
	u8(0x1e), 0x00, 0x00, 0x00, 0x30, 0x10, 0x01, 0x01, 0x00, 0x00, 0x34, 0x1e, 0x00, 0x00, 0x00, 0x30,
	u8(0x10), 0x02, 0x01, 0x00, 0x00, 0x43, 0x1e, 0x00, 0x00, 0x00, 0x30, 0x07, 0x03, 0x00, 0xff, 0xff,
	u8(0xff), 0xff, 0x03, 0x03, 0x13, 0x00, 0x00, 0x00, 0x12, 0x03, 0x00, 0x03, 0x13, 0x06, 0xcf, 0x14,
	u8(0x00), 0x00, 0x03, 0x00, 0xff, 0xff, 0xff, 0xff, 0x0f, 0x15, 0x00, 0x00, 0x00, 0x01, 0x00, 0x00,
	u8(0x00), 0xff, 0xff, 0xff, 0xff, 0x19, 0x1e, 0x00, 0x00, 0x08, 0x30, 0x52, 0x1e, 0x00, 0x00, 0x03,
	u8(0x02), 0xfa, 0x1d, 0x00, 0x00, 0x03, 0x00, 0xff, 0xff, 0xff, 0xff, 0x03, 0x04, 0x0b, 0x00, 0x00,
	u8(0x00), 0x12, 0x04, 0x07, 0x03, 0x00, 0xff, 0xff, 0xff, 0xff, 0x03, 0x04, 0x0c, 0x00, 0x00, 0x00,
	u8(0x12), 0x04, 0x07, 0x03, 0x00, 0xff, 0xff, 0xff, 0xff, 0x03, 0x04, 0x0e, 0x00, 0x00, 0x00, 0x12,
	u8(0x04), 0x07, 0x04, 0x00, 0x01, 0x00, 0x00, 0x00, 0x03, 0x02, 0xfa, 0x1d, 0x00, 0x00, 0x00, 0x03,
	u8(0x10), 0x02, 0x00, 0x00, 0x00, 0xfe, 0x1e, 0x00, 0x00, 0x10, 0x05, 0x00, 0x00, 0x00, 0x0d, 0x1f,
	u8(0x00), 0x00, 0x10, 0x03, 0x01, 0x00, 0x00, 0x0d, 0x1f, 0x00, 0x00, 0x10, 0x04, 0x01, 0x00, 0x00,
	u8(0x0d), 0x1f, 0x00, 0x00, 0x10, 0x05, 0x01, 0x00, 0x00, 0x0d, 0x1f, 0x00, 0x00, 0x00, 0x30, 0x10,
	u8(0x06), 0x01, 0x00, 0x00, 0x35, 0x1f, 0x00, 0x00, 0x10, 0x07, 0x01, 0x00, 0x00, 0x35, 0x1f, 0x00,
	u8(0x00), 0x10, 0x08, 0x01, 0x00, 0x00, 0x35, 0x1f, 0x00, 0x00, 0x10, 0x09, 0x01, 0x00, 0x00, 0x35,
	u8(0x1f), 0x00, 0x00, 0x10, 0x0a, 0x01, 0x00, 0x00, 0x35, 0x1f, 0x00, 0x00, 0x10, 0x0b, 0x01, 0x00,
	u8(0x00), 0x35, 0x1f, 0x00, 0x00, 0x10, 0x0c, 0x01, 0x00, 0x00, 0x35, 0x1f, 0x00, 0x00, 0x10, 0x50,
	u8(0x00), 0x00, 0x00, 0x35, 0x1f, 0x00, 0x00, 0x10, 0x0d, 0x01, 0x00, 0x00, 0x35, 0x1f, 0x00, 0x00,
	u8(0x10), 0x51, 0x00, 0x00, 0x00, 0x35, 0x1f, 0x00, 0x00, 0x10, 0xfa, 0x00, 0x00, 0x00, 0x35, 0x1f,
	u8(0x00), 0x00, 0x10, 0x0e, 0x01, 0x00, 0x00, 0x35, 0x1f, 0x00, 0x00, 0x00, 0x30, 0x07, 0x03, 0x00,
	u8(0xff), 0xff, 0xff, 0xff, 0x03, 0x04, 0x01, 0x00, 0x00, 0x00, 0x12, 0x04, 0x07, 0x0f, 0x01, 0x00,
	u8(0x00), 0x00, 0x01, 0x00, 0x00, 0x00, 0x01, 0x00, 0x00, 0x00, 0x8d, 0x1e, 0x00, 0x00, 0x03, 0x04,
	u8(0x07), 0x00, 0x00, 0x00, 0x12, 0x04, 0x03, 0x00, 0xff, 0xff, 0xff, 0xff, 0x03, 0x04, 0x01, 0x00,
	u8(0x00), 0x00, 0x12, 0x04, 0x07, 0x0f, 0x01, 0x00, 0x00, 0x00, 0x01, 0x00, 0x00, 0x00, 0x01, 0x00,
	u8(0x00), 0x00, 0xfb, 0x1e, 0x00, 0x00, 0x03, 0x04, 0x07, 0x00, 0x00, 0x00, 0x12, 0x04, 0x0f, 0x04,
	u8(0x00), 0x00, 0x00, 0x01, 0x00, 0x00, 0x00, 0xff, 0xff, 0xff, 0xff, 0x5f, 0x1f, 0x00, 0x00, 0x0f,
	u8(0x16), 0x00, 0x00, 0x00, 0x01, 0x00, 0x00, 0x00, 0xff, 0xff, 0xff, 0xff, 0x71, 0x1f, 0x00, 0x00,
	u8(0x07), 0x03, 0x04, 0x06, 0x00, 0x00, 0x00, 0x12, 0x04, 0x03, 0x00, 0xff, 0xff, 0xff, 0xff, 0x03,
	u8(0x04), 0x01, 0x00, 0x00, 0x00, 0x12, 0x04, 0x07, 0x00, 0x03, 0x0e, 0x2e, 0x22, 0x00, 0x00, 0x03,
	u8(0x04), 0x00, 0x00, 0x00, 0x00, 0x12, 0x04, 0x00, 0x04, 0x10, 0x00, 0x00, 0x00, 0x00, 0x2f, 0x22,
	u8(0x00), 0x00, 0x10, 0x01, 0x00, 0x00, 0x00, 0x43, 0x22, 0x00, 0x00, 0x10, 0x0f, 0x01, 0x00, 0x00,
	u8(0x74), 0x22, 0x00, 0x00, 0x10, 0x03, 0x00, 0x00, 0x00, 0xa5, 0x22, 0x00, 0x00, 0x10, 0x04, 0x00,
	u8(0x00), 0x00, 0xb0, 0x22, 0x00, 0x00, 0x10, 0x05, 0x00, 0x00, 0x00, 0xbb, 0x22, 0x00, 0x00, 0x10,
	u8(0x06), 0x00, 0x00, 0x00, 0xbb, 0x22, 0x00, 0x00, 0x10, 0x07, 0x00, 0x00, 0x00, 0xbb, 0x22, 0x00,
	u8(0x00), 0x10, 0x08, 0x00, 0x00, 0x00, 0xbb, 0x22, 0x00, 0x00, 0x10, 0x10, 0x01, 0x00, 0x00, 0xbb,
	u8(0x22), 0x00, 0x00, 0x10, 0x0a, 0x00, 0x00, 0x00, 0xbb, 0x22, 0x00, 0x00, 0x10, 0x11, 0x01, 0x00,
	u8(0x00), 0xbb, 0x22, 0x00, 0x00, 0x10, 0x0b, 0x00, 0x00, 0x00, 0xbb, 0x22, 0x00, 0x00, 0x10, 0x0c,
	u8(0x00), 0x00, 0x00, 0xbb, 0x22, 0x00, 0x00, 0x10, 0x12, 0x01, 0x00, 0x00, 0xbb, 0x22, 0x00, 0x00,
	u8(0x10), 0x0d, 0x00, 0x00, 0x00, 0xbb, 0x22, 0x00, 0x00, 0x10, 0x13, 0x01, 0x00, 0x00, 0xbb, 0x22,
	u8(0x00), 0x00, 0x10, 0x0e, 0x00, 0x00, 0x00, 0xbb, 0x22, 0x00, 0x00, 0x10, 0xab, 0x00, 0x00, 0x00,
	u8(0xbb), 0x22, 0x00, 0x00, 0x10, 0x0f, 0x00, 0x00, 0x00, 0xbb, 0x22, 0x00, 0x00, 0x00, 0x40, 0x10,
	u8(0x14), 0x01, 0x00, 0x00, 0xda, 0x22, 0x00, 0x00, 0x10, 0x15, 0x00, 0x00, 0x00, 0xda, 0x22, 0x00,
	u8(0x00), 0x10, 0x15, 0x01, 0x00, 0x00, 0xda, 0x22, 0x00, 0x00, 0x10, 0x16, 0x01, 0x00, 0x00, 0xda,
	u8(0x22), 0x00, 0x00, 0x10, 0x95, 0x00, 0x00, 0x00, 0xda, 0x22, 0x00, 0x00, 0x10, 0x17, 0x01, 0x00,
	u8(0x00), 0xda, 0x22, 0x00, 0x00, 0x10, 0x18, 0x01, 0x00, 0x00, 0xda, 0x22, 0x00, 0x00, 0x10, 0x1e,
	u8(0x00), 0x00, 0x00, 0xda, 0x22, 0x00, 0x00, 0x10, 0xdf, 0x00, 0x00, 0x00, 0xda, 0x22, 0x00, 0x00,
	u8(0x10), 0xb1, 0x00, 0x00, 0x00, 0xda, 0x22, 0x00, 0x00, 0x00, 0x40, 0x10, 0x2c, 0x00, 0x00, 0x00,
	u8(0xf9), 0x22, 0x00, 0x00, 0x10, 0x2d, 0x00, 0x00, 0x00, 0xf9, 0x22, 0x00, 0x00, 0x10, 0x19, 0x01,
	u8(0x00), 0x00, 0xf9, 0x22, 0x00, 0x00, 0x10, 0x1a, 0x01, 0x00, 0x00, 0xf9, 0x22, 0x00, 0x00, 0x00,
	u8(0x40), 0x10, 0x1b, 0x01, 0x00, 0x00, 0x18, 0x23, 0x00, 0x00, 0x10, 0x30, 0x00, 0x00, 0x00, 0x18,
	u8(0x23), 0x00, 0x00, 0x10, 0xb6, 0x00, 0x00, 0x00, 0x18, 0x23, 0x00, 0x00, 0x10, 0x1c, 0x01, 0x00,
	u8(0x00), 0x18, 0x23, 0x00, 0x00, 0x10, 0x1d, 0x01, 0x00, 0x00, 0x18, 0x23, 0x00, 0x00, 0x10, 0x1e,
	u8(0x01), 0x00, 0x00, 0x18, 0x23, 0x00, 0x00, 0x10, 0x48, 0x00, 0x00, 0x00, 0x18, 0x23, 0x00, 0x00,
	u8(0x10), 0xe5, 0x00, 0x00, 0x00, 0x18, 0x23, 0x00, 0x00, 0x10, 0x1f, 0x01, 0x00, 0x00, 0x18, 0x23,
	u8(0x00), 0x00, 0x10, 0xe6, 0x00, 0x00, 0x00, 0x18, 0x23, 0x00, 0x00, 0x10, 0xe7, 0x00, 0x00, 0x00,
	u8(0x18), 0x23, 0x00, 0x00, 0x10, 0xe8, 0x00, 0x00, 0x00, 0x18, 0x23, 0x00, 0x00, 0x10, 0xe9, 0x00,
	u8(0x00), 0x00, 0x18, 0x23, 0x00, 0x00, 0x10, 0x34, 0x00, 0x00, 0x00, 0x18, 0x23, 0x00, 0x00, 0x10,
	u8(0x20), 0x01, 0x00, 0x00, 0x18, 0x23, 0x00, 0x00, 0x10, 0xbc, 0x00, 0x00, 0x00, 0x18, 0x23, 0x00,
	u8(0x00), 0x10, 0xed, 0x00, 0x00, 0x00, 0x18, 0x23, 0x00, 0x00, 0x10, 0xee, 0x00, 0x00, 0x00, 0x18,
	u8(0x23), 0x00, 0x00, 0x10, 0xef, 0x00, 0x00, 0x00, 0x18, 0x23, 0x00, 0x00, 0x10, 0xf0, 0x00, 0x00,
	u8(0x00), 0x18, 0x23, 0x00, 0x00, 0x10, 0x21, 0x01, 0x00, 0x00, 0x18, 0x23, 0x00, 0x00, 0x10, 0xbd,
	u8(0x00), 0x00, 0x00, 0x18, 0x23, 0x00, 0x00, 0x00, 0x40, 0x11, 0x3d, 0x00, 0x00, 0x00, 0xa2, 0x21,
	u8(0x00), 0x00, 0x00, 0x05, 0x11, 0x3e, 0x00, 0x00, 0x00, 0x37, 0x23, 0x00, 0x00, 0x00, 0x05, 0x11,
	u8(0x3f), 0x00, 0x00, 0x00, 0x50, 0x23, 0x00, 0x00, 0x00, 0x05, 0x11, 0xf3, 0x00, 0x00, 0x00, 0x69,
	u8(0x23), 0x00, 0x00, 0x0f, 0x17, 0x00, 0x00, 0x00, 0x01, 0x00, 0x00, 0x00, 0x01, 0x00, 0x00, 0x00,
	u8(0x82), 0x23, 0x00, 0x00, 0x00, 0x05, 0x11, 0x40, 0x00, 0x00, 0x00, 0xeb, 0x23, 0x00, 0x00, 0x00,
	u8(0x40), 0x00, 0x05, 0x0f, 0x01, 0x00, 0x00, 0x00, 0x01, 0x00, 0x00, 0x00, 0xff, 0xff, 0xff, 0xff,
	u8(0x04), 0x24, 0x00, 0x00, 0x00, 0x40, 0x0f, 0x01, 0x00, 0x00, 0x00, 0x01, 0x00, 0x00, 0x00, 0xff,
	u8(0xff), 0xff, 0xff, 0x09, 0x22, 0x00, 0x00, 0x00, 0x40, 0x03, 0x05, 0x00, 0x00, 0x00, 0x00, 0x12,
	u8(0x05), 0x0f, 0x18, 0x00, 0x00, 0x00, 0x01, 0x00, 0x00, 0x00, 0xff, 0xff, 0xff, 0xff, 0x22, 0x22,
	u8(0x00), 0x00, 0x08, 0x30, 0x26, 0x24, 0x00, 0x00, 0x03, 0x02, 0x88, 0x1f, 0x00, 0x00, 0x07, 0x03,
	u8(0x00), 0xff, 0xff, 0xff, 0xff, 0x03, 0x05, 0x01, 0x00, 0x00, 0x00, 0x12, 0x05, 0x03, 0x02, 0x09,
	u8(0x22), 0x00, 0x00, 0x00, 0x05, 0x03, 0x06, 0x01, 0x00, 0x00, 0x00, 0x12, 0x06, 0x13, 0x10, 0x41,
	u8(0x00), 0x00, 0x00, 0x32, 0x24, 0x00, 0x00, 0x0f, 0x03, 0x00, 0x00, 0x00, 0x01, 0x00, 0x00, 0x00,
	u8(0xff), 0xff, 0xff, 0xff, 0x68, 0x22, 0x00, 0x00, 0x08, 0x50, 0x40, 0x24, 0x00, 0x00, 0x03, 0x02,
	u8(0x43), 0x22, 0x00, 0x00, 0x00, 0x05, 0x03, 0x06, 0x03, 0x00, 0x00, 0x00, 0x12, 0x06, 0x10, 0x0f,
	u8(0x01), 0x00, 0x00, 0x4c, 0x24, 0x00, 0x00, 0x13, 0x0f, 0x12, 0x00, 0x00, 0x00, 0x01, 0x00, 0x00,
	u8(0x00), 0xff, 0xff, 0xff, 0xff, 0x99, 0x22, 0x00, 0x00, 0x08, 0x50, 0x5a, 0x24, 0x00, 0x00, 0x03,
	u8(0x02), 0x74, 0x22, 0x00, 0x00, 0x06, 0x3d, 0x70, 0x00, 0x00, 0x03, 0x02, 0x09, 0x22, 0x00, 0x00,
	u8(0x06), 0x95, 0x70, 0x00, 0x00, 0x03, 0x02, 0x09, 0x22, 0x00, 0x00, 0x0f, 0x01, 0x00, 0x00, 0x00,
	u8(0x01), 0x00, 0x00, 0x00, 0x01, 0x00, 0x00, 0x00, 0x4d, 0x20, 0x00, 0x00, 0x03, 0x07, 0x07, 0x00,
	u8(0x00), 0x00, 0x12, 0x07, 0x03, 0x02, 0x09, 0x22, 0x00, 0x00, 0x0f, 0x01, 0x00, 0x00, 0x00, 0x01,
	u8(0x00), 0x00, 0x00, 0x01, 0x00, 0x00, 0x00, 0xa9, 0x20, 0x00, 0x00, 0x03, 0x07, 0x08, 0x00, 0x00,
	u8(0x00), 0x12, 0x07, 0x03, 0x02, 0x09, 0x22, 0x00, 0x00, 0x0f, 0x01, 0x00, 0x00, 0x00, 0x01, 0x00,
	u8(0x00), 0x00, 0x01, 0x00, 0x00, 0x00, 0xcf, 0x20, 0x00, 0x00, 0x03, 0x07, 0x05, 0x00, 0x00, 0x00,
	u8(0x12), 0x07, 0x03, 0x02, 0x09, 0x22, 0x00, 0x00, 0x0f, 0x01, 0x00, 0x00, 0x00, 0x01, 0x00, 0x00,
	u8(0x00), 0x01, 0x00, 0x00, 0x00, 0x97, 0x21, 0x00, 0x00, 0x03, 0x07, 0x15, 0x00, 0x00, 0x00, 0x12,
	u8(0x07), 0x03, 0x02, 0x09, 0x22, 0x00, 0x00, 0x0f, 0x0e, 0x00, 0x00, 0x00, 0x01, 0x00, 0x00, 0x00,
	u8(0xff), 0xff, 0xff, 0xff, 0xad, 0x23, 0x00, 0x00, 0x00, 0x50, 0x03, 0x02, 0xad, 0x21, 0x00, 0x00,
	u8(0x0f), 0x0f, 0x00, 0x00, 0x00, 0x01, 0x00, 0x00, 0x00, 0xff, 0xff, 0xff, 0xff, 0xad, 0x23, 0x00,
	u8(0x00), 0x00, 0x50, 0x03, 0x02, 0xb8, 0x21, 0x00, 0x00, 0x0f, 0x13, 0x00, 0x00, 0x00, 0x01, 0x00,
	u8(0x00), 0x00, 0xff, 0xff, 0xff, 0xff, 0xad, 0x23, 0x00, 0x00, 0x00, 0x50, 0x03, 0x02, 0xc3, 0x21,
	u8(0x00), 0x00, 0x0f, 0x0a, 0x00, 0x00, 0x00, 0x00, 0x00, 0x00, 0x00, 0xff, 0xff, 0xff, 0xff, 0x93,
	u8(0x23), 0x00, 0x00, 0x11, 0x40, 0x00, 0x00, 0x00, 0x9c, 0x23, 0x00, 0x00, 0x0f, 0x0a, 0x00, 0x00,
	u8(0x00), 0x00, 0x00, 0x00, 0x00, 0xff, 0xff, 0xff, 0xff, 0xad, 0x23, 0x00, 0x00, 0x00, 0x06, 0x11,
	u8(0x50), 0x00, 0x00, 0x00, 0x66, 0x24, 0x00, 0x00, 0x11, 0x51, 0x00, 0x00, 0x00, 0x66, 0x24, 0x00,
	u8(0x00), 0x00, 0x60, 0x11, 0x22, 0x01, 0x00, 0x00, 0xcc, 0x23, 0x00, 0x00, 0x0f, 0x01, 0x00, 0x00,
	u8(0x00), 0x01, 0x00, 0x00, 0x00, 0xff, 0xff, 0xff, 0xff, 0x09, 0x22, 0x00, 0x00, 0x03, 0x07, 0x06,
	u8(0x00), 0x00, 0x00, 0x12, 0x07, 0x03, 0x02, 0x09, 0x22, 0x00, 0x00, 0x0f, 0x0a, 0x00, 0x00, 0x00,
	u8(0x01), 0x00, 0x00, 0x00, 0xff, 0xff, 0xff, 0xff, 0xad, 0x23, 0x00, 0x00, 0x00, 0x50, 0x03, 0x02,
	u8(0xdf), 0x21, 0x00, 0x00, 0x00, 0x06, 0x0f, 0x04, 0x00, 0x00, 0x00, 0x00, 0x00, 0x00, 0x00, 0xff,
	u8(0xff), 0xff, 0xff, 0x17, 0x24, 0x00, 0x00, 0x10, 0x52, 0x00, 0x00, 0x00, 0x8f, 0x24, 0x00, 0x00,
	u8(0x03), 0x02, 0xf4, 0x21, 0x00, 0x00, 0x04, 0x00, 0x01, 0x00, 0x00, 0x00, 0x03, 0x02, 0x88, 0x1f,
	u8(0x00), 0x00, 0x03, 0x06, 0x01, 0x00, 0x00, 0x00, 0x12, 0x06, 0x03, 0x02, 0x09, 0x22, 0x00, 0x00,
	u8(0x04), 0x00, 0x01, 0x00, 0x00, 0x00, 0x03, 0x02, 0x43, 0x22, 0x00, 0x00, 0x03, 0x06, 0x03, 0x00,
	u8(0x00), 0x00, 0x12, 0x06, 0x03, 0x02, 0x09, 0x22, 0x00, 0x00, 0x04, 0x00, 0x01, 0x00, 0x00, 0x00,
	u8(0x03), 0x02, 0x74, 0x22, 0x00, 0x00, 0x10, 0x53, 0x00, 0x00, 0x00, 0x78, 0x24, 0x00, 0x00, 0x10,
	u8(0x3d), 0x00, 0x00, 0x00, 0x78, 0x24, 0x00, 0x00, 0x0f, 0x0a, 0x00, 0x00, 0x00, 0x01, 0x00, 0x00,
	u8(0x00), 0xff, 0xff, 0xff, 0xff, 0xc3, 0x23, 0x00, 0x00, 0x03, 0x02, 0xc1, 0x23, 0x00, 0x00, 0x00,
	u8(0x07), 0x00, 0x51, 0x00, 0x60, 0x03, 0x06, 0x02, 0x00, 0x00, 0x00, 0x12, 0x06, 0x00, 0x70, 0x03,
	u8(0x02), 0x09, 0x22, 0x00, 0x00, 0x10, 0x02, 0x00, 0x00, 0x00, 0xaf, 0x24, 0x00, 0x00, 0x07, 0x03,
	u8(0x00), 0xff, 0xff, 0xff, 0xff, 0x03, 0x03, 0x01, 0x00, 0x00, 0x00, 0x12, 0x03, 0x07, 0x00, 0x03,
	u8(0x0e), 0xfb, 0x27, 0x00, 0x00, 0x03, 0x04, 0x00, 0x00, 0x00, 0x00, 0x12, 0x04, 0x00, 0x04, 0x10,
	u8(0x00), 0x00, 0x00, 0x00, 0xfc, 0x27, 0x00, 0x00, 0x10, 0x01, 0x00, 0x00, 0x00, 0x10, 0x28, 0x00,
	u8(0x00), 0x10, 0x7c, 0x00, 0x00, 0x00, 0x41, 0x28, 0x00, 0x00, 0x10, 0x03, 0x00, 0x00, 0x00, 0x72,
	u8(0x28), 0x00, 0x00, 0x10, 0x04, 0x00, 0x00, 0x00, 0x7d, 0x28, 0x00, 0x00, 0x10, 0x7e, 0x00, 0x00,
	u8(0x00), 0x88, 0x28, 0x00, 0x00, 0x10, 0x05, 0x00, 0x00, 0x00, 0xa1, 0x28, 0x00, 0x00, 0x10, 0x06,
	u8(0x00), 0x00, 0x00, 0xa1, 0x28, 0x00, 0x00, 0x10, 0x54, 0x00, 0x00, 0x00, 0xa1, 0x28, 0x00, 0x00,
	u8(0x10), 0x07, 0x00, 0x00, 0x00, 0xa1, 0x28, 0x00, 0x00, 0x10, 0x08, 0x00, 0x00, 0x00, 0xa1, 0x28,
	u8(0x00), 0x00, 0x10, 0x09, 0x00, 0x00, 0x00, 0xa1, 0x28, 0x00, 0x00, 0x10, 0x0a, 0x00, 0x00, 0x00,
	u8(0xa1), 0x28, 0x00, 0x00, 0x10, 0x80, 0x00, 0x00, 0x00, 0xa1, 0x28, 0x00, 0x00, 0x10, 0x0b, 0x00,
	u8(0x00), 0x00, 0xa1, 0x28, 0x00, 0x00, 0x10, 0x0d, 0x00, 0x00, 0x00, 0xa1, 0x28, 0x00, 0x00, 0x10,
	u8(0x0e), 0x00, 0x00, 0x00, 0xa1, 0x28, 0x00, 0x00, 0x10, 0x0f, 0x00, 0x00, 0x00, 0xa1, 0x28, 0x00,
	u8(0x00), 0x10, 0x58, 0x00, 0x00, 0x00, 0xa1, 0x28, 0x00, 0x00, 0x10, 0x59, 0x00, 0x00, 0x00, 0xa1,
	u8(0x28), 0x00, 0x00, 0x10, 0x10, 0x00, 0x00, 0x00, 0xa1, 0x28, 0x00, 0x00, 0x00, 0x40, 0x10, 0x83,
	u8(0x00), 0x00, 0x00, 0xc0, 0x28, 0x00, 0x00, 0x10, 0xd4, 0x00, 0x00, 0x00, 0xc0, 0x28, 0x00, 0x00,
	u8(0x10), 0x5a, 0x00, 0x00, 0x00, 0xc0, 0x28, 0x00, 0x00, 0x10, 0x15, 0x00, 0x00, 0x00, 0xc0, 0x28,
	u8(0x00), 0x00, 0x10, 0x16, 0x00, 0x00, 0x00, 0xc0, 0x28, 0x00, 0x00, 0x10, 0x23, 0x01, 0x00, 0x00,
	u8(0xc0), 0x28, 0x00, 0x00, 0x10, 0x24, 0x01, 0x00, 0x00, 0xc0, 0x28, 0x00, 0x00, 0x10, 0x64, 0x00,
	u8(0x00), 0x00, 0xc0, 0x28, 0x00, 0x00, 0x10, 0x0c, 0x00, 0x00, 0x00, 0xc0, 0x28, 0x00, 0x00, 0x10,
	u8(0x25), 0x01, 0x00, 0x00, 0xc0, 0x28, 0x00, 0x00, 0x10, 0x16, 0x01, 0x00, 0x00, 0xc0, 0x28, 0x00,
	u8(0x00), 0x10, 0x26, 0x01, 0x00, 0x00, 0xc0, 0x28, 0x00, 0x00, 0x10, 0x95, 0x00, 0x00, 0x00, 0xc0,
	u8(0x28), 0x00, 0x00, 0x10, 0xda, 0x00, 0x00, 0x00, 0xc0, 0x28, 0x00, 0x00, 0x10, 0x27, 0x01, 0x00,
	u8(0x00), 0xc0, 0x28, 0x00, 0x00, 0x10, 0x68, 0x00, 0x00, 0x00, 0xc0, 0x28, 0x00, 0x00, 0x10, 0x28,
	u8(0x01), 0x00, 0x00, 0xc0, 0x28, 0x00, 0x00, 0x10, 0xdc, 0x00, 0x00, 0x00, 0xc0, 0x28, 0x00, 0x00,
	u8(0x10), 0x29, 0x01, 0x00, 0x00, 0xc0, 0x28, 0x00, 0x00, 0x10, 0x18, 0x01, 0x00, 0x00, 0xc0, 0x28,
	u8(0x00), 0x00, 0x10, 0x2a, 0x01, 0x00, 0x00, 0xc0, 0x28, 0x00, 0x00, 0x10, 0x6c, 0x00, 0x00, 0x00,
	u8(0xc0), 0x28, 0x00, 0x00, 0x10, 0x6d, 0x00, 0x00, 0x00, 0xc0, 0x28, 0x00, 0x00, 0x10, 0x2b, 0x01,
	u8(0x00), 0x00, 0xc0, 0x28, 0x00, 0x00, 0x10, 0x6e, 0x00, 0x00, 0x00, 0xc0, 0x28, 0x00, 0x00, 0x10,
	u8(0xa6), 0x00, 0x00, 0x00, 0xc0, 0x28, 0x00, 0x00, 0x10, 0x70, 0x00, 0x00, 0x00, 0xc0, 0x28, 0x00,
	u8(0x00), 0x10, 0xaa, 0x00, 0x00, 0x00, 0xc0, 0x28, 0x00, 0x00, 0x10, 0x1d, 0x00, 0x00, 0x00, 0xc0,
	u8(0x28), 0x00, 0x00, 0x10, 0x2c, 0x01, 0x00, 0x00, 0xc0, 0x28, 0x00, 0x00, 0x10, 0x2d, 0x01, 0x00,
	u8(0x00), 0xc0, 0x28, 0x00, 0x00, 0x10, 0x2e, 0x01, 0x00, 0x00, 0xc0, 0x28, 0x00, 0x00, 0x10, 0x73,
	u8(0x00), 0x00, 0x00, 0xc0, 0x28, 0x00, 0x00, 0x10, 0x2f, 0x01, 0x00, 0x00, 0xc0, 0x28, 0x00, 0x00,
	u8(0x10), 0x30, 0x01, 0x00, 0x00, 0xc0, 0x28, 0x00, 0x00, 0x10, 0x31, 0x01, 0x00, 0x00, 0xc0, 0x28,
	u8(0x00), 0x00, 0x10, 0x32, 0x01, 0x00, 0x00, 0xc0, 0x28, 0x00, 0x00, 0x10, 0xb1, 0x00, 0x00, 0x00,
	u8(0xc0), 0x28, 0x00, 0x00, 0x10, 0x24, 0x00, 0x00, 0x00, 0xc0, 0x28, 0x00, 0x00, 0x10, 0xb4, 0x00,
	u8(0x00), 0x00, 0xc0, 0x28, 0x00, 0x00, 0x10, 0x82, 0x00, 0x00, 0x00, 0xc0, 0x28, 0x00, 0x00, 0x00,
	u8(0x40), 0x10, 0x2c, 0x00, 0x00, 0x00, 0xdf, 0x28, 0x00, 0x00, 0x10, 0x2d, 0x00, 0x00, 0x00, 0xdf,
	u8(0x28), 0x00, 0x00, 0x10, 0xb5, 0x00, 0x00, 0x00, 0xdf, 0x28, 0x00, 0x00, 0x00, 0x40, 0x10, 0x33,
	u8(0x01), 0x00, 0x00, 0xfe, 0x28, 0x00, 0x00, 0x10, 0xb6, 0x00, 0x00, 0x00, 0xfe, 0x28, 0x00, 0x00,
	u8(0x10), 0x31, 0x00, 0x00, 0x00, 0xfe, 0x28, 0x00, 0x00, 0x10, 0x32, 0x00, 0x00, 0x00, 0xfe, 0x28,
	u8(0x00), 0x00, 0x10, 0x33, 0x00, 0x00, 0x00, 0xfe, 0x28, 0x00, 0x00, 0x10, 0x34, 0x00, 0x00, 0x00,
	u8(0xfe), 0x28, 0x00, 0x00, 0x10, 0x35, 0x00, 0x00, 0x00, 0xfe, 0x28, 0x00, 0x00, 0x10, 0x36, 0x00,
	u8(0x00), 0x00, 0xfe, 0x28, 0x00, 0x00, 0x10, 0x39, 0x00, 0x00, 0x00, 0xfe, 0x28, 0x00, 0x00, 0x00,
	u8(0x40), 0x11, 0x3d, 0x00, 0x00, 0x00, 0x7a, 0x27, 0x00, 0x00, 0x00, 0x05, 0x11, 0x3e, 0x00, 0x00,
	u8(0x00), 0x1d, 0x29, 0x00, 0x00, 0x00, 0x05, 0x11, 0x3f, 0x00, 0x00, 0x00, 0x36, 0x29, 0x00, 0x00,
	u8(0x0f), 0x0a, 0x00, 0x00, 0x00, 0x01, 0x00, 0x00, 0x00, 0xff, 0xff, 0xff, 0xff, 0x4f, 0x29, 0x00,
	u8(0x00), 0x00, 0x05, 0x11, 0x40, 0x00, 0x00, 0x00, 0xa4, 0x29, 0x00, 0x00, 0x00, 0x40, 0x00, 0x05,
	u8(0x0f), 0x01, 0x00, 0x00, 0x00, 0x01, 0x00, 0x00, 0x00, 0xff, 0xff, 0xff, 0xff, 0xbd, 0x29, 0x00,
	u8(0x00), 0x00, 0x40, 0x0f, 0x01, 0x00, 0x00, 0x00, 0x01, 0x00, 0x00, 0x00, 0xff, 0xff, 0xff, 0xff,
	u8(0xd6), 0x27, 0x00, 0x00, 0x00, 0x40, 0x03, 0x05, 0x00, 0x00, 0x00, 0x00, 0x12, 0x05, 0x0f, 0x19,
	u8(0x00), 0x00, 0x00, 0x01, 0x00, 0x00, 0x00, 0xff, 0xff, 0xff, 0xff, 0xef, 0x27, 0x00, 0x00, 0x08,
	u8(0x30), 0xdf, 0x29, 0x00, 0x00, 0x03, 0x02, 0xbe, 0x24, 0x00, 0x00, 0x07, 0x03, 0x00, 0xff, 0xff,
	u8(0xff), 0xff, 0x03, 0x05, 0x01, 0x00, 0x00, 0x00, 0x12, 0x05, 0x03, 0x02, 0xd6, 0x27, 0x00, 0x00,
	u8(0x00), 0x05, 0x03, 0x06, 0x01, 0x00, 0x00, 0x00, 0x12, 0x06, 0x13, 0x10, 0x41, 0x00, 0x00, 0x00,
	u8(0xeb), 0x29, 0x00, 0x00, 0x0f, 0x03, 0x00, 0x00, 0x00, 0x01, 0x00, 0x00, 0x00, 0xff, 0xff, 0xff,
	u8(0xff), 0x35, 0x28, 0x00, 0x00, 0x08, 0x50, 0xf9, 0x29, 0x00, 0x00, 0x03, 0x02, 0x10, 0x28, 0x00,
	u8(0x00), 0x00, 0x05, 0x03, 0x06, 0x03, 0x00, 0x00, 0x00, 0x12, 0x06, 0x13, 0x10, 0x7c, 0x00, 0x00,
	u8(0x00), 0x05, 0x2a, 0x00, 0x00, 0x0f, 0x0c, 0x00, 0x00, 0x00, 0x01, 0x00, 0x00, 0x00, 0xff, 0xff,
	u8(0xff), 0xff, 0x66, 0x28, 0x00, 0x00, 0x08, 0x50, 0x13, 0x2a, 0x00, 0x00, 0x03, 0x02, 0x41, 0x28,
	u8(0x00), 0x00, 0x06, 0x3d, 0x70, 0x00, 0x00, 0x03, 0x02, 0xd6, 0x27, 0x00, 0x00, 0x06, 0x95, 0x70,
	u8(0x00), 0x00, 0x03, 0x02, 0xd6, 0x27, 0x00, 0x00, 0x0f, 0x1a, 0x00, 0x00, 0x00, 0x01, 0x00, 0x00,
	u8(0x00), 0xff, 0xff, 0xff, 0xff, 0x1f, 0x2a, 0x00, 0x00, 0x00, 0x40, 0x03, 0x02, 0x05, 0x25, 0x00,
	u8(0x00), 0x0f, 0x01, 0x00, 0x00, 0x00, 0x01, 0x00, 0x00, 0x00, 0x01, 0x00, 0x00, 0x00, 0x8c, 0x25,
	u8(0x00), 0x00, 0x03, 0x07, 0x07, 0x00, 0x00, 0x00, 0x12, 0x07, 0x03, 0x02, 0xd6, 0x27, 0x00, 0x00,
	u8(0x0f), 0x01, 0x00, 0x00, 0x00, 0x01, 0x00, 0x00, 0x00, 0x01, 0x00, 0x00, 0x00, 0xff, 0x26, 0x00,
	u8(0x00), 0x03, 0x07, 0x08, 0x00, 0x00, 0x00, 0x12, 0x07, 0x03, 0x02, 0xd6, 0x27, 0x00, 0x00, 0x0f,
	u8(0x01), 0x00, 0x00, 0x00, 0x01, 0x00, 0x00, 0x00, 0x01, 0x00, 0x00, 0x00, 0x1c, 0x27, 0x00, 0x00,
	u8(0x03), 0x07, 0x05, 0x00, 0x00, 0x00, 0x12, 0x07, 0x03, 0x02, 0xd6, 0x27, 0x00, 0x00, 0x0f, 0x01,
	u8(0x00), 0x00, 0x00, 0x01, 0x00, 0x00, 0x00, 0x01, 0x00, 0x00, 0x00, 0x6f, 0x27, 0x00, 0x00, 0x03,
	u8(0x07), 0x15, 0x00, 0x00, 0x00, 0x12, 0x07, 0x03, 0x02, 0xd6, 0x27, 0x00, 0x00, 0x0f, 0x0e, 0x00,
	u8(0x00), 0x00, 0x01, 0x00, 0x00, 0x00, 0xff, 0xff, 0xff, 0xff, 0x69, 0x29, 0x00, 0x00, 0x00, 0x50,
	u8(0x03), 0x02, 0x85, 0x27, 0x00, 0x00, 0x0f, 0x0f, 0x00, 0x00, 0x00, 0x01, 0x00, 0x00, 0x00, 0xff,
	u8(0xff), 0xff, 0xff, 0x69, 0x29, 0x00, 0x00, 0x00, 0x50, 0x03, 0x02, 0x90, 0x27, 0x00, 0x00, 0x11,
	u8(0x40), 0x00, 0x00, 0x00, 0x58, 0x29, 0x00, 0x00, 0x0f, 0x0a, 0x00, 0x00, 0x00, 0x00, 0x00, 0x00,
	u8(0x00), 0xff, 0xff, 0xff, 0xff, 0x69, 0x29, 0x00, 0x00, 0x00, 0x06, 0x11, 0x50, 0x00, 0x00, 0x00,
	u8(0x2d), 0x2a, 0x00, 0x00, 0x0f, 0x1b, 0x00, 0x00, 0x00, 0x00, 0x00, 0x00, 0x00, 0x01, 0x00, 0x00,
	u8(0x00), 0x85, 0x29, 0x00, 0x00, 0x0f, 0x01, 0x00, 0x00, 0x00, 0x01, 0x00, 0x00, 0x00, 0xff, 0xff,
	u8(0xff), 0xff, 0xd6, 0x27, 0x00, 0x00, 0x03, 0x07, 0x06, 0x00, 0x00, 0x00, 0x12, 0x07, 0x03, 0x02,
	u8(0xd6), 0x27, 0x00, 0x00, 0x0f, 0x0a, 0x00, 0x00, 0x00, 0x01, 0x00, 0x00, 0x00, 0xff, 0xff, 0xff,
	u8(0xff), 0x69, 0x29, 0x00, 0x00, 0x00, 0x50, 0x03, 0x02, 0xac, 0x27, 0x00, 0x00, 0x00, 0x06, 0x0f,
	u8(0x04), 0x00, 0x00, 0x00, 0x00, 0x00, 0x00, 0x00, 0xff, 0xff, 0xff, 0xff, 0xd0, 0x29, 0x00, 0x00,
	u8(0x10), 0x52, 0x00, 0x00, 0x00, 0x58, 0x2a, 0x00, 0x00, 0x03, 0x02, 0xc1, 0x27, 0x00, 0x00, 0x04,
	u8(0x00), 0x01, 0x00, 0x00, 0x00, 0x03, 0x02, 0xbe, 0x24, 0x00, 0x00, 0x03, 0x06, 0x01, 0x00, 0x00,
	u8(0x00), 0x12, 0x06, 0x03, 0x02, 0xd6, 0x27, 0x00, 0x00, 0x04, 0x00, 0x01, 0x00, 0x00, 0x00, 0x03,
	u8(0x02), 0x10, 0x28, 0x00, 0x00, 0x03, 0x06, 0x03, 0x00, 0x00, 0x00, 0x12, 0x06, 0x03, 0x02, 0xd6,
	u8(0x27), 0x00, 0x00, 0x04, 0x00, 0x01, 0x00, 0x00, 0x00, 0x03, 0x02, 0x41, 0x28, 0x00, 0x00, 0x03,
	u8(0x05), 0x14, 0x00, 0x00, 0x00, 0x12, 0x05, 0x03, 0x02, 0xd6, 0x27, 0x00, 0x00, 0x10, 0x53, 0x00,
	u8(0x00), 0x00, 0x3f, 0x2a, 0x00, 0x00, 0x10, 0x3d, 0x00, 0x00, 0x00, 0x3f, 0x2a, 0x00, 0x00, 0x0f,
	u8(0x0a), 0x00, 0x00, 0x00, 0x01, 0x00, 0x00, 0x00, 0xff, 0xff, 0xff, 0xff, 0x74, 0x29, 0x00, 0x00,
	u8(0x00), 0x60, 0x03, 0x02, 0x74, 0x29, 0x00, 0x00, 0x00, 0x07, 0x00, 0x51, 0x00, 0x60, 0x03, 0x06,
	u8(0x02), 0x00, 0x00, 0x00, 0x12, 0x06, 0x00, 0x70, 0x03, 0x02, 0xd6, 0x27, 0x00, 0x00, 0x00, 0x03,
	u8(0x0e), 0xca, 0x2c, 0x00, 0x00, 0x03, 0x04, 0x00, 0x00, 0x00, 0x00, 0x12, 0x04, 0x00, 0x04, 0x10,
	u8(0x00), 0x00, 0x00, 0x00, 0xcb, 0x2c, 0x00, 0x00, 0x10, 0x01, 0x00, 0x00, 0x00, 0xdf, 0x2c, 0x00,
	u8(0x00), 0x10, 0x03, 0x00, 0x00, 0x00, 0x10, 0x2d, 0x00, 0x00, 0x10, 0x04, 0x00, 0x00, 0x00, 0x4f,
	u8(0x2d), 0x00, 0x00, 0x10, 0x0f, 0x01, 0x00, 0x00, 0x8e, 0x2d, 0x00, 0x00, 0x10, 0x05, 0x00, 0x00,
	u8(0x00), 0xc8, 0x2d, 0x00, 0x00, 0x10, 0x06, 0x00, 0x00, 0x00, 0xc8, 0x2d, 0x00, 0x00, 0x10, 0x54,
	u8(0x00), 0x00, 0x00, 0xc8, 0x2d, 0x00, 0x00, 0x10, 0x07, 0x00, 0x00, 0x00, 0xc8, 0x2d, 0x00, 0x00,
	u8(0x10), 0x34, 0x01, 0x00, 0x00, 0xc8, 0x2d, 0x00, 0x00, 0x10, 0x08, 0x00, 0x00, 0x00, 0xc8, 0x2d,
	u8(0x00), 0x00, 0x10, 0x09, 0x00, 0x00, 0x00, 0xc8, 0x2d, 0x00, 0x00, 0x10, 0x0a, 0x00, 0x00, 0x00,
	u8(0xc8), 0x2d, 0x00, 0x00, 0x10, 0x80, 0x00, 0x00, 0x00, 0xc8, 0x2d, 0x00, 0x00, 0x10, 0x0b, 0x00,
	u8(0x00), 0x00, 0xc8, 0x2d, 0x00, 0x00, 0x10, 0x0d, 0x00, 0x00, 0x00, 0xc8, 0x2d, 0x00, 0x00, 0x10,
	u8(0x0e), 0x00, 0x00, 0x00, 0xc8, 0x2d, 0x00, 0x00, 0x10, 0x0f, 0x00, 0x00, 0x00, 0xc8, 0x2d, 0x00,
	u8(0x00), 0x10, 0x58, 0x00, 0x00, 0x00, 0xc8, 0x2d, 0x00, 0x00, 0x10, 0x59, 0x00, 0x00, 0x00, 0xc8,
	u8(0x2d), 0x00, 0x00, 0x10, 0x10, 0x00, 0x00, 0x00, 0xc8, 0x2d, 0x00, 0x00, 0x00, 0x40, 0x10, 0x85,
	u8(0x00), 0x00, 0x00, 0xe7, 0x2d, 0x00, 0x00, 0x10, 0x87, 0x00, 0x00, 0x00, 0xe7, 0x2d, 0x00, 0x00,
	u8(0x10), 0x5a, 0x00, 0x00, 0x00, 0xe7, 0x2d, 0x00, 0x00, 0x10, 0x15, 0x00, 0x00, 0x00, 0xe7, 0x2d,
	u8(0x00), 0x00, 0x10, 0x60, 0x00, 0x00, 0x00, 0xe7, 0x2d, 0x00, 0x00, 0x10, 0x63, 0x00, 0x00, 0x00,
	u8(0xe7), 0x2d, 0x00, 0x00, 0x10, 0x24, 0x01, 0x00, 0x00, 0xe7, 0x2d, 0x00, 0x00, 0x10, 0xcd, 0x00,
	u8(0x00), 0x00, 0xe7, 0x2d, 0x00, 0x00, 0x10, 0x16, 0x01, 0x00, 0x00, 0xe7, 0x2d, 0x00, 0x00, 0x10,
	u8(0x98), 0x00, 0x00, 0x00, 0xe7, 0x2d, 0x00, 0x00, 0x10, 0x26, 0x01, 0x00, 0x00, 0xe7, 0x2d, 0x00,
	u8(0x00), 0x10, 0x9b, 0x00, 0x00, 0x00, 0xe7, 0x2d, 0x00, 0x00, 0x10, 0x68, 0x00, 0x00, 0x00, 0xe7,
	u8(0x2d), 0x00, 0x00, 0x10, 0xdb, 0x00, 0x00, 0x00, 0xe7, 0x2d, 0x00, 0x00, 0x10, 0x1d, 0x00, 0x00,
	u8(0x00), 0xe7, 0x2d, 0x00, 0x00, 0x10, 0x2d, 0x01, 0x00, 0x00, 0xe7, 0x2d, 0x00, 0x00, 0x10, 0x73,
	u8(0x00), 0x00, 0x00, 0xe7, 0x2d, 0x00, 0x00, 0x10, 0x22, 0x00, 0x00, 0x00, 0xe7, 0x2d, 0x00, 0x00,
	u8(0x10), 0xb1, 0x00, 0x00, 0x00, 0xe7, 0x2d, 0x00, 0x00, 0x10, 0x39, 0x00, 0x00, 0x00, 0xe7, 0x2d,
	u8(0x00), 0x00, 0x10, 0x82, 0x00, 0x00, 0x00, 0xe7, 0x2d, 0x00, 0x00, 0x00, 0x40, 0x10, 0x2c, 0x00,
	u8(0x00), 0x00, 0x06, 0x2e, 0x00, 0x00, 0x10, 0x2d, 0x00, 0x00, 0x00, 0x06, 0x2e, 0x00, 0x00, 0x10,
	u8(0xb5), 0x00, 0x00, 0x00, 0x06, 0x2e, 0x00, 0x00, 0x10, 0x35, 0x01, 0x00, 0x00, 0x06, 0x2e, 0x00,
	u8(0x00), 0x10, 0x36, 0x01, 0x00, 0x00, 0x06, 0x2e, 0x00, 0x00, 0x10, 0x37, 0x01, 0x00, 0x00, 0x06,
	u8(0x2e), 0x00, 0x00, 0x00, 0x40, 0x11, 0x3d, 0x00, 0x00, 0x00, 0x3e, 0x2c, 0x00, 0x00, 0x00, 0x05,
	u8(0x11), 0x3e, 0x00, 0x00, 0x00, 0x25, 0x2e, 0x00, 0x00, 0x00, 0x05, 0x11, 0x3f, 0x00, 0x00, 0x00,
	u8(0x3e), 0x2e, 0x00, 0x00, 0x00, 0x05, 0x11, 0xf3, 0x00, 0x00, 0x00, 0x57, 0x2e, 0x00, 0x00, 0x0f,
	u8(0x0a), 0x00, 0x00, 0x00, 0x01, 0x00, 0x00, 0x00, 0xff, 0xff, 0xff, 0xff, 0x70, 0x2e, 0x00, 0x00,
	u8(0x00), 0x05, 0x11, 0x40, 0x00, 0x00, 0x00, 0xbd, 0x2e, 0x00, 0x00, 0x00, 0x40, 0x00, 0x05, 0x0f,
	u8(0x01), 0x00, 0x00, 0x00, 0x01, 0x00, 0x00, 0x00, 0xff, 0xff, 0xff, 0xff, 0xd6, 0x2e, 0x00, 0x00,
	u8(0x00), 0x40, 0x0f, 0x01, 0x00, 0x00, 0x00, 0x01, 0x00, 0x00, 0x00, 0xff, 0xff, 0xff, 0xff, 0xa5,
	u8(0x2c), 0x00, 0x00, 0x00, 0x40, 0x03, 0x05, 0x00, 0x00, 0x00, 0x00, 0x12, 0x05, 0x0f, 0x18, 0x00,
	u8(0x00), 0x00, 0x01, 0x00, 0x00, 0x00, 0xff, 0xff, 0xff, 0xff, 0xbe, 0x2c, 0x00, 0x00, 0x08, 0x30,
	u8(0xf8), 0x2e, 0x00, 0x00, 0x03, 0x02, 0x6e, 0x2a, 0x00, 0x00, 0x07, 0x03, 0x00, 0xff, 0xff, 0xff,
	u8(0xff), 0x03, 0x05, 0x01, 0x00, 0x00, 0x00, 0x12, 0x05, 0x03, 0x02, 0xa5, 0x2c, 0x00, 0x00, 0x00,
	u8(0x05), 0x03, 0x06, 0x01, 0x00, 0x00, 0x00, 0x12, 0x06, 0x13, 0x10, 0x41, 0x00, 0x00, 0x00, 0x04,
	u8(0x2f), 0x00, 0x00, 0x0f, 0x03, 0x00, 0x00, 0x00, 0x01, 0x00, 0x00, 0x00, 0xff, 0xff, 0xff, 0xff,
	u8(0x04), 0x2d, 0x00, 0x00, 0x08, 0x50, 0x12, 0x2f, 0x00, 0x00, 0x03, 0x02, 0xdf, 0x2c, 0x00, 0x00,
	u8(0x00), 0x05, 0x0e, 0xa5, 0x2c, 0x00, 0x00, 0x03, 0x06, 0x03, 0x00, 0x00, 0x00, 0x12, 0x06, 0x10,
	u8(0xfd), 0x00, 0x00, 0x00, 0x1e, 0x2f, 0x00, 0x00, 0x10, 0x03, 0x00, 0x00, 0x00, 0x2a, 0x2f, 0x00,
	u8(0x00), 0x13, 0x0f, 0x1c, 0x00, 0x00, 0x00, 0x01, 0x00, 0x00, 0x00, 0xff, 0xff, 0xff, 0xff, 0x43,
	u8(0x2d), 0x00, 0x00, 0x08, 0x50, 0x38, 0x2f, 0x00, 0x00, 0x03, 0x02, 0x10, 0x2d, 0x00, 0x00, 0x00,
	u8(0x05), 0x0e, 0xa5, 0x2c, 0x00, 0x00, 0x03, 0x06, 0x03, 0x00, 0x00, 0x00, 0x12, 0x06, 0x10, 0xfd,
	u8(0x00), 0x00, 0x00, 0x44, 0x2f, 0x00, 0x00, 0x10, 0x04, 0x00, 0x00, 0x00, 0x50, 0x2f, 0x00, 0x00,
	u8(0x13), 0x0f, 0x1d, 0x00, 0x00, 0x00, 0x01, 0x00, 0x00, 0x00, 0xff, 0xff, 0xff, 0xff, 0x82, 0x2d,
	u8(0x00), 0x00, 0x08, 0x50, 0x5e, 0x2f, 0x00, 0x00, 0x03, 0x02, 0x4f, 0x2d, 0x00, 0x00, 0x00, 0x05,
	u8(0x03), 0x06, 0x03, 0x00, 0x00, 0x00, 0x12, 0x06, 0x10, 0xfd, 0x00, 0x00, 0x00, 0x6a, 0x2f, 0x00,
	u8(0x00), 0x10, 0x0f, 0x01, 0x00, 0x00, 0x76, 0x2f, 0x00, 0x00, 0x13, 0x0f, 0x1e, 0x00, 0x00, 0x00,
	u8(0x01), 0x00, 0x00, 0x00, 0xff, 0xff, 0xff, 0xff, 0xbc, 0x2d, 0x00, 0x00, 0x08, 0x50, 0x84, 0x2f,
	u8(0x00), 0x00, 0x03, 0x02, 0x8e, 0x2d, 0x00, 0x00, 0x0f, 0x01, 0x00, 0x00, 0x00, 0x01, 0x00, 0x00,
	u8(0x00), 0x01, 0x00, 0x00, 0x00, 0x3c, 0x2b, 0x00, 0x00, 0x03, 0x07, 0x07, 0x00, 0x00, 0x00, 0x12,
	u8(0x07), 0x03, 0x02, 0xa5, 0x2c, 0x00, 0x00, 0x0f, 0x01, 0x00, 0x00, 0x00, 0x01, 0x00, 0x00, 0x00,
	u8(0x01), 0x00, 0x00, 0x00, 0xfb, 0x2b, 0x00, 0x00, 0x03, 0x07, 0x08, 0x00, 0x00, 0x00, 0x12, 0x07,
	u8(0x03), 0x02, 0xa5, 0x2c, 0x00, 0x00, 0x0f, 0x01, 0x00, 0x00, 0x00, 0x01, 0x00, 0x00, 0x00, 0x01,
	u8(0x00), 0x00, 0x00, 0x33, 0x2c, 0x00, 0x00, 0x03, 0x07, 0x05, 0x00, 0x00, 0x00, 0x12, 0x07, 0x03,
	u8(0x02), 0xa5, 0x2c, 0x00, 0x00, 0x0f, 0x0e, 0x00, 0x00, 0x00, 0x01, 0x00, 0x00, 0x00, 0xff, 0xff,
	u8(0xff), 0xff, 0x8a, 0x2e, 0x00, 0x00, 0x00, 0x50, 0x03, 0x02, 0x49, 0x2c, 0x00, 0x00, 0x0f, 0x0f,
	u8(0x00), 0x00, 0x00, 0x01, 0x00, 0x00, 0x00, 0xff, 0xff, 0xff, 0xff, 0x8a, 0x2e, 0x00, 0x00, 0x00,
	u8(0x50), 0x03, 0x02, 0x54, 0x2c, 0x00, 0x00, 0x0f, 0x13, 0x00, 0x00, 0x00, 0x01, 0x00, 0x00, 0x00,
	u8(0xff), 0xff, 0xff, 0xff, 0x8a, 0x2e, 0x00, 0x00, 0x00, 0x50, 0x03, 0x02, 0x5f, 0x2c, 0x00, 0x00,
	u8(0x11), 0x40, 0x00, 0x00, 0x00, 0x79, 0x2e, 0x00, 0x00, 0x0f, 0x0a, 0x00, 0x00, 0x00, 0x00, 0x00,
	u8(0x00), 0x00, 0xff, 0xff, 0xff, 0xff, 0x8a, 0x2e, 0x00, 0x00, 0x00, 0x06, 0x11, 0x50, 0x00, 0x00,
	u8(0x00), 0x90, 0x2f, 0x00, 0x00, 0x10, 0x38, 0x01, 0x00, 0x00, 0x9e, 0x2e, 0x00, 0x00, 0x0f, 0x01,
	u8(0x00), 0x00, 0x00, 0x01, 0x00, 0x00, 0x00, 0xff, 0xff, 0xff, 0xff, 0xa5, 0x2c, 0x00, 0x00, 0x03,
	u8(0x07), 0x06, 0x00, 0x00, 0x00, 0x12, 0x07, 0x03, 0x02, 0xa5, 0x2c, 0x00, 0x00, 0x0f, 0x0a, 0x00,
	u8(0x00), 0x00, 0x01, 0x00, 0x00, 0x00, 0xff, 0xff, 0xff, 0xff, 0x8a, 0x2e, 0x00, 0x00, 0x00, 0x50,
	u8(0x03), 0x02, 0x7b, 0x2c, 0x00, 0x00, 0x00, 0x06, 0x0f, 0x04, 0x00, 0x00, 0x00, 0x00, 0x00, 0x00,
	u8(0x00), 0xff, 0xff, 0xff, 0xff, 0xe9, 0x2e, 0x00, 0x00, 0x10, 0x52, 0x00, 0x00, 0x00, 0xbb, 0x2f,
	u8(0x00), 0x00, 0x03, 0x02, 0x90, 0x2c, 0x00, 0x00, 0x04, 0x00, 0x01, 0x00, 0x00, 0x00, 0x03, 0x02,
	u8(0x6e), 0x2a, 0x00, 0x00, 0x03, 0x06, 0x01, 0x00, 0x00, 0x00, 0x12, 0x06, 0x03, 0x02, 0xa5, 0x2c,
	u8(0x00), 0x00, 0x04, 0x00, 0x01, 0x00, 0x00, 0x00, 0x03, 0x02, 0xdf, 0x2c, 0x00, 0x00, 0x04, 0x00,
	u8(0x01), 0x00, 0x00, 0x00, 0x03, 0x02, 0x31, 0x2d, 0x00, 0x00, 0x03, 0x05, 0x03, 0x00, 0x00, 0x00,
	u8(0x12), 0x05, 0x03, 0x02, 0xa5, 0x2c, 0x00, 0x00, 0x04, 0x00, 0x01, 0x00, 0x00, 0x00, 0x03, 0x02,
	u8(0x10), 0x2d, 0x00, 0x00, 0x04, 0x00, 0x01, 0x00, 0x00, 0x00, 0x03, 0x02, 0x70, 0x2d, 0x00, 0x00,
	u8(0x03), 0x05, 0x03, 0x00, 0x00, 0x00, 0x12, 0x05, 0x03, 0x02, 0xa5, 0x2c, 0x00, 0x00, 0x04, 0x00,
	u8(0x01), 0x00, 0x00, 0x00, 0x03, 0x02, 0x4f, 0x2d, 0x00, 0x00, 0x04, 0x00, 0x01, 0x00, 0x00, 0x00,
	u8(0x03), 0x02, 0xaa, 0x2d, 0x00, 0x00, 0x03, 0x05, 0x03, 0x00, 0x00, 0x00, 0x12, 0x05, 0x03, 0x02,
	u8(0xa5), 0x2c, 0x00, 0x00, 0x04, 0x00, 0x01, 0x00, 0x00, 0x00, 0x03, 0x02, 0x8e, 0x2d, 0x00, 0x00,
	u8(0x10), 0x53, 0x00, 0x00, 0x00, 0xa2, 0x2f, 0x00, 0x00, 0x10, 0x3d, 0x00, 0x00, 0x00, 0xa2, 0x2f,
	u8(0x00), 0x00, 0x0f, 0x0a, 0x00, 0x00, 0x00, 0x01, 0x00, 0x00, 0x00, 0xff, 0xff, 0xff, 0xff, 0x95,
	u8(0x2e), 0x00, 0x00, 0x00, 0x60, 0x03, 0x02, 0x95, 0x2e, 0x00, 0x00, 0x00, 0x07, 0x00, 0x51, 0x00,
	u8(0x60), 0x03, 0x06, 0x02, 0x00, 0x00, 0x00, 0x12, 0x06, 0x00, 0x70, 0x03, 0x02, 0xa5, 0x2c, 0x00,
	u8(0x00), 0x00, 0x03, 0x0e, 0x6e, 0x30, 0x00, 0x00, 0x03, 0x04, 0x00, 0x00, 0x00, 0x00, 0x12, 0x04,
	u8(0x00), 0x04, 0x10, 0x00, 0x00, 0x00, 0x00, 0x6f, 0x30, 0x00, 0x00, 0x10, 0x01, 0x00, 0x00, 0x00,
	u8(0x83), 0x30, 0x00, 0x00, 0x10, 0x04, 0x00, 0x00, 0x00, 0xb4, 0x30, 0x00, 0x00, 0x10, 0x2c, 0x00,
	u8(0x00), 0x00, 0xbf, 0x30, 0x00, 0x00, 0x10, 0x2d, 0x00, 0x00, 0x00, 0xbf, 0x30, 0x00, 0x00, 0x10,
	u8(0xb5), 0x00, 0x00, 0x00, 0xbf, 0x30, 0x00, 0x00, 0x00, 0x40, 0x10, 0x3d, 0x00, 0x00, 0x00, 0x23,
	u8(0x30), 0x00, 0x00, 0x0f, 0x17, 0x00, 0x00, 0x00, 0x01, 0x00, 0x00, 0x00, 0xff, 0xff, 0xff, 0xff,
	u8(0xde), 0x30, 0x00, 0x00, 0x00, 0x40, 0x0f, 0x01, 0x00, 0x00, 0x00, 0x01, 0x00, 0x00, 0x00, 0xff,
	u8(0xff), 0xff, 0xff, 0x49, 0x30, 0x00, 0x00, 0x00, 0x40, 0x03, 0x05, 0x00, 0x00, 0x00, 0x00, 0x12,
	u8(0x05), 0x0f, 0x1f, 0x00, 0x00, 0x00, 0x01, 0x00, 0x00, 0x00, 0xff, 0xff, 0xff, 0xff, 0x62, 0x30,
	u8(0x00), 0x00, 0x08, 0x30, 0x13, 0x31, 0x00, 0x00, 0x03, 0x02, 0xd1, 0x2f, 0x00, 0x00, 0x07, 0x03,
	u8(0x00), 0xff, 0xff, 0xff, 0xff, 0x03, 0x05, 0x01, 0x00, 0x00, 0x00, 0x12, 0x05, 0x03, 0x02, 0x49,
	u8(0x30), 0x00, 0x00, 0x00, 0x05, 0x03, 0x06, 0x01, 0x00, 0x00, 0x00, 0x12, 0x06, 0x13, 0x10, 0x41,
	u8(0x00), 0x00, 0x00, 0x1f, 0x31, 0x00, 0x00, 0x0f, 0x03, 0x00, 0x00, 0x00, 0x01, 0x00, 0x00, 0x00,
	u8(0xff), 0xff, 0xff, 0xff, 0xa8, 0x30, 0x00, 0x00, 0x08, 0x50, 0x2d, 0x31, 0x00, 0x00, 0x03, 0x02,
	u8(0x83), 0x30, 0x00, 0x00, 0x06, 0x95, 0x70, 0x00, 0x00, 0x03, 0x02, 0x49, 0x30, 0x00, 0x00, 0x0f,
	u8(0x01), 0x00, 0x00, 0x00, 0x01, 0x00, 0x00, 0x00, 0xff, 0xff, 0xff, 0xff, 0x49, 0x30, 0x00, 0x00,
	u8(0x03), 0x05, 0x05, 0x00, 0x00, 0x00, 0x12, 0x05, 0x03, 0x02, 0x49, 0x30, 0x00, 0x00, 0x00, 0x05,
	u8(0x10), 0x40, 0x00, 0x00, 0x00, 0x39, 0x31, 0x00, 0x00, 0x00, 0x06, 0x11, 0x50, 0x00, 0x00, 0x00,
	u8(0x52), 0x31, 0x00, 0x00, 0x0f, 0x01, 0x00, 0x00, 0x00, 0x01, 0x00, 0x00, 0x00, 0xff, 0xff, 0xff,
	u8(0xff), 0x49, 0x30, 0x00, 0x00, 0x03, 0x07, 0x06, 0x00, 0x00, 0x00, 0x12, 0x07, 0x03, 0x02, 0x49,
	u8(0x30), 0x00, 0x00, 0x04, 0x00, 0x01, 0x00, 0x00, 0x00, 0x03, 0x02, 0xd1, 0x2f, 0x00, 0x00, 0x03,
	u8(0x06), 0x01, 0x00, 0x00, 0x00, 0x12, 0x06, 0x03, 0x02, 0x49, 0x30, 0x00, 0x00, 0x04, 0x00, 0x01,
	u8(0x00), 0x00, 0x00, 0x03, 0x02, 0x83, 0x30, 0x00, 0x00, 0x0f, 0x17, 0x00, 0x00, 0x00, 0x01, 0x00,
	u8(0x00), 0x00, 0xff, 0xff, 0xff, 0xff, 0xe9, 0x30, 0x00, 0x00, 0x00, 0x50, 0x03, 0x02, 0xe9, 0x30,
	u8(0x00), 0x00, 0x10, 0x53, 0x00, 0x00, 0x00, 0x64, 0x31, 0x00, 0x00, 0x10, 0x3d, 0x00, 0x00, 0x00,
	u8(0x64), 0x31, 0x00, 0x00, 0x0f, 0x17, 0x00, 0x00, 0x00, 0x01, 0x00, 0x00, 0x00, 0xff, 0xff, 0xff,
	u8(0xff), 0xf4, 0x30, 0x00, 0x00, 0x00, 0x60, 0x03, 0x02, 0xf4, 0x30, 0x00, 0x00, 0x00, 0x03, 0x0e,
	u8(0x32), 0x32, 0x00, 0x00, 0x03, 0x04, 0x00, 0x00, 0x00, 0x00, 0x12, 0x04, 0x00, 0x04, 0x10, 0x00,
	u8(0x00), 0x00, 0x00, 0x33, 0x32, 0x00, 0x00, 0x10, 0x39, 0x01, 0x00, 0x00, 0x47, 0x32, 0x00, 0x00,
	u8(0x10), 0x3a, 0x01, 0x00, 0x00, 0x47, 0x32, 0x00, 0x00, 0x10, 0x87, 0x00, 0x00, 0x00, 0x47, 0x32,
	u8(0x00), 0x00, 0x00, 0x40, 0x10, 0x0d, 0x00, 0x00, 0x00, 0x66, 0x32, 0x00, 0x00, 0x10, 0x0a, 0x00,
	u8(0x00), 0x00, 0x66, 0x32, 0x00, 0x00, 0x10, 0x3b, 0x01, 0x00, 0x00, 0x66, 0x32, 0x00, 0x00, 0x10,
	u8(0x3c), 0x01, 0x00, 0x00, 0x66, 0x32, 0x00, 0x00, 0x10, 0x05, 0x00, 0x00, 0x00, 0x66, 0x32, 0x00,
	u8(0x00), 0x10, 0x07, 0x00, 0x00, 0x00, 0x66, 0x32, 0x00, 0x00, 0x00, 0x40, 0x10, 0x82, 0x00, 0x00,
	u8(0x00), 0x85, 0x32, 0x00, 0x00, 0x00, 0x40, 0x10, 0x3d, 0x01, 0x00, 0x00, 0xc6, 0x32, 0x00, 0x00,
	u8(0x00), 0x40, 0x10, 0x04, 0x00, 0x00, 0x00, 0xfc, 0x32, 0x00, 0x00, 0x00, 0x40, 0x03, 0x05, 0x00,
	u8(0x00), 0x00, 0x00, 0x12, 0x05, 0x0f, 0x20, 0x00, 0x00, 0x00, 0x01, 0x00, 0x00, 0x00, 0xff, 0xff,
	u8(0xff), 0xff, 0x26, 0x32, 0x00, 0x00, 0x08, 0x30, 0x07, 0x33, 0x00, 0x00, 0x03, 0x02, 0x7d, 0x31,
	u8(0x00), 0x00, 0x07, 0x03, 0x00, 0xff, 0xff, 0xff, 0xff, 0x03, 0x05, 0x01, 0x00, 0x00, 0x00, 0x12,
	u8(0x05), 0x03, 0x02, 0x0d, 0x32, 0x00, 0x00, 0x0f, 0x01, 0x00, 0x00, 0x00, 0x01, 0x00, 0x00, 0x00,
	u8(0xff), 0xff, 0xff, 0xff, 0x13, 0x33, 0x00, 0x00, 0x03, 0x05, 0x08, 0x00, 0x00, 0x00, 0x12, 0x05,
	u8(0x03), 0x02, 0x0d, 0x32, 0x00, 0x00, 0x0f, 0x01, 0x00, 0x00, 0x00, 0x01, 0x00, 0x00, 0x00, 0xff,
	u8(0xff), 0xff, 0xff, 0x21, 0x33, 0x00, 0x00, 0x03, 0x05, 0x07, 0x00, 0x00, 0x00, 0x12, 0x05, 0x03,
	u8(0x02), 0x0d, 0x32, 0x00, 0x00, 0x0f, 0x01, 0x00, 0x00, 0x00, 0x01, 0x00, 0x00, 0x00, 0xff, 0xff,
	u8(0xff), 0xff, 0x2f, 0x33, 0x00, 0x00, 0x03, 0x05, 0x08, 0x00, 0x00, 0x00, 0x12, 0x05, 0x0f, 0x04,
	u8(0x00), 0x00, 0x00, 0x01, 0x00, 0x00, 0x00, 0xff, 0xff, 0xff, 0xff, 0x3d, 0x33, 0x00, 0x00, 0x0f,
	u8(0x1a), 0x00, 0x00, 0x00, 0x01, 0x00, 0x00, 0x00, 0xff, 0xff, 0xff, 0xff, 0x4b, 0x33, 0x00, 0x00,
	u8(0x03), 0x02, 0x0d, 0x32, 0x00, 0x00, 0x00, 0x05, 0x0e, 0x0d, 0x32, 0x00, 0x00, 0x10, 0xfd, 0x00,
	u8(0x00), 0x00, 0x59, 0x33, 0x00, 0x00, 0x10, 0x3d, 0x01, 0x00, 0x00, 0x65, 0x33, 0x00, 0x00, 0x0f,
	u8(0x21), 0x00, 0x00, 0x00, 0x01, 0x00, 0x00, 0x00, 0xff, 0xff, 0xff, 0xff, 0xf0, 0x32, 0x00, 0x00,
	u8(0x08), 0x50, 0x73, 0x33, 0x00, 0x00, 0x03, 0x02, 0xc6, 0x32, 0x00, 0x00, 0x06, 0x95, 0x70, 0x00,
	u8(0x00), 0x03, 0x02, 0x0d, 0x32, 0x00, 0x00, 0x04, 0x00, 0x01, 0x00, 0x00, 0x00, 0x03, 0x02, 0x7d,
	u8(0x31), 0x00, 0x00, 0x03, 0x05, 0x00, 0x00, 0x00, 0x00, 0x12, 0x05, 0x03, 0x02, 0x0d, 0x32, 0x00,
	u8(0x00), 0x03, 0x05, 0x00, 0x00, 0x00, 0x00, 0x12, 0x05, 0x03, 0x02, 0x0d, 0x32, 0x00, 0x00, 0x03,
	u8(0x05), 0x00, 0x00, 0x00, 0x00, 0x12, 0x05, 0x03, 0x02, 0x0d, 0x32, 0x00, 0x00, 0x03, 0x05, 0x00,
	u8(0x00), 0x00, 0x00, 0x12, 0x05, 0x03, 0x02, 0xaf, 0x32, 0x00, 0x00, 0x03, 0x05, 0x10, 0x00, 0x00,
	u8(0x00), 0x12, 0x05, 0x03, 0x02, 0x0d, 0x32, 0x00, 0x00, 0x04, 0x00, 0x01, 0x00, 0x00, 0x00, 0x03,
	u8(0x02), 0xdf, 0x32, 0x00, 0x00, 0x03, 0x05, 0x03, 0x00, 0x00, 0x00, 0x12, 0x05, 0x03, 0x02, 0x0d,
	u8(0x32), 0x00, 0x00, 0x04, 0x00, 0x01, 0x00, 0x00, 0x00, 0x03, 0x02, 0xc6, 0x32, 0x00, 0x00, 0x00,
	u8(0x03), 0x0e, 0x42, 0x35, 0x00, 0x00, 0x03, 0x04, 0x00, 0x00, 0x00, 0x00, 0x12, 0x04, 0x00, 0x04,
	u8(0x10), 0x3e, 0x01, 0x00, 0x00, 0x43, 0x35, 0x00, 0x00, 0x10, 0x3f, 0x01, 0x00, 0x00, 0x74, 0x35,
	u8(0x00), 0x00, 0x10, 0x40, 0x01, 0x00, 0x00, 0xa5, 0x35, 0x00, 0x00, 0x10, 0x41, 0x01, 0x00, 0x00,
	u8(0xb9), 0x35, 0x00, 0x00, 0x10, 0x42, 0x01, 0x00, 0x00, 0xea, 0x35, 0x00, 0x00, 0x10, 0x03, 0x00,
	u8(0x00), 0x00, 0x1b, 0x36, 0x00, 0x00, 0x10, 0x04, 0x00, 0x00, 0x00, 0x26, 0x36, 0x00, 0x00, 0x10,
	u8(0x05), 0x00, 0x00, 0x00, 0x31, 0x36, 0x00, 0x00, 0x10, 0x07, 0x00, 0x00, 0x00, 0x31, 0x36, 0x00,
	u8(0x00), 0x10, 0x09, 0x00, 0x00, 0x00, 0x31, 0x36, 0x00, 0x00, 0x10, 0x0a, 0x00, 0x00, 0x00, 0x31,
	u8(0x36), 0x00, 0x00, 0x10, 0x43, 0x01, 0x00, 0x00, 0x31, 0x36, 0x00, 0x00, 0x10, 0xd3, 0x00, 0x00,
	u8(0x00), 0x31, 0x36, 0x00, 0x00, 0x10, 0x0b, 0x00, 0x00, 0x00, 0x31, 0x36, 0x00, 0x00, 0x10, 0xcd,
	u8(0x00), 0x00, 0x00, 0x31, 0x36, 0x00, 0x00, 0x10, 0x0c, 0x00, 0x00, 0x00, 0x31, 0x36, 0x00, 0x00,
	u8(0x10), 0x0d, 0x00, 0x00, 0x00, 0x31, 0x36, 0x00, 0x00, 0x10, 0x98, 0x00, 0x00, 0x00, 0x31, 0x36,
	u8(0x00), 0x00, 0x10, 0x44, 0x01, 0x00, 0x00, 0x31, 0x36, 0x00, 0x00, 0x10, 0x0e, 0x00, 0x00, 0x00,
	u8(0x31), 0x36, 0x00, 0x00, 0x10, 0xcb, 0x00, 0x00, 0x00, 0x31, 0x36, 0x00, 0x00, 0x10, 0x3b, 0x01,
	u8(0x00), 0x00, 0x31, 0x36, 0x00, 0x00, 0x10, 0x10, 0x00, 0x00, 0x00, 0x31, 0x36, 0x00, 0x00, 0x00,
	u8(0x40), 0x10, 0x84, 0x00, 0x00, 0x00, 0x50, 0x36, 0x00, 0x00, 0x10, 0x63, 0x00, 0x00, 0x00, 0x50,
	u8(0x36), 0x00, 0x00, 0x10, 0x45, 0x01, 0x00, 0x00, 0x50, 0x36, 0x00, 0x00, 0x10, 0x9f, 0x00, 0x00,
	u8(0x00), 0x50, 0x36, 0x00, 0x00, 0x10, 0xa1, 0x00, 0x00, 0x00, 0x50, 0x36, 0x00, 0x00, 0x10, 0xdf,
	u8(0x00), 0x00, 0x00, 0x50, 0x36, 0x00, 0x00, 0x10, 0x22, 0x00, 0x00, 0x00, 0x50, 0x36, 0x00, 0x00,
	u8(0x00), 0x40, 0x10, 0x2c, 0x00, 0x00, 0x00, 0x6f, 0x36, 0x00, 0x00, 0x10, 0x2d, 0x00, 0x00, 0x00,
	u8(0x6f), 0x36, 0x00, 0x00, 0x10, 0x1a, 0x01, 0x00, 0x00, 0x6f, 0x36, 0x00, 0x00, 0x00, 0x40, 0x00,
	u8(0x05), 0x11, 0x3e, 0x00, 0x00, 0x00, 0x8e, 0x36, 0x00, 0x00, 0x00, 0x05, 0x11, 0x3d, 0x00, 0x00,
	u8(0x00), 0xd5, 0x34, 0x00, 0x00, 0x0f, 0x17, 0x00, 0x00, 0x00, 0x01, 0x00, 0x00, 0x00, 0xff, 0xff,
	u8(0xff), 0xff, 0xa7, 0x36, 0x00, 0x00, 0x00, 0x06, 0x11, 0x40, 0x00, 0x00, 0x00, 0xda, 0x36, 0x00,
	u8(0x00), 0x00, 0x50, 0x00, 0x40, 0x00, 0x05, 0x0f, 0x01, 0x00, 0x00, 0x00, 0x01, 0x00, 0x00, 0x00,
	u8(0xff), 0xff, 0xff, 0xff, 0xf3, 0x36, 0x00, 0x00, 0x00, 0x40, 0x0f, 0x01, 0x00, 0x00, 0x00, 0x01,
	u8(0x00), 0x00, 0x00, 0xff, 0xff, 0xff, 0xff, 0x1d, 0x35, 0x00, 0x00, 0x00, 0x40, 0x03, 0x06, 0x00,
	u8(0x00), 0x00, 0x00, 0x12, 0x06, 0x0f, 0x22, 0x00, 0x00, 0x00, 0x01, 0x00, 0x00, 0x00, 0xff, 0xff,
	u8(0xff), 0xff, 0x36, 0x35, 0x00, 0x00, 0x08, 0x30, 0x15, 0x37, 0x00, 0x00, 0x03, 0x02, 0x7f, 0x33,
	u8(0x00), 0x00, 0x07, 0x00, 0x05, 0x03, 0x06, 0x01, 0x00, 0x00, 0x00, 0x12, 0x06, 0x10, 0x46, 0x01,
	u8(0x00), 0x00, 0x21, 0x37, 0x00, 0x00, 0x13, 0x0f, 0x23, 0x00, 0x00, 0x00, 0x01, 0x00, 0x00, 0x00,
	u8(0xff), 0xff, 0xff, 0xff, 0x68, 0x35, 0x00, 0x00, 0x08, 0x50, 0x2f, 0x37, 0x00, 0x00, 0x03, 0x02,
	u8(0x43), 0x35, 0x00, 0x00, 0x00, 0x05, 0x03, 0x06, 0x01, 0x00, 0x00, 0x00, 0x12, 0x06, 0x10, 0x47,
	u8(0x01), 0x00, 0x00, 0x3b, 0x37, 0x00, 0x00, 0x13, 0x0f, 0x23, 0x00, 0x00, 0x00, 0x01, 0x00, 0x00,
	u8(0x00), 0xff, 0xff, 0xff, 0xff, 0x99, 0x35, 0x00, 0x00, 0x08, 0x50, 0x49, 0x37, 0x00, 0x00, 0x03,
	u8(0x02), 0x74, 0x35, 0x00, 0x00, 0x03, 0x00, 0xff, 0xff, 0xff, 0xff, 0x03, 0x05, 0x01, 0x00, 0x00,
	u8(0x00), 0x12, 0x05, 0x03, 0x02, 0x1d, 0x35, 0x00, 0x00, 0x00, 0x05, 0x03, 0x06, 0x03, 0x00, 0x00,
	u8(0x00), 0x12, 0x06, 0x10, 0x46, 0x01, 0x00, 0x00, 0x55, 0x37, 0x00, 0x00, 0x13, 0x0f, 0x23, 0x00,
	u8(0x00), 0x00, 0x01, 0x00, 0x00, 0x00, 0xff, 0xff, 0xff, 0xff, 0xde, 0x35, 0x00, 0x00, 0x08, 0x50,
	u8(0x63), 0x37, 0x00, 0x00, 0x03, 0x02, 0xb9, 0x35, 0x00, 0x00, 0x00, 0x05, 0x03, 0x06, 0x03, 0x00,
	u8(0x00), 0x00, 0x12, 0x06, 0x10, 0x47, 0x01, 0x00, 0x00, 0x6f, 0x37, 0x00, 0x00, 0x13, 0x0f, 0x23,
	u8(0x00), 0x00, 0x00, 0x01, 0x00, 0x00, 0x00, 0xff, 0xff, 0xff, 0xff, 0x0f, 0x36, 0x00, 0x00, 0x08,
	u8(0x50), 0x7d, 0x37, 0x00, 0x00, 0x03, 0x02, 0xea, 0x35, 0x00, 0x00, 0x06, 0x3d, 0x70, 0x00, 0x00,
	u8(0x03), 0x02, 0x1d, 0x35, 0x00, 0x00, 0x06, 0x95, 0x70, 0x00, 0x00, 0x03, 0x02, 0x1d, 0x35, 0x00,
	u8(0x00), 0x0f, 0x01, 0x00, 0x00, 0x00, 0x01, 0x00, 0x00, 0x00, 0x01, 0x00, 0x00, 0x00, 0x5f, 0x34,
	u8(0x00), 0x00, 0x03, 0x07, 0x07, 0x00, 0x00, 0x00, 0x12, 0x07, 0x03, 0x02, 0x1d, 0x35, 0x00, 0x00,
	u8(0x0f), 0x01, 0x00, 0x00, 0x00, 0x01, 0x00, 0x00, 0x00, 0x01, 0x00, 0x00, 0x00, 0xa0, 0x34, 0x00,
	u8(0x00), 0x03, 0x07, 0x08, 0x00, 0x00, 0x00, 0x12, 0x07, 0x03, 0x02, 0x1d, 0x35, 0x00, 0x00, 0x0f,
	u8(0x01), 0x00, 0x00, 0x00, 0x01, 0x00, 0x00, 0x00, 0x01, 0x00, 0x00, 0x00, 0xbd, 0x34, 0x00, 0x00,
	u8(0x03), 0x07, 0x05, 0x00, 0x00, 0x00, 0x12, 0x07, 0x03, 0x02, 0x1d, 0x35, 0x00, 0x00, 0x0f, 0x24,
	u8(0x00), 0x00, 0x00, 0x01, 0x00, 0x00, 0x00, 0xff, 0xff, 0xff, 0xff, 0x89, 0x37, 0x00, 0x00, 0x00,
	u8(0x50), 0x03, 0x02, 0xca, 0x34, 0x00, 0x00, 0x11, 0x40, 0x00, 0x00, 0x00, 0xa5, 0x37, 0x00, 0x00,
	u8(0x00), 0x06, 0x11, 0x50, 0x00, 0x00, 0x00, 0xbc, 0x37, 0x00, 0x00, 0x0f, 0x01, 0x00, 0x00, 0x00,
	u8(0x01), 0x00, 0x00, 0x00, 0xff, 0xff, 0xff, 0xff, 0x1d, 0x35, 0x00, 0x00, 0x03, 0x08, 0x06, 0x00,
	u8(0x00), 0x00, 0x12, 0x08, 0x03, 0x02, 0x1d, 0x35, 0x00, 0x00, 0x0f, 0x17, 0x00, 0x00, 0x00, 0x01,
	u8(0x00), 0x00, 0x00, 0xff, 0xff, 0xff, 0xff, 0xb0, 0x36, 0x00, 0x00, 0x00, 0x60, 0x03, 0x02, 0xf1,
	u8(0x34), 0x00, 0x00, 0x00, 0x06, 0x0f, 0x04, 0x00, 0x00, 0x00, 0x00, 0x00, 0x00, 0x00, 0xff, 0xff,
	u8(0xff), 0xff, 0x06, 0x37, 0x00, 0x00, 0x10, 0x52, 0x00, 0x00, 0x00, 0xe7, 0x37, 0x00, 0x00, 0x03,
	u8(0x02), 0x08, 0x35, 0x00, 0x00, 0x04, 0x00, 0x01, 0x00, 0x00, 0x00, 0x03, 0x02, 0x7f, 0x33, 0x00,
	u8(0x00), 0x03, 0x06, 0x01, 0x00, 0x00, 0x00, 0x12, 0x06, 0x03, 0x02, 0x1d, 0x35, 0x00, 0x00, 0x04,
	u8(0x00), 0x01, 0x00, 0x00, 0x00, 0x03, 0x02, 0x43, 0x35, 0x00, 0x00, 0x03, 0x06, 0x01, 0x00, 0x00,
	u8(0x00), 0x12, 0x06, 0x03, 0x02, 0x1d, 0x35, 0x00, 0x00, 0x04, 0x00, 0x01, 0x00, 0x00, 0x00, 0x03,
	u8(0x02), 0x74, 0x35, 0x00, 0x00, 0x03, 0x06, 0x03, 0x00, 0x00, 0x00, 0x12, 0x06, 0x03, 0x02, 0x1d,
	u8(0x35), 0x00, 0x00, 0x04, 0x00, 0x01, 0x00, 0x00, 0x00, 0x03, 0x02, 0xb9, 0x35, 0x00, 0x00, 0x03,
	u8(0x06), 0x03, 0x00, 0x00, 0x00, 0x12, 0x06, 0x03, 0x02, 0x1d, 0x35, 0x00, 0x00, 0x04, 0x00, 0x01,
	u8(0x00), 0x00, 0x00, 0x03, 0x02, 0xea, 0x35, 0x00, 0x00, 0x00, 0x06, 0x11, 0x40, 0x00, 0x00, 0x00,
	u8(0xfd), 0x37, 0x00, 0x00, 0x00, 0x07, 0x11, 0x51, 0x00, 0x00, 0x00, 0x16, 0x38, 0x00, 0x00, 0x03,
	u8(0x02), 0xbb, 0x36, 0x00, 0x00, 0x0f, 0x17, 0x00, 0x00, 0x00, 0x00, 0x00, 0x00, 0x00, 0xff, 0xff,
	u8(0xff), 0xff, 0xb0, 0x36, 0x00, 0x00, 0x03, 0x02, 0xb0, 0x36, 0x00, 0x00, 0x10, 0x53, 0x00, 0x00,
	u8(0x00), 0xce, 0x37, 0x00, 0x00, 0x10, 0x3d, 0x00, 0x00, 0x00, 0xce, 0x37, 0x00, 0x00, 0x0f, 0x17,
	u8(0x00), 0x00, 0x00, 0x01, 0x00, 0x00, 0x00, 0xff, 0xff, 0xff, 0xff, 0xbb, 0x36, 0x00, 0x00, 0x00,
	u8(0x60), 0x03, 0x02, 0xbb, 0x36, 0x00, 0x00, 0x00, 0x07, 0x00, 0x51, 0x00, 0x60, 0x03, 0x06, 0x02,
	u8(0x00), 0x00, 0x00, 0x12, 0x06, 0x00, 0x70, 0x03, 0x02, 0x1d, 0x35, 0x00, 0x00, 0x0f, 0x24, 0x00,
	u8(0x00), 0x00, 0x01, 0x00, 0x00, 0x00, 0xff, 0xff, 0xff, 0xff, 0x94, 0x37, 0x00, 0x00, 0x00, 0x60,
	u8(0x03), 0x02, 0x94, 0x37, 0x00, 0x00, 0x10, 0x53, 0x00, 0x00, 0x00, 0x28, 0x38, 0x00, 0x00, 0x10,
	u8(0x3d), 0x00, 0x00, 0x00, 0x28, 0x38, 0x00, 0x00, 0x0f, 0x17, 0x00, 0x00, 0x00, 0x01, 0x00, 0x00,
	u8(0x00), 0xff, 0xff, 0xff, 0xff, 0xbb, 0x36, 0x00, 0x00, 0x00, 0x70, 0x03, 0x02, 0xbb, 0x36, 0x00,
	u8(0x00), 0x00, 0x03, 0x10, 0x48, 0x01, 0x00, 0x00, 0x31, 0x39, 0x00, 0x00, 0x10, 0x49, 0x01, 0x00,
	u8(0x00), 0x31, 0x39, 0x00, 0x00, 0x00, 0x30, 0x0f, 0x04, 0x00, 0x00, 0x00, 0x01, 0x00, 0x00, 0x00,
	u8(0xff), 0xff, 0xff, 0xff, 0x40, 0x39, 0x00, 0x00, 0x00, 0x03, 0x0f, 0x25, 0x00, 0x00, 0x00, 0x01,
	u8(0x00), 0x00, 0x00, 0xff, 0xff, 0xff, 0xff, 0x4e, 0x39, 0x00, 0x00, 0x10, 0x4a, 0x01, 0x00, 0x00,
	u8(0x67), 0x39, 0x00, 0x00, 0x10, 0x4b, 0x01, 0x00, 0x00, 0x76, 0x39, 0x00, 0x00, 0x00, 0x03, 0x10,
	u8(0x4c), 0x01, 0x00, 0x00, 0x38, 0x3a, 0x00, 0x00, 0x10, 0x3d, 0x00, 0x00, 0x00, 0x38, 0x3a, 0x00,
	u8(0x00), 0x00, 0x30, 0x00, 0x04, 0x0e, 0x75, 0x39, 0x00, 0x00, 0x03, 0x05, 0x00, 0x00, 0x00, 0x00,
	u8(0x12), 0x05, 0x10, 0x7f, 0x00, 0x00, 0x00, 0x4f, 0x3a, 0x00, 0x00, 0x10, 0x4d, 0x01, 0x00, 0x00,
	u8(0x7f), 0x3a, 0x00, 0x00, 0x10, 0x4e, 0x01, 0x00, 0x00, 0xea, 0x3a, 0x00, 0x00, 0x10, 0x4f, 0x01,
	u8(0x00), 0x00, 0x44, 0x3b, 0x00, 0x00, 0x10, 0x4c, 0x01, 0x00, 0x00, 0x9e, 0x3b, 0x00, 0x00, 0x10,
	u8(0x50), 0x01, 0x00, 0x00, 0xf8, 0x3b, 0x00, 0x00, 0x10, 0x4b, 0x01, 0x00, 0x00, 0x52, 0x3c, 0x00,
	u8(0x00), 0x10, 0xc9, 0x00, 0x00, 0x00, 0x7f, 0x3c, 0x00, 0x00, 0x10, 0x0f, 0x01, 0x00, 0x00, 0xac,
	u8(0x3c), 0x00, 0x00, 0x10, 0xfd, 0x00, 0x00, 0x00, 0xd9, 0x3c, 0x00, 0x00, 0x03, 0x05, 0x00, 0x00,
	u8(0x00), 0x00, 0x12, 0x05, 0x0f, 0x26, 0x00, 0x00, 0x00, 0x01, 0x00, 0x00, 0x00, 0xff, 0xff, 0xff,
	u8(0xff), 0x25, 0x39, 0x00, 0x00, 0x08, 0x40, 0xe5, 0x3c, 0x00, 0x00, 0x03, 0x02, 0xa3, 0x38, 0x00,
	u8(0x00), 0x03, 0x00, 0xff, 0xff, 0xff, 0xff, 0x03, 0x04, 0x00, 0x00, 0x00, 0x00, 0x12, 0x04, 0x07,
	u8(0x03), 0x03, 0x00, 0x00, 0x00, 0x00, 0x12, 0x03, 0x03, 0x02, 0x68, 0x38, 0x00, 0x00, 0x0f, 0x04,
	u8(0x00), 0x00, 0x00, 0x01, 0x00, 0x00, 0x00, 0xff, 0xff, 0xff, 0xff, 0xf1, 0x3c, 0x00, 0x00, 0x00,
	u8(0x30), 0x03, 0x02, 0x7b, 0x38, 0x00, 0x00, 0x03, 0x00, 0xff, 0xff, 0xff, 0xff, 0x03, 0x03, 0x01,
	u8(0x00), 0x00, 0x00, 0x12, 0x03, 0x07, 0x00, 0x03, 0x11, 0x51, 0x01, 0x00, 0x00, 0x00, 0x3d, 0x00,
	u8(0x00), 0x11, 0x52, 0x01, 0x00, 0x00, 0x00, 0x3d, 0x00, 0x00, 0x00, 0x30, 0x11, 0xc4, 0x00, 0x00,
	u8(0x00), 0x49, 0x3d, 0x00, 0x00, 0x00, 0x30, 0x11, 0x53, 0x01, 0x00, 0x00, 0x92, 0x3d, 0x00, 0x00,
	u8(0x11), 0x54, 0x01, 0x00, 0x00, 0x92, 0x3d, 0x00, 0x00, 0x00, 0x30, 0x11, 0x55, 0x01, 0x00, 0x00,
	u8(0xdb), 0x3d, 0x00, 0x00, 0x00, 0x30, 0x11, 0x56, 0x01, 0x00, 0x00, 0x24, 0x3e, 0x00, 0x00, 0x00,
	u8(0x30), 0x11, 0x57, 0x01, 0x00, 0x00, 0x6d, 0x3e, 0x00, 0x00, 0x11, 0x58, 0x01, 0x00, 0x00, 0x6d,
	u8(0x3e), 0x00, 0x00, 0x00, 0x30, 0x11, 0x59, 0x01, 0x00, 0x00, 0xb6, 0x3e, 0x00, 0x00, 0x00, 0x30,
	u8(0x11), 0x5a, 0x01, 0x00, 0x00, 0xff, 0x3e, 0x00, 0x00, 0x11, 0x5b, 0x01, 0x00, 0x00, 0xff, 0x3e,
	u8(0x00), 0x00, 0x00, 0x30, 0x00, 0x03, 0x13, 0x00, 0x04, 0x0f, 0x04, 0x00, 0x00, 0x00, 0x00, 0x00,
	u8(0x00), 0x00, 0xff, 0xff, 0xff, 0xff, 0x0a, 0x3a, 0x00, 0x00, 0x10, 0x4b, 0x01, 0x00, 0x00, 0x48,
	u8(0x3f), 0x00, 0x00, 0x00, 0x40, 0x03, 0x00, 0xff, 0xff, 0xff, 0xff, 0x0f, 0x27, 0x00, 0x00, 0x00,
	u8(0x01), 0x00, 0x00, 0x00, 0xff, 0xff, 0xff, 0xff, 0x2c, 0x3a, 0x00, 0x00, 0x08, 0x30, 0x4f, 0x3f,
	u8(0x00), 0x00, 0x03, 0x02, 0xf4, 0x39, 0x00, 0x00, 0x0f, 0x04, 0x00, 0x00, 0x00, 0x01, 0x00, 0x00,
	u8(0x00), 0xff, 0xff, 0xff, 0xff, 0x5b, 0x3f, 0x00, 0x00, 0x03, 0x02, 0xa1, 0x38, 0x00, 0x00, 0x03,
	u8(0x05), 0x00, 0x00, 0x00, 0x00, 0x12, 0x05, 0x0f, 0x23, 0x00, 0x00, 0x00, 0x00, 0x00, 0x00, 0x00,
	u8(0xff), 0xff, 0xff, 0xff, 0x68, 0x3a, 0x00, 0x00, 0x03, 0x05, 0x03, 0x00, 0x00, 0x00, 0x12, 0x05,
	u8(0x10), 0x5c, 0x01, 0x00, 0x00, 0x69, 0x3f, 0x00, 0x00, 0x03, 0x02, 0x0c, 0x39, 0x00, 0x00, 0x0f,
	u8(0x28), 0x00, 0x00, 0x00, 0x01, 0x00, 0x00, 0x00, 0xff, 0xff, 0xff, 0xff, 0x0c, 0x39, 0x00, 0x00,
	u8(0x0f), 0x04, 0x00, 0x00, 0x00, 0x01, 0x00, 0x00, 0x00, 0xff, 0xff, 0xff, 0xff, 0x0c, 0x39, 0x00,
	u8(0x00), 0x00, 0x05, 0x0e, 0x0c, 0x39, 0x00, 0x00, 0x00, 0x06, 0x10, 0xfd, 0x00, 0x00, 0x00, 0xaa,
	u8(0x3f), 0x00, 0x00, 0x0f, 0x29, 0x00, 0x00, 0x00, 0x01, 0x00, 0x00, 0x00, 0xff, 0xff, 0xff, 0xff,
	u8(0xb6), 0x3f, 0x00, 0x00, 0x10, 0x4d, 0x01, 0x00, 0x00, 0x0c, 0x39, 0x00, 0x00, 0x0f, 0x04, 0x00,
	u8(0x00), 0x00, 0x01, 0x00, 0x00, 0x00, 0xff, 0xff, 0xff, 0xff, 0xde, 0x3a, 0x00, 0x00, 0x08, 0x50,
	u8(0xc7), 0x3f, 0x00, 0x00, 0x03, 0x02, 0xa1, 0x3a, 0x00, 0x00, 0x0f, 0x04, 0x00, 0x00, 0x00, 0x01,
	u8(0x00), 0x00, 0x00, 0xff, 0xff, 0xff, 0xff, 0x0c, 0x39, 0x00, 0x00, 0x00, 0x05, 0x0e, 0x0c, 0x39,
	u8(0x00), 0x00, 0x00, 0x06, 0x10, 0xfd, 0x00, 0x00, 0x00, 0xd3, 0x3f, 0x00, 0x00, 0x0f, 0x2a, 0x00,
	u8(0x00), 0x00, 0x01, 0x00, 0x00, 0x00, 0xff, 0xff, 0xff, 0xff, 0xdf, 0x3f, 0x00, 0x00, 0x10, 0x4e,
	u8(0x01), 0x00, 0x00, 0x0c, 0x39, 0x00, 0x00, 0x0f, 0x04, 0x00, 0x00, 0x00, 0x01, 0x00, 0x00, 0x00,
	u8(0xff), 0xff, 0xff, 0xff, 0x38, 0x3b, 0x00, 0x00, 0x08, 0x50, 0xf0, 0x3f, 0x00, 0x00, 0x03, 0x02,
	u8(0xfb), 0x3a, 0x00, 0x00, 0x0f, 0x04, 0x00, 0x00, 0x00, 0x01, 0x00, 0x00, 0x00, 0xff, 0xff, 0xff,
	u8(0xff), 0x0c, 0x39, 0x00, 0x00, 0x00, 0x05, 0x0e, 0x0c, 0x39, 0x00, 0x00, 0x00, 0x06, 0x10, 0xfd,
	u8(0x00), 0x00, 0x00, 0xfc, 0x3f, 0x00, 0x00, 0x0f, 0x29, 0x00, 0x00, 0x00, 0x01, 0x00, 0x00, 0x00,
	u8(0xff), 0xff, 0xff, 0xff, 0x08, 0x40, 0x00, 0x00, 0x10, 0x4f, 0x01, 0x00, 0x00, 0x0c, 0x39, 0x00,
	u8(0x00), 0x0f, 0x04, 0x00, 0x00, 0x00, 0x01, 0x00, 0x00, 0x00, 0xff, 0xff, 0xff, 0xff, 0x92, 0x3b,
	u8(0x00), 0x00, 0x08, 0x50, 0x19, 0x40, 0x00, 0x00, 0x03, 0x02, 0x55, 0x3b, 0x00, 0x00, 0x0f, 0x04,
	u8(0x00), 0x00, 0x00, 0x01, 0x00, 0x00, 0x00, 0xff, 0xff, 0xff, 0xff, 0x0c, 0x39, 0x00, 0x00, 0x00,
	u8(0x05), 0x0e, 0x0c, 0x39, 0x00, 0x00, 0x00, 0x06, 0x10, 0xfd, 0x00, 0x00, 0x00, 0x25, 0x40, 0x00,
	u8(0x00), 0x0f, 0x2a, 0x00, 0x00, 0x00, 0x01, 0x00, 0x00, 0x00, 0xff, 0xff, 0xff, 0xff, 0x31, 0x40,
	u8(0x00), 0x00, 0x10, 0x4c, 0x01, 0x00, 0x00, 0x0c, 0x39, 0x00, 0x00, 0x0f, 0x04, 0x00, 0x00, 0x00,
	u8(0x01), 0x00, 0x00, 0x00, 0xff, 0xff, 0xff, 0xff, 0xec, 0x3b, 0x00, 0x00, 0x08, 0x50, 0x42, 0x40,
	u8(0x00), 0x00, 0x03, 0x02, 0xaf, 0x3b, 0x00, 0x00, 0x0f, 0x04, 0x00, 0x00, 0x00, 0x01, 0x00, 0x00,
	u8(0x00), 0xff, 0xff, 0xff, 0xff, 0x0c, 0x39, 0x00, 0x00, 0x00, 0x05, 0x0e, 0x0c, 0x39, 0x00, 0x00,
	u8(0x00), 0x06, 0x10, 0xfd, 0x00, 0x00, 0x00, 0x4e, 0x40, 0x00, 0x00, 0x0f, 0x2b, 0x00, 0x00, 0x00,
	u8(0x01), 0x00, 0x00, 0x00, 0xff, 0xff, 0xff, 0xff, 0x5a, 0x40, 0x00, 0x00, 0x10, 0x50, 0x01, 0x00,
	u8(0x00), 0x0c, 0x39, 0x00, 0x00, 0x0f, 0x04, 0x00, 0x00, 0x00, 0x01, 0x00, 0x00, 0x00, 0xff, 0xff,
	u8(0xff), 0xff, 0x46, 0x3c, 0x00, 0x00, 0x08, 0x50, 0x6b, 0x40, 0x00, 0x00, 0x03, 0x02, 0x09, 0x3c,
	u8(0x00), 0x00, 0x00, 0x05, 0x0e, 0x77, 0x40, 0x00, 0x00, 0x10, 0x4b, 0x01, 0x00, 0x00, 0x77, 0x40,
	u8(0x00), 0x00, 0x0f, 0x12, 0x00, 0x00, 0x00, 0x01, 0x00, 0x00, 0x00, 0xff, 0xff, 0xff, 0xff, 0x73,
	u8(0x3c), 0x00, 0x00, 0x08, 0x50, 0x85, 0x40, 0x00, 0x00, 0x03, 0x02, 0x52, 0x3c, 0x00, 0x00, 0x00,
	u8(0x05), 0x0e, 0x91, 0x40, 0x00, 0x00, 0x10, 0xc9, 0x00, 0x00, 0x00, 0x91, 0x40, 0x00, 0x00, 0x0f,
	u8(0x12), 0x00, 0x00, 0x00, 0x01, 0x00, 0x00, 0x00, 0xff, 0xff, 0xff, 0xff, 0xa0, 0x3c, 0x00, 0x00,
	u8(0x08), 0x50, 0x9f, 0x40, 0x00, 0x00, 0x03, 0x02, 0x7f, 0x3c, 0x00, 0x00, 0x00, 0x05, 0x0e, 0xab,
	u8(0x40), 0x00, 0x00, 0x10, 0x0f, 0x01, 0x00, 0x00, 0xab, 0x40, 0x00, 0x00, 0x0f, 0x12, 0x00, 0x00,
	u8(0x00), 0x01, 0x00, 0x00, 0x00, 0xff, 0xff, 0xff, 0xff, 0xcd, 0x3c, 0x00, 0x00, 0x08, 0x50, 0xb9,
	u8(0x40), 0x00, 0x00, 0x03, 0x02, 0xac, 0x3c, 0x00, 0x00, 0x04, 0x00, 0x01, 0x00, 0x00, 0x00, 0x03,
	u8(0x02), 0x0c, 0x39, 0x00, 0x00, 0x04, 0x00, 0x01, 0x00, 0x00, 0x00, 0x03, 0x02, 0xa3, 0x38, 0x00,
	u8(0x00), 0x03, 0x00, 0xff, 0xff, 0xff, 0xff, 0x03, 0x04, 0x0d, 0x00, 0x00, 0x00, 0x12, 0x04, 0x07,
	u8(0x00), 0x04, 0x13, 0x00, 0x05, 0x0f, 0x04, 0x00, 0x00, 0x00, 0x00, 0x00, 0x00, 0x00, 0xff, 0xff,
	u8(0xff), 0xff, 0x16, 0x3d, 0x00, 0x00, 0x10, 0x4b, 0x01, 0x00, 0x00, 0xc5, 0x40, 0x00, 0x00, 0x00,
	u8(0x50), 0x06, 0xc0, 0x61, 0x00, 0x00, 0x03, 0x00, 0xff, 0xff, 0xff, 0xff, 0x0f, 0x27, 0x00, 0x00,
	u8(0x00), 0x01, 0x00, 0x00, 0x00, 0xff, 0xff, 0xff, 0xff, 0x3d, 0x3d, 0x00, 0x00, 0x08, 0x40, 0xc6,
	u8(0x40), 0x00, 0x00, 0x03, 0x02, 0x00, 0x3d, 0x00, 0x00, 0x00, 0x04, 0x13, 0x00, 0x05, 0x0f, 0x04,
	u8(0x00), 0x00, 0x00, 0x00, 0x00, 0x00, 0x00, 0xff, 0xff, 0xff, 0xff, 0x5f, 0x3d, 0x00, 0x00, 0x10,
	u8(0x4b), 0x01, 0x00, 0x00, 0xd2, 0x40, 0x00, 0x00, 0x00, 0x50, 0x06, 0xcf, 0x14, 0x00, 0x00, 0x03,
	u8(0x00), 0xff, 0xff, 0xff, 0xff, 0x0f, 0x27, 0x00, 0x00, 0x00, 0x01, 0x00, 0x00, 0x00, 0xff, 0xff,
	u8(0xff), 0xff, 0x86, 0x3d, 0x00, 0x00, 0x08, 0x40, 0xd3, 0x40, 0x00, 0x00, 0x03, 0x02, 0x49, 0x3d,
	u8(0x00), 0x00, 0x00, 0x04, 0x13, 0x00, 0x05, 0x0f, 0x04, 0x00, 0x00, 0x00, 0x00, 0x00, 0x00, 0x00,
	u8(0xff), 0xff, 0xff, 0xff, 0xa8, 0x3d, 0x00, 0x00, 0x10, 0x4b, 0x01, 0x00, 0x00, 0xdf, 0x40, 0x00,
	u8(0x00), 0x00, 0x50, 0x06, 0x6e, 0x2a, 0x00, 0x00, 0x03, 0x00, 0xff, 0xff, 0xff, 0xff, 0x0f, 0x27,
	u8(0x00), 0x00, 0x00, 0x01, 0x00, 0x00, 0x00, 0xff, 0xff, 0xff, 0xff, 0xcf, 0x3d, 0x00, 0x00, 0x08,
	u8(0x40), 0xe0, 0x40, 0x00, 0x00, 0x03, 0x02, 0x92, 0x3d, 0x00, 0x00, 0x00, 0x04, 0x13, 0x00, 0x05,
	u8(0x0f), 0x04, 0x00, 0x00, 0x00, 0x00, 0x00, 0x00, 0x00, 0xff, 0xff, 0xff, 0xff, 0xf1, 0x3d, 0x00,
	u8(0x00), 0x10, 0x4b, 0x01, 0x00, 0x00, 0xec, 0x40, 0x00, 0x00, 0x00, 0x50, 0x06, 0xd1, 0x2f, 0x00,
	u8(0x00), 0x03, 0x00, 0xff, 0xff, 0xff, 0xff, 0x0f, 0x27, 0x00, 0x00, 0x00, 0x01, 0x00, 0x00, 0x00,
	u8(0xff), 0xff, 0xff, 0xff, 0x18, 0x3e, 0x00, 0x00, 0x08, 0x40, 0xed, 0x40, 0x00, 0x00, 0x03, 0x02,
	u8(0xdb), 0x3d, 0x00, 0x00, 0x00, 0x04, 0x13, 0x00, 0x05, 0x0f, 0x04, 0x00, 0x00, 0x00, 0x00, 0x00,
	u8(0x00), 0x00, 0xff, 0xff, 0xff, 0xff, 0x3a, 0x3e, 0x00, 0x00, 0x10, 0x4b, 0x01, 0x00, 0x00, 0xf9,
	u8(0x40), 0x00, 0x00, 0x00, 0x50, 0x06, 0xaf, 0x41, 0x00, 0x00, 0x03, 0x00, 0xff, 0xff, 0xff, 0xff,
	u8(0x0f), 0x27, 0x00, 0x00, 0x00, 0x01, 0x00, 0x00, 0x00, 0xff, 0xff, 0xff, 0xff, 0x61, 0x3e, 0x00,
	u8(0x00), 0x08, 0x40, 0xfa, 0x40, 0x00, 0x00, 0x03, 0x02, 0x24, 0x3e, 0x00, 0x00, 0x00, 0x04, 0x13,
	u8(0x00), 0x05, 0x0f, 0x04, 0x00, 0x00, 0x00, 0x00, 0x00, 0x00, 0x00, 0xff, 0xff, 0xff, 0xff, 0x83,
	u8(0x3e), 0x00, 0x00, 0x10, 0x4b, 0x01, 0x00, 0x00, 0x06, 0x41, 0x00, 0x00, 0x00, 0x50, 0x06, 0xaf,
	u8(0x4f), 0x00, 0x00, 0x03, 0x00, 0xff, 0xff, 0xff, 0xff, 0x0f, 0x27, 0x00, 0x00, 0x00, 0x01, 0x00,
	u8(0x00), 0x00, 0xff, 0xff, 0xff, 0xff, 0xaa, 0x3e, 0x00, 0x00, 0x08, 0x40, 0x07, 0x41, 0x00, 0x00,
	u8(0x03), 0x02, 0x6d, 0x3e, 0x00, 0x00, 0x00, 0x04, 0x13, 0x00, 0x05, 0x0f, 0x04, 0x00, 0x00, 0x00,
	u8(0x00), 0x00, 0x00, 0x00, 0xff, 0xff, 0xff, 0xff, 0xcc, 0x3e, 0x00, 0x00, 0x10, 0x4b, 0x01, 0x00,
	u8(0x00), 0x13, 0x41, 0x00, 0x00, 0x00, 0x50, 0x06, 0x75, 0x74, 0x00, 0x00, 0x03, 0x00, 0xff, 0xff,
	u8(0xff), 0xff, 0x0f, 0x27, 0x00, 0x00, 0x00, 0x01, 0x00, 0x00, 0x00, 0xff, 0xff, 0xff, 0xff, 0xf3,
	u8(0x3e), 0x00, 0x00, 0x08, 0x40, 0x14, 0x41, 0x00, 0x00, 0x03, 0x02, 0xb6, 0x3e, 0x00, 0x00, 0x00,
	u8(0x04), 0x13, 0x00, 0x05, 0x0f, 0x04, 0x00, 0x00, 0x00, 0x00, 0x00, 0x00, 0x00, 0xff, 0xff, 0xff,
	u8(0xff), 0x15, 0x3f, 0x00, 0x00, 0x10, 0x4b, 0x01, 0x00, 0x00, 0x20, 0x41, 0x00, 0x00, 0x00, 0x50,
	u8(0x06), 0xb9, 0x48, 0x00, 0x00, 0x03, 0x00, 0xff, 0xff, 0xff, 0xff, 0x0f, 0x27, 0x00, 0x00, 0x00,
	u8(0x01), 0x00, 0x00, 0x00, 0xff, 0xff, 0xff, 0xff, 0x3c, 0x3f, 0x00, 0x00, 0x08, 0x40, 0x21, 0x41,
	u8(0x00), 0x00, 0x03, 0x02, 0xff, 0x3e, 0x00, 0x00, 0x03, 0x00, 0xff, 0xff, 0xff, 0xff, 0x07, 0x04,
	u8(0x00), 0x01, 0x00, 0x00, 0x00, 0x03, 0x02, 0xf4, 0x39, 0x00, 0x00, 0x03, 0x04, 0x11, 0x00, 0x00,
	u8(0x00), 0x12, 0x04, 0x03, 0x02, 0xa3, 0x38, 0x00, 0x00, 0x03, 0x05, 0x00, 0x00, 0x00, 0x00, 0x12,
	u8(0x05), 0x0f, 0x2c, 0x00, 0x00, 0x00, 0x01, 0x00, 0x00, 0x00, 0xff, 0xff, 0xff, 0xff, 0x2d, 0x41,
	u8(0x00), 0x00, 0x0f, 0x04, 0x00, 0x00, 0x00, 0x01, 0x00, 0x00, 0x00, 0xff, 0xff, 0xff, 0xff, 0x93,
	u8(0x3f), 0x00, 0x00, 0x03, 0x05, 0x00, 0x00, 0x00, 0x00, 0x12, 0x05, 0x10, 0x04, 0x00, 0x00, 0x00,
	u8(0x3b), 0x41, 0x00, 0x00, 0x03, 0x02, 0x0c, 0x39, 0x00, 0x00, 0x04, 0x00, 0x01, 0x00, 0x00, 0x00,
	u8(0x03), 0x02, 0xcd, 0x3a, 0x00, 0x00, 0x10, 0x4d, 0x01, 0x00, 0x00, 0x5b, 0x41, 0x00, 0x00, 0x00,
	u8(0x60), 0x03, 0x02, 0xc4, 0x3a, 0x00, 0x00, 0x04, 0x00, 0x01, 0x00, 0x00, 0x00, 0x03, 0x02, 0xa1,
	u8(0x3a), 0x00, 0x00, 0x04, 0x00, 0x01, 0x00, 0x00, 0x00, 0x03, 0x02, 0x27, 0x3b, 0x00, 0x00, 0x10,
	u8(0x4e), 0x01, 0x00, 0x00, 0x69, 0x41, 0x00, 0x00, 0x00, 0x60, 0x03, 0x02, 0x1e, 0x3b, 0x00, 0x00,
	u8(0x04), 0x00, 0x01, 0x00, 0x00, 0x00, 0x03, 0x02, 0xfb, 0x3a, 0x00, 0x00, 0x04, 0x00, 0x01, 0x00,
	u8(0x00), 0x00, 0x03, 0x02, 0x81, 0x3b, 0x00, 0x00, 0x10, 0x4f, 0x01, 0x00, 0x00, 0x77, 0x41, 0x00,
	u8(0x00), 0x00, 0x60, 0x03, 0x02, 0x78, 0x3b, 0x00, 0x00, 0x04, 0x00, 0x01, 0x00, 0x00, 0x00, 0x03,
	u8(0x02), 0x55, 0x3b, 0x00, 0x00, 0x04, 0x00, 0x01, 0x00, 0x00, 0x00, 0x03, 0x02, 0xdb, 0x3b, 0x00,
	u8(0x00), 0x10, 0x4c, 0x01, 0x00, 0x00, 0x85, 0x41, 0x00, 0x00, 0x00, 0x60, 0x03, 0x02, 0xd2, 0x3b,
	u8(0x00), 0x00, 0x04, 0x00, 0x01, 0x00, 0x00, 0x00, 0x03, 0x02, 0xaf, 0x3b, 0x00, 0x00, 0x04, 0x00,
	u8(0x01), 0x00, 0x00, 0x00, 0x03, 0x02, 0x35, 0x3c, 0x00, 0x00, 0x10, 0x50, 0x01, 0x00, 0x00, 0x93,
	u8(0x41), 0x00, 0x00, 0x00, 0x60, 0x03, 0x02, 0x2c, 0x3c, 0x00, 0x00, 0x04, 0x00, 0x01, 0x00, 0x00,
	u8(0x00), 0x03, 0x02, 0x09, 0x3c, 0x00, 0x00, 0x03, 0x06, 0x03, 0x00, 0x00, 0x00, 0x12, 0x06, 0x03,
	u8(0x02), 0x0c, 0x39, 0x00, 0x00, 0x04, 0x00, 0x01, 0x00, 0x00, 0x00, 0x03, 0x02, 0x52, 0x3c, 0x00,
	u8(0x00), 0x03, 0x06, 0x03, 0x00, 0x00, 0x00, 0x12, 0x06, 0x03, 0x02, 0x0c, 0x39, 0x00, 0x00, 0x04,
	u8(0x00), 0x01, 0x00, 0x00, 0x00, 0x03, 0x02, 0x7f, 0x3c, 0x00, 0x00, 0x03, 0x06, 0x03, 0x00, 0x00,
	u8(0x00), 0x12, 0x06, 0x03, 0x02, 0x0c, 0x39, 0x00, 0x00, 0x04, 0x00, 0x01, 0x00, 0x00, 0x00, 0x03,
	u8(0x02), 0xac, 0x3c, 0x00, 0x00, 0x07, 0x04, 0x00, 0x01, 0x00, 0x00, 0x00, 0x03, 0x02, 0x00, 0x3d,
	u8(0x00), 0x00, 0x07, 0x04, 0x00, 0x01, 0x00, 0x00, 0x00, 0x03, 0x02, 0x49, 0x3d, 0x00, 0x00, 0x07,
	u8(0x04), 0x00, 0x01, 0x00, 0x00, 0x00, 0x03, 0x02, 0x92, 0x3d, 0x00, 0x00, 0x07, 0x04, 0x00, 0x01,
	u8(0x00), 0x00, 0x00, 0x03, 0x02, 0xdb, 0x3d, 0x00, 0x00, 0x07, 0x04, 0x00, 0x01, 0x00, 0x00, 0x00,
	u8(0x03), 0x02, 0x24, 0x3e, 0x00, 0x00, 0x07, 0x04, 0x00, 0x01, 0x00, 0x00, 0x00, 0x03, 0x02, 0x6d,
	u8(0x3e), 0x00, 0x00, 0x07, 0x04, 0x00, 0x01, 0x00, 0x00, 0x00, 0x03, 0x02, 0xb6, 0x3e, 0x00, 0x00,
	u8(0x07), 0x04, 0x00, 0x01, 0x00, 0x00, 0x00, 0x03, 0x02, 0xff, 0x3e, 0x00, 0x00, 0x03, 0x05, 0x10,
	u8(0x00), 0x00, 0x00, 0x12, 0x05, 0x03, 0x02, 0x82, 0x3f, 0x00, 0x00, 0x0f, 0x0c, 0x00, 0x00, 0x00,
	u8(0x01), 0x00, 0x00, 0x00, 0xff, 0xff, 0xff, 0xff, 0x4c, 0x41, 0x00, 0x00, 0x10, 0x04, 0x00, 0x00,
	u8(0x00), 0xa1, 0x41, 0x00, 0x00, 0x03, 0x02, 0x0c, 0x39, 0x00, 0x00, 0x03, 0x07, 0x0a, 0x00, 0x00,
	u8(0x00), 0x12, 0x07, 0x03, 0x02, 0x0c, 0x39, 0x00, 0x00, 0x03, 0x07, 0x0a, 0x00, 0x00, 0x00, 0x12,
	u8(0x07), 0x03, 0x02, 0x0c, 0x39, 0x00, 0x00, 0x03, 0x07, 0x0f, 0x00, 0x00, 0x00, 0x12, 0x07, 0x03,
	u8(0x02), 0x0c, 0x39, 0x00, 0x00, 0x03, 0x07, 0x0f, 0x00, 0x00, 0x00, 0x12, 0x07, 0x03, 0x02, 0x0c,
	u8(0x39), 0x00, 0x00, 0x03, 0x07, 0x12, 0x00, 0x00, 0x00, 0x12, 0x07, 0x03, 0x02, 0x0c, 0x39, 0x00,
	u8(0x00), 0x03, 0x05, 0x03, 0x00, 0x00, 0x00, 0x12, 0x05, 0x03, 0x02, 0x0c, 0x39, 0x00, 0x00, 0x00,
	u8(0x03), 0x0e, 0xc4, 0x44, 0x00, 0x00, 0x03, 0x04, 0x00, 0x00, 0x00, 0x00, 0x12, 0x04, 0x00, 0x04,
	u8(0x10), 0x00, 0x00, 0x00, 0x00, 0xc5, 0x44, 0x00, 0x00, 0x10, 0x01, 0x00, 0x00, 0x00, 0xd9, 0x44,
	u8(0x00), 0x00, 0x10, 0x0f, 0x01, 0x00, 0x00, 0x0a, 0x45, 0x00, 0x00, 0x10, 0x03, 0x00, 0x00, 0x00,
	u8(0x3b), 0x45, 0x00, 0x00, 0x10, 0x04, 0x00, 0x00, 0x00, 0x46, 0x45, 0x00, 0x00, 0x10, 0x05, 0x00,
	u8(0x00), 0x00, 0x51, 0x45, 0x00, 0x00, 0x10, 0x06, 0x00, 0x00, 0x00, 0x51, 0x45, 0x00, 0x00, 0x10,
	u8(0x07), 0x00, 0x00, 0x00, 0x51, 0x45, 0x00, 0x00, 0x10, 0x10, 0x01, 0x00, 0x00, 0x51, 0x45, 0x00,
	u8(0x00), 0x10, 0x09, 0x00, 0x00, 0x00, 0x51, 0x45, 0x00, 0x00, 0x10, 0x0a, 0x00, 0x00, 0x00, 0x51,
	u8(0x45), 0x00, 0x00, 0x10, 0x11, 0x01, 0x00, 0x00, 0x51, 0x45, 0x00, 0x00, 0x10, 0x0b, 0x00, 0x00,
	u8(0x00), 0x51, 0x45, 0x00, 0x00, 0x10, 0x0d, 0x00, 0x00, 0x00, 0x51, 0x45, 0x00, 0x00, 0x10, 0x98,
	u8(0x00), 0x00, 0x00, 0x51, 0x45, 0x00, 0x00, 0x10, 0x5d, 0x01, 0x00, 0x00, 0x51, 0x45, 0x00, 0x00,
	u8(0x10), 0x5e, 0x01, 0x00, 0x00, 0x51, 0x45, 0x00, 0x00, 0x10, 0x5f, 0x01, 0x00, 0x00, 0x51, 0x45,
	u8(0x00), 0x00, 0x10, 0x60, 0x01, 0x00, 0x00, 0x51, 0x45, 0x00, 0x00, 0x10, 0x61, 0x01, 0x00, 0x00,
	u8(0x51), 0x45, 0x00, 0x00, 0x10, 0x0e, 0x00, 0x00, 0x00, 0x51, 0x45, 0x00, 0x00, 0x10, 0x0f, 0x00,
	u8(0x00), 0x00, 0x51, 0x45, 0x00, 0x00, 0x10, 0xb2, 0x00, 0x00, 0x00, 0x51, 0x45, 0x00, 0x00, 0x10,
	u8(0xb3), 0x00, 0x00, 0x00, 0x51, 0x45, 0x00, 0x00, 0x00, 0x40, 0x10, 0x62, 0x01, 0x00, 0x00, 0x70,
	u8(0x45), 0x00, 0x00, 0x10, 0x63, 0x01, 0x00, 0x00, 0x70, 0x45, 0x00, 0x00, 0x10, 0x64, 0x01, 0x00,
	u8(0x00), 0x70, 0x45, 0x00, 0x00, 0x10, 0x65, 0x01, 0x00, 0x00, 0x70, 0x45, 0x00, 0x00, 0x10, 0x66,
	u8(0x01), 0x00, 0x00, 0x70, 0x45, 0x00, 0x00, 0x10, 0x67, 0x01, 0x00, 0x00, 0x70, 0x45, 0x00, 0x00,
	u8(0x10), 0x68, 0x01, 0x00, 0x00, 0x70, 0x45, 0x00, 0x00, 0x10, 0x8b, 0x00, 0x00, 0x00, 0x70, 0x45,
	u8(0x00), 0x00, 0x10, 0x16, 0x00, 0x00, 0x00, 0x70, 0x45, 0x00, 0x00, 0x10, 0x69, 0x01, 0x00, 0x00,
	u8(0x70), 0x45, 0x00, 0x00, 0x10, 0x16, 0x01, 0x00, 0x00, 0x70, 0x45, 0x00, 0x00, 0x10, 0x17, 0x01,
	u8(0x00), 0x00, 0x70, 0x45, 0x00, 0x00, 0x10, 0x6a, 0x01, 0x00, 0x00, 0x70, 0x45, 0x00, 0x00, 0x10,
	u8(0x18), 0x01, 0x00, 0x00, 0x70, 0x45, 0x00, 0x00, 0x10, 0x6b, 0x01, 0x00, 0x00, 0x70, 0x45, 0x00,
	u8(0x00), 0x10, 0x1e, 0x00, 0x00, 0x00, 0x70, 0x45, 0x00, 0x00, 0x10, 0x6c, 0x01, 0x00, 0x00, 0x70,
	u8(0x45), 0x00, 0x00, 0x10, 0x23, 0x00, 0x00, 0x00, 0x70, 0x45, 0x00, 0x00, 0x10, 0x76, 0x00, 0x00,
	u8(0x00), 0x70, 0x45, 0x00, 0x00, 0x00, 0x40, 0x10, 0x2c, 0x00, 0x00, 0x00, 0x8f, 0x45, 0x00, 0x00,
	u8(0x10), 0x2d, 0x00, 0x00, 0x00, 0x8f, 0x45, 0x00, 0x00, 0x10, 0x1a, 0x01, 0x00, 0x00, 0x8f, 0x45,
	u8(0x00), 0x00, 0x00, 0x40, 0x10, 0x1b, 0x01, 0x00, 0x00, 0xae, 0x45, 0x00, 0x00, 0x10, 0x30, 0x00,
	u8(0x00), 0x00, 0xae, 0x45, 0x00, 0x00, 0x00, 0x05, 0x10, 0x6d, 0x01, 0x00, 0x00, 0xcd, 0x45, 0x00,
	u8(0x00), 0x10, 0x6e, 0x01, 0x00, 0x00, 0xae, 0x45, 0x00, 0x00, 0x10, 0x34, 0x00, 0x00, 0x00, 0xae,
	u8(0x45), 0x00, 0x00, 0x00, 0x05, 0x10, 0x6f, 0x01, 0x00, 0x00, 0xf0, 0x45, 0x00, 0x00, 0x10, 0x70,
	u8(0x01), 0x00, 0x00, 0xae, 0x45, 0x00, 0x00, 0x10, 0x20, 0x01, 0x00, 0x00, 0xae, 0x45, 0x00, 0x00,
	u8(0x10), 0xbc, 0x00, 0x00, 0x00, 0xae, 0x45, 0x00, 0x00, 0x10, 0x74, 0x00, 0x00, 0x00, 0xae, 0x45,
	u8(0x00), 0x00, 0x10, 0x21, 0x01, 0x00, 0x00, 0xae, 0x45, 0x00, 0x00, 0x10, 0xbd, 0x00, 0x00, 0x00,
	u8(0xae), 0x45, 0x00, 0x00, 0x00, 0x05, 0x00, 0x08, 0x10, 0x22, 0x01, 0x00, 0x00, 0x13, 0x46, 0x00,
	u8(0x00), 0x10, 0x71, 0x01, 0x00, 0x00, 0x13, 0x46, 0x00, 0x00, 0x00, 0x80, 0x00, 0x07, 0x10, 0x0d,
	u8(0x01), 0x00, 0x00, 0x46, 0x46, 0x00, 0x00, 0x00, 0x07, 0x10, 0x04, 0x01, 0x00, 0x00, 0x69, 0x46,
	u8(0x00), 0x00, 0x00, 0x50, 0x00, 0x40, 0x10, 0x3d, 0x00, 0x00, 0x00, 0x0f, 0x44, 0x00, 0x00, 0x00,
	u8(0x05), 0x10, 0x72, 0x01, 0x00, 0x00, 0x95, 0x46, 0x00, 0x00, 0x00, 0x06, 0x10, 0x3f, 0x00, 0x00,
	u8(0x00), 0xaf, 0x46, 0x00, 0x00, 0x00, 0x06, 0x10, 0xf3, 0x00, 0x00, 0x00, 0xc8, 0x46, 0x00, 0x00,
	u8(0x00), 0x06, 0x0f, 0x17, 0x00, 0x00, 0x00, 0x01, 0x00, 0x00, 0x00, 0x01, 0x00, 0x00, 0x00, 0xe1,
	u8(0x46), 0x00, 0x00, 0x0f, 0x17, 0x00, 0x00, 0x00, 0x01, 0x00, 0x00, 0x00, 0x01, 0x00, 0x00, 0x00,
	u8(0x03), 0x47, 0x00, 0x00, 0x00, 0x06, 0x10, 0x40, 0x00, 0x00, 0x00, 0x4f, 0x47, 0x00, 0x00, 0x00,
	u8(0x40), 0x10, 0x02, 0x00, 0x00, 0x00, 0x68, 0x47, 0x00, 0x00, 0x00, 0x40, 0x10, 0x7e, 0x00, 0x00,
	u8(0x00), 0x88, 0x47, 0x00, 0x00, 0x00, 0x40, 0x00, 0x06, 0x0f, 0x01, 0x00, 0x00, 0x00, 0x01, 0x00,
	u8(0x00), 0x00, 0xff, 0xff, 0xff, 0xff, 0xa7, 0x47, 0x00, 0x00, 0x00, 0x40, 0x0f, 0x01, 0x00, 0x00,
	u8(0x00), 0x01, 0x00, 0x00, 0x00, 0xff, 0xff, 0xff, 0xff, 0x9f, 0x44, 0x00, 0x00, 0x00, 0x40, 0x03,
	u8(0x05), 0x00, 0x00, 0x00, 0x00, 0x12, 0x05, 0x0f, 0x2d, 0x00, 0x00, 0x00, 0x01, 0x00, 0x00, 0x00,
	u8(0xff), 0xff, 0xff, 0xff, 0xb8, 0x44, 0x00, 0x00, 0x08, 0x30, 0xc9, 0x47, 0x00, 0x00, 0x03, 0x02,
	u8(0xaf), 0x41, 0x00, 0x00, 0x07, 0x03, 0x00, 0xff, 0xff, 0xff, 0xff, 0x03, 0x05, 0x01, 0x00, 0x00,
	u8(0x00), 0x12, 0x05, 0x03, 0x02, 0x9f, 0x44, 0x00, 0x00, 0x00, 0x05, 0x03, 0x06, 0x01, 0x00, 0x00,
	u8(0x00), 0x12, 0x06, 0x13, 0x10, 0x41, 0x00, 0x00, 0x00, 0xd5, 0x47, 0x00, 0x00, 0x0f, 0x03, 0x00,
	u8(0x00), 0x00, 0x01, 0x00, 0x00, 0x00, 0xff, 0xff, 0xff, 0xff, 0xfe, 0x44, 0x00, 0x00, 0x08, 0x50,
	u8(0xe3), 0x47, 0x00, 0x00, 0x03, 0x02, 0xd9, 0x44, 0x00, 0x00, 0x00, 0x05, 0x03, 0x06, 0x03, 0x00,
	u8(0x00), 0x00, 0x12, 0x06, 0x10, 0x0f, 0x01, 0x00, 0x00, 0xef, 0x47, 0x00, 0x00, 0x13, 0x0f, 0x12,
	u8(0x00), 0x00, 0x00, 0x01, 0x00, 0x00, 0x00, 0xff, 0xff, 0xff, 0xff, 0x2f, 0x45, 0x00, 0x00, 0x08,
	u8(0x50), 0xfd, 0x47, 0x00, 0x00, 0x03, 0x02, 0x0a, 0x45, 0x00, 0x00, 0x06, 0x3d, 0x70, 0x00, 0x00,
	u8(0x03), 0x02, 0x9f, 0x44, 0x00, 0x00, 0x06, 0x95, 0x70, 0x00, 0x00, 0x03, 0x02, 0x9f, 0x44, 0x00,
	u8(0x00), 0x0f, 0x01, 0x00, 0x00, 0x00, 0x01, 0x00, 0x00, 0x00, 0x01, 0x00, 0x00, 0x00, 0x98, 0x42,
	u8(0x00), 0x00, 0x03, 0x08, 0x07, 0x00, 0x00, 0x00, 0x12, 0x08, 0x03, 0x02, 0x9f, 0x44, 0x00, 0x00,
	u8(0x0f), 0x01, 0x00, 0x00, 0x00, 0x01, 0x00, 0x00, 0x00, 0x01, 0x00, 0x00, 0x00, 0x45, 0x43, 0x00,
	u8(0x00), 0x03, 0x08, 0x08, 0x00, 0x00, 0x00, 0x12, 0x08, 0x03, 0x02, 0x9f, 0x44, 0x00, 0x00, 0x0f,
	u8(0x01), 0x00, 0x00, 0x00, 0x01, 0x00, 0x00, 0x00, 0x01, 0x00, 0x00, 0x00, 0x62, 0x43, 0x00, 0x00,
	u8(0x03), 0x08, 0x05, 0x00, 0x00, 0x00, 0x12, 0x08, 0x03, 0x02, 0x9f, 0x44, 0x00, 0x00, 0x0f, 0x01,
	u8(0x00), 0x00, 0x00, 0x01, 0x00, 0x00, 0x00, 0x01, 0x00, 0x00, 0x00, 0x04, 0x44, 0x00, 0x00, 0x03,
	u8(0x05), 0x15, 0x00, 0x00, 0x00, 0x12, 0x05, 0x03, 0x02, 0x9f, 0x44, 0x00, 0x00, 0x10, 0x73, 0x01,
	u8(0x00), 0x00, 0xae, 0x45, 0x00, 0x00, 0x10, 0x74, 0x01, 0x00, 0x00, 0xae, 0x45, 0x00, 0x00, 0x10,
	u8(0x75), 0x01, 0x00, 0x00, 0xae, 0x45, 0x00, 0x00, 0x00, 0x50, 0x03, 0x02, 0x81, 0x43, 0x00, 0x00,
	u8(0x10), 0x74, 0x01, 0x00, 0x00, 0xae, 0x45, 0x00, 0x00, 0x10, 0x75, 0x01, 0x00, 0x00, 0xae, 0x45,
	u8(0x00), 0x00, 0x10, 0x76, 0x01, 0x00, 0x00, 0xae, 0x45, 0x00, 0x00, 0x00, 0x50, 0x03, 0x02, 0x9e,
	u8(0x43), 0x00, 0x00, 0x10, 0x77, 0x01, 0x00, 0x00, 0x09, 0x48, 0x00, 0x00, 0x10, 0x78, 0x01, 0x00,
	u8(0x00), 0x09, 0x48, 0x00, 0x00, 0x10, 0x73, 0x01, 0x00, 0x00, 0x09, 0x48, 0x00, 0x00, 0x10, 0x74,
	u8(0x01), 0x00, 0x00, 0x09, 0x48, 0x00, 0x00, 0x10, 0x75, 0x01, 0x00, 0x00, 0x09, 0x48, 0x00, 0x00,
	u8(0x03), 0x02, 0xea, 0x43, 0x00, 0x00, 0x10, 0x78, 0x01, 0x00, 0x00, 0x09, 0x48, 0x00, 0x00, 0x10,
	u8(0x73), 0x01, 0x00, 0x00, 0x09, 0x48, 0x00, 0x00, 0x10, 0x74, 0x01, 0x00, 0x00, 0x09, 0x48, 0x00,
	u8(0x00), 0x00, 0x70, 0x03, 0x02, 0xf7, 0x43, 0x00, 0x00, 0x10, 0x77, 0x01, 0x00, 0x00, 0x09, 0x48,
	u8(0x00), 0x00, 0x10, 0x78, 0x01, 0x00, 0x00, 0x09, 0x48, 0x00, 0x00, 0x10, 0x73, 0x01, 0x00, 0x00,
	u8(0x09), 0x48, 0x00, 0x00, 0x10, 0x74, 0x01, 0x00, 0x00, 0x09, 0x48, 0x00, 0x00, 0x00, 0x70, 0x03,
	u8(0x02), 0x02, 0x44, 0x00, 0x00, 0x10, 0x79, 0x01, 0x00, 0x00, 0x25, 0x48, 0x00, 0x00, 0x10, 0x05,
	u8(0x01), 0x00, 0x00, 0x25, 0x48, 0x00, 0x00, 0x00, 0x50, 0x03, 0x02, 0x1a, 0x44, 0x00, 0x00, 0x0f,
	u8(0x0f), 0x00, 0x00, 0x00, 0x01, 0x00, 0x00, 0x00, 0xff, 0xff, 0xff, 0xff, 0x14, 0x47, 0x00, 0x00,
	u8(0x00), 0x60, 0x03, 0x02, 0x25, 0x44, 0x00, 0x00, 0x0f, 0x13, 0x00, 0x00, 0x00, 0x01, 0x00, 0x00,
	u8(0x00), 0xff, 0xff, 0xff, 0xff, 0x14, 0x47, 0x00, 0x00, 0x00, 0x60, 0x03, 0x02, 0x30, 0x44, 0x00,
	u8(0x00), 0x0f, 0x0a, 0x00, 0x00, 0x00, 0x00, 0x00, 0x00, 0x00, 0xff, 0xff, 0xff, 0xff, 0xf2, 0x46,
	u8(0x00), 0x00, 0x10, 0x40, 0x00, 0x00, 0x00, 0x3c, 0x48, 0x00, 0x00, 0x00, 0x60, 0x03, 0x02, 0x43,
	u8(0x44), 0x00, 0x00, 0x0f, 0x0a, 0x00, 0x00, 0x00, 0x00, 0x00, 0x00, 0x00, 0xff, 0xff, 0xff, 0xff,
	u8(0x14), 0x47, 0x00, 0x00, 0x00, 0x06, 0x11, 0x50, 0x00, 0x00, 0x00, 0x53, 0x48, 0x00, 0x00, 0x0f,
	u8(0x2e), 0x00, 0x00, 0x00, 0x00, 0x00, 0x00, 0x00, 0x01, 0x00, 0x00, 0x00, 0x30, 0x47, 0x00, 0x00,
	u8(0x0f), 0x01, 0x00, 0x00, 0x00, 0x01, 0x00, 0x00, 0x00, 0xff, 0xff, 0xff, 0xff, 0x9f, 0x44, 0x00,
	u8(0x00), 0x03, 0x07, 0x06, 0x00, 0x00, 0x00, 0x12, 0x07, 0x03, 0x02, 0x9f, 0x44, 0x00, 0x00, 0x0f,
	u8(0x17), 0x00, 0x00, 0x00, 0x01, 0x00, 0x00, 0x00, 0x01, 0x00, 0x00, 0x00, 0x7e, 0x48, 0x00, 0x00,
	u8(0x00), 0x60, 0x03, 0x02, 0x5f, 0x44, 0x00, 0x00, 0x10, 0x53, 0x00, 0x00, 0x00, 0x71, 0x47, 0x00,
	u8(0x00), 0x0f, 0x01, 0x00, 0x00, 0x00, 0x01, 0x00, 0x00, 0x00, 0xff, 0xff, 0xff, 0xff, 0x95, 0x48,
	u8(0x00), 0x00, 0x03, 0x02, 0x6a, 0x44, 0x00, 0x00, 0x0f, 0x01, 0x00, 0x00, 0x00, 0x00, 0x00, 0x00,
	u8(0x00), 0xff, 0xff, 0xff, 0xff, 0x99, 0x47, 0x00, 0x00, 0x03, 0x06, 0x14, 0x00, 0x00, 0x00, 0x12,
	u8(0x06), 0x03, 0x02, 0x9f, 0x44, 0x00, 0x00, 0x00, 0x07, 0x0f, 0x04, 0x00, 0x00, 0x00, 0x00, 0x00,
	u8(0x00), 0x00, 0xff, 0xff, 0xff, 0xff, 0xba, 0x47, 0x00, 0x00, 0x10, 0x52, 0x00, 0x00, 0x00, 0xa3,
	u8(0x48), 0x00, 0x00, 0x03, 0x02, 0x8a, 0x44, 0x00, 0x00, 0x04, 0x00, 0x01, 0x00, 0x00, 0x00, 0x03,
	u8(0x02), 0xaf, 0x41, 0x00, 0x00, 0x03, 0x06, 0x01, 0x00, 0x00, 0x00, 0x12, 0x06, 0x03, 0x02, 0x9f,
	u8(0x44), 0x00, 0x00, 0x04, 0x00, 0x01, 0x00, 0x00, 0x00, 0x03, 0x02, 0xd9, 0x44, 0x00, 0x00, 0x03,
	u8(0x06), 0x03, 0x00, 0x00, 0x00, 0x12, 0x06, 0x03, 0x02, 0x9f, 0x44, 0x00, 0x00, 0x04, 0x00, 0x01,
	u8(0x00), 0x00, 0x00, 0x03, 0x02, 0x0a, 0x45, 0x00, 0x00, 0x00, 0x07, 0x10, 0x7a, 0x01, 0x00, 0x00,
	u8(0xae), 0x45, 0x00, 0x00, 0x10, 0x7b, 0x01, 0x00, 0x00, 0xae, 0x45, 0x00, 0x00, 0x00, 0x70, 0x03,
	u8(0x02), 0xae, 0x45, 0x00, 0x00, 0x0f, 0x0e, 0x00, 0x00, 0x00, 0x01, 0x00, 0x00, 0x00, 0xff, 0xff,
	u8(0xff), 0xff, 0x14, 0x47, 0x00, 0x00, 0x03, 0x02, 0xa7, 0x46, 0x00, 0x00, 0x0f, 0x0a, 0x00, 0x00,
	u8(0x00), 0x01, 0x00, 0x00, 0x00, 0xff, 0xff, 0xff, 0xff, 0x14, 0x47, 0x00, 0x00, 0x03, 0x02, 0xfb,
	u8(0x46), 0x00, 0x00, 0x10, 0x53, 0x00, 0x00, 0x00, 0x65, 0x48, 0x00, 0x00, 0x10, 0x3d, 0x00, 0x00,
	u8(0x00), 0x65, 0x48, 0x00, 0x00, 0x0f, 0x0a, 0x00, 0x00, 0x00, 0x01, 0x00, 0x00, 0x00, 0xff, 0xff,
	u8(0xff), 0xff, 0x1f, 0x47, 0x00, 0x00, 0x00, 0x60, 0x03, 0x02, 0x1f, 0x47, 0x00, 0x00, 0x0f, 0x0a,
	u8(0x00), 0x00, 0x00, 0x00, 0x00, 0x00, 0x00, 0xff, 0xff, 0xff, 0xff, 0x14, 0x47, 0x00, 0x00, 0x03,
	u8(0x02), 0x14, 0x47, 0x00, 0x00, 0x03, 0x06, 0x08, 0x00, 0x00, 0x00, 0x12, 0x06, 0x03, 0x02, 0x9f,
	u8(0x44), 0x00, 0x00, 0x00, 0x08, 0x00, 0x61, 0x00, 0x70, 0x03, 0x07, 0x02, 0x00, 0x00, 0x00, 0x12,
	u8(0x07), 0x00, 0x80, 0x03, 0x02, 0x9f, 0x44, 0x00, 0x00, 0x00, 0x03, 0x0e, 0xeb, 0x4a, 0x00, 0x00,
	u8(0x03), 0x04, 0x00, 0x00, 0x00, 0x00, 0x12, 0x04, 0x00, 0x04, 0x10, 0x02, 0x00, 0x00, 0x00, 0xec,
	u8(0x4a), 0x00, 0x00, 0x10, 0x7c, 0x01, 0x00, 0x00, 0x00, 0x4b, 0x00, 0x00, 0x10, 0x03, 0x00, 0x00,
	u8(0x00), 0x31, 0x4b, 0x00, 0x00, 0x10, 0x7d, 0x01, 0x00, 0x00, 0x62, 0x4b, 0x00, 0x00, 0x10, 0xc8,
	u8(0x00), 0x00, 0x00, 0x80, 0x4b, 0x00, 0x00, 0x10, 0x04, 0x00, 0x00, 0x00, 0x9e, 0x4b, 0x00, 0x00,
	u8(0x11), 0xd2, 0x00, 0x00, 0x00, 0xd8, 0x4b, 0x00, 0x00, 0x11, 0x5a, 0x00, 0x00, 0x00, 0xd8, 0x4b,
	u8(0x00), 0x00, 0x11, 0x7e, 0x01, 0x00, 0x00, 0xd8, 0x4b, 0x00, 0x00, 0x11, 0x7f, 0x01, 0x00, 0x00,
	u8(0xd8), 0x4b, 0x00, 0x00, 0x11, 0x42, 0x00, 0x00, 0x00, 0xd8, 0x4b, 0x00, 0x00, 0x11, 0x80, 0x01,
	u8(0x00), 0x00, 0xd8, 0x4b, 0x00, 0x00, 0x11, 0xd3, 0x00, 0x00, 0x00, 0xd8, 0x4b, 0x00, 0x00, 0x11,
	u8(0x16), 0x00, 0x00, 0x00, 0xd8, 0x4b, 0x00, 0x00, 0x11, 0x81, 0x01, 0x00, 0x00, 0xd8, 0x4b, 0x00,
	u8(0x00), 0x11, 0x8f, 0x00, 0x00, 0x00, 0xd8, 0x4b, 0x00, 0x00, 0x11, 0xcd, 0x00, 0x00, 0x00, 0xd8,
	u8(0x4b), 0x00, 0x00, 0x11, 0x82, 0x01, 0x00, 0x00, 0xd8, 0x4b, 0x00, 0x00, 0x11, 0x98, 0x00, 0x00,
	u8(0x00), 0xd8, 0x4b, 0x00, 0x00, 0x11, 0x83, 0x01, 0x00, 0x00, 0xd8, 0x4b, 0x00, 0x00, 0x11, 0x84,
	u8(0x01), 0x00, 0x00, 0xd8, 0x4b, 0x00, 0x00, 0x11, 0x1d, 0x00, 0x00, 0x00, 0xd8, 0x4b, 0x00, 0x00,
	u8(0x11), 0x76, 0x00, 0x00, 0x00, 0xd8, 0x4b, 0x00, 0x00, 0x11, 0xb1, 0x00, 0x00, 0x00, 0xd8, 0x4b,
	u8(0x00), 0x00, 0x00, 0x40, 0x11, 0x05, 0x00, 0x00, 0x00, 0xf7, 0x4b, 0x00, 0x00, 0x11, 0x07, 0x00,
	u8(0x00), 0x00, 0xf7, 0x4b, 0x00, 0x00, 0x11, 0x09, 0x00, 0x00, 0x00, 0xf7, 0x4b, 0x00, 0x00, 0x11,
	u8(0x43), 0x01, 0x00, 0x00, 0xf7, 0x4b, 0x00, 0x00, 0x11, 0x0a, 0x00, 0x00, 0x00, 0xf7, 0x4b, 0x00,
	u8(0x00), 0x11, 0x85, 0x01, 0x00, 0x00, 0xf7, 0x4b, 0x00, 0x00, 0x11, 0x81, 0x00, 0x00, 0x00, 0xf7,
	u8(0x4b), 0x00, 0x00, 0x11, 0x0b, 0x00, 0x00, 0x00, 0xf7, 0x4b, 0x00, 0x00, 0x11, 0x0d, 0x00, 0x00,
	u8(0x00), 0xf7, 0x4b, 0x00, 0x00, 0x11, 0x0e, 0x00, 0x00, 0x00, 0xf7, 0x4b, 0x00, 0x00, 0x11, 0x0f,
	u8(0x00), 0x00, 0x00, 0xf7, 0x4b, 0x00, 0x00, 0x11, 0x58, 0x00, 0x00, 0x00, 0xf7, 0x4b, 0x00, 0x00,
	u8(0x11), 0x86, 0x01, 0x00, 0x00, 0xf7, 0x4b, 0x00, 0x00, 0x11, 0x59, 0x00, 0x00, 0x00, 0xf7, 0x4b,
	u8(0x00), 0x00, 0x11, 0x54, 0x00, 0x00, 0x00, 0xf7, 0x4b, 0x00, 0x00, 0x11, 0x80, 0x00, 0x00, 0x00,
	u8(0xf7), 0x4b, 0x00, 0x00, 0x11, 0x3b, 0x01, 0x00, 0x00, 0xf7, 0x4b, 0x00, 0x00, 0x11, 0x10, 0x00,
	u8(0x00), 0x00, 0xf7, 0x4b, 0x00, 0x00, 0x00, 0x40, 0x10, 0x3d, 0x00, 0x00, 0x00, 0x51, 0x4a, 0x00,
	u8(0x00), 0x0f, 0x17, 0x00, 0x00, 0x00, 0x01, 0x00, 0x00, 0x00, 0xff, 0xff, 0xff, 0xff, 0x16, 0x4c,
	u8(0x00), 0x00, 0x00, 0x05, 0x10, 0x40, 0x00, 0x00, 0x00, 0x5a, 0x4c, 0x00, 0x00, 0x00, 0x40, 0x10,
	u8(0x87), 0x01, 0x00, 0x00, 0x73, 0x4c, 0x00, 0x00, 0x10, 0x88, 0x01, 0x00, 0x00, 0x73, 0x4c, 0x00,
	u8(0x00), 0x10, 0x89, 0x01, 0x00, 0x00, 0x73, 0x4c, 0x00, 0x00, 0x00, 0x40, 0x10, 0x7d, 0x00, 0x00,
	u8(0x00), 0x92, 0x4c, 0x00, 0x00, 0x10, 0x7e, 0x00, 0x00, 0x00, 0x92, 0x4c, 0x00, 0x00, 0x00, 0x40,
	u8(0x0f), 0x2f, 0x00, 0x00, 0x00, 0x01, 0x00, 0x00, 0x00, 0xff, 0xff, 0xff, 0xff, 0xa9, 0x4c, 0x00,
	u8(0x00), 0x00, 0x40, 0x0f, 0x2f, 0x00, 0x00, 0x00, 0x01, 0x00, 0x00, 0x00, 0xff, 0xff, 0xff, 0xff,
	u8(0xc6), 0x4a, 0x00, 0x00, 0x00, 0x40, 0x03, 0x05, 0x00, 0x00, 0x00, 0x00, 0x12, 0x05, 0x0f, 0x30,
	u8(0x00), 0x00, 0x00, 0x01, 0x00, 0x00, 0x00, 0xff, 0xff, 0xff, 0xff, 0xdf, 0x4a, 0x00, 0x00, 0x08,
	u8(0x30), 0xb8, 0x4c, 0x00, 0x00, 0x03, 0x02, 0xb9, 0x48, 0x00, 0x00, 0x07, 0x03, 0x00, 0xff, 0xff,
	u8(0xff), 0xff, 0x03, 0x05, 0x01, 0x00, 0x00, 0x00, 0x12, 0x05, 0x03, 0x02, 0xc6, 0x4a, 0x00, 0x00,
	u8(0x00), 0x05, 0x03, 0x06, 0x01, 0x00, 0x00, 0x00, 0x12, 0x06, 0x10, 0x8a, 0x01, 0x00, 0x00, 0xc4,
	u8(0x4c), 0x00, 0x00, 0x13, 0x0f, 0x31, 0x00, 0x00, 0x00, 0x01, 0x00, 0x00, 0x00, 0xff, 0xff, 0xff,
	u8(0xff), 0x25, 0x4b, 0x00, 0x00, 0x08, 0x50, 0xd2, 0x4c, 0x00, 0x00, 0x03, 0x02, 0x00, 0x4b, 0x00,
	u8(0x00), 0x00, 0x05, 0x03, 0x06, 0x03, 0x00, 0x00, 0x00, 0x12, 0x06, 0x10, 0x03, 0x00, 0x00, 0x00,
	u8(0xde), 0x4c, 0x00, 0x00, 0x13, 0x0f, 0x32, 0x00, 0x00, 0x00, 0x01, 0x00, 0x00, 0x00, 0xff, 0xff,
	u8(0xff), 0xff, 0x56, 0x4b, 0x00, 0x00, 0x08, 0x50, 0xec, 0x4c, 0x00, 0x00, 0x03, 0x02, 0x31, 0x4b,
	u8(0x00), 0x00, 0x0f, 0x04, 0x00, 0x00, 0x00, 0x00, 0x00, 0x00, 0x00, 0xff, 0xff, 0xff, 0xff, 0x73,
	u8(0x4b), 0x00, 0x00, 0x0e, 0xf8, 0x4c, 0x00, 0x00, 0x00, 0x40, 0x03, 0x02, 0xee, 0x48, 0x00, 0x00,
	u8(0x0f), 0x04, 0x00, 0x00, 0x00, 0x00, 0x00, 0x00, 0x00, 0xff, 0xff, 0xff, 0xff, 0x91, 0x4b, 0x00,
	u8(0x00), 0x0e, 0x37, 0x4d, 0x00, 0x00, 0x00, 0x40, 0x03, 0x02, 0xf7, 0x48, 0x00, 0x00, 0x00, 0x05,
	u8(0x03), 0x06, 0x03, 0x00, 0x00, 0x00, 0x12, 0x06, 0x10, 0x0f, 0x01, 0x00, 0x00, 0x76, 0x4d, 0x00,
	u8(0x00), 0x10, 0x04, 0x00, 0x00, 0x00, 0x82, 0x4d, 0x00, 0x00, 0x13, 0x0f, 0x33, 0x00, 0x00, 0x00,
	u8(0x01), 0x00, 0x00, 0x00, 0xff, 0xff, 0xff, 0xff, 0xcc, 0x4b, 0x00, 0x00, 0x08, 0x50, 0x90, 0x4d,
	u8(0x00), 0x00, 0x03, 0x02, 0x9e, 0x4b, 0x00, 0x00, 0x0f, 0x01, 0x00, 0x00, 0x00, 0x01, 0x00, 0x00,
	u8(0x00), 0xff, 0xff, 0xff, 0xff, 0x9c, 0x4d, 0x00, 0x00, 0x03, 0x05, 0x08, 0x00, 0x00, 0x00, 0x12,
	u8(0x05), 0x03, 0x02, 0xc6, 0x4a, 0x00, 0x00, 0x0f, 0x01, 0x00, 0x00, 0x00, 0x01, 0x00, 0x00, 0x00,
	u8(0xff), 0xff, 0xff, 0xff, 0xaa, 0x4d, 0x00, 0x00, 0x03, 0x05, 0x07, 0x00, 0x00, 0x00, 0x12, 0x05,
	u8(0x03), 0x02, 0xc6, 0x4a, 0x00, 0x00, 0x10, 0x40, 0x00, 0x00, 0x00, 0x1f, 0x4c, 0x00, 0x00, 0x0f,
	u8(0x17), 0x00, 0x00, 0x00, 0x00, 0x00, 0x00, 0x00, 0xff, 0xff, 0xff, 0xff, 0x30, 0x4c, 0x00, 0x00,
	u8(0x00), 0x05, 0x11, 0x50, 0x00, 0x00, 0x00, 0xb8, 0x4d, 0x00, 0x00, 0x0f, 0x34, 0x00, 0x00, 0x00,
	u8(0x01), 0x00, 0x00, 0x00, 0xff, 0xff, 0xff, 0xff, 0xe3, 0x4d, 0x00, 0x00, 0x03, 0x06, 0x06, 0x00,
	u8(0x00), 0x00, 0x12, 0x06, 0x03, 0x02, 0xc6, 0x4a, 0x00, 0x00, 0x0f, 0x17, 0x00, 0x00, 0x00, 0x01,
	u8(0x00), 0x00, 0x00, 0xff, 0xff, 0xff, 0xff, 0x30, 0x4c, 0x00, 0x00, 0x00, 0x50, 0x03, 0x02, 0x6d,
	u8(0x4a), 0x00, 0x00, 0x0f, 0x01, 0x00, 0x00, 0x00, 0x01, 0x00, 0x00, 0x00, 0xff, 0xff, 0xff, 0xff,
	u8(0xf1), 0x4d, 0x00, 0x00, 0x03, 0x05, 0x05, 0x00, 0x00, 0x00, 0x12, 0x05, 0x03, 0x02, 0xc6, 0x4a,
	u8(0x00), 0x00, 0x0f, 0x2f, 0x00, 0x00, 0x00, 0x01, 0x00, 0x00, 0x00, 0xff, 0xff, 0xff, 0xff, 0xff,
	u8(0x4d), 0x00, 0x00, 0x03, 0x02, 0x9e, 0x4a, 0x00, 0x00, 0x10, 0x3d, 0x00, 0x00, 0x00, 0x0d, 0x4e,
	u8(0x00), 0x00, 0x03, 0x02, 0xb1, 0x4a, 0x00, 0x00, 0x04, 0x00, 0x01, 0x00, 0x00, 0x00, 0x03, 0x02,
	u8(0xb9), 0x48, 0x00, 0x00, 0x03, 0x06, 0x01, 0x00, 0x00, 0x00, 0x12, 0x06, 0x03, 0x02, 0xc6, 0x4a,
	u8(0x00), 0x00, 0x04, 0x00, 0x01, 0x00, 0x00, 0x00, 0x03, 0x02, 0x00, 0x4b, 0x00, 0x00, 0x03, 0x06,
	u8(0x03), 0x00, 0x00, 0x00, 0x12, 0x06, 0x03, 0x02, 0xc6, 0x4a, 0x00, 0x00, 0x04, 0x00, 0x01, 0x00,
	u8(0x00), 0x00, 0x03, 0x02, 0x31, 0x4b, 0x00, 0x00, 0x03, 0x05, 0x03, 0x00, 0x00, 0x00, 0x12, 0x05,
	u8(0x00), 0x05, 0x03, 0x00, 0xff, 0xff, 0xff, 0xff, 0x03, 0x06, 0x03, 0x00, 0x00, 0x00, 0x12, 0x06,
	u8(0x13), 0x10, 0x8b, 0x01, 0x00, 0x00, 0x2c, 0x4e, 0x00, 0x00, 0x0f, 0x32, 0x00, 0x00, 0x00, 0x01,
	u8(0x00), 0x00, 0x00, 0xff, 0xff, 0xff, 0xff, 0x2b, 0x4d, 0x00, 0x00, 0x08, 0x50, 0x3a, 0x4e, 0x00,
	u8(0x00), 0x03, 0x02, 0x00, 0x4d, 0x00, 0x00, 0x03, 0x05, 0x03, 0x00, 0x00, 0x00, 0x12, 0x05, 0x00,
	u8(0x05), 0x03, 0x00, 0xff, 0xff, 0xff, 0xff, 0x03, 0x06, 0x03, 0x00, 0x00, 0x00, 0x12, 0x06, 0x13,
	u8(0x10), 0x8c, 0x01, 0x00, 0x00, 0x46, 0x4e, 0x00, 0x00, 0x0f, 0x0c, 0x00, 0x00, 0x00, 0x01, 0x00,
	u8(0x00), 0x00, 0xff, 0xff, 0xff, 0xff, 0x6a, 0x4d, 0x00, 0x00, 0x08, 0x50, 0x54, 0x4e, 0x00, 0x00,
	u8(0x03), 0x02, 0x3f, 0x4d, 0x00, 0x00, 0x04, 0x00, 0x01, 0x00, 0x00, 0x00, 0x03, 0x02, 0xba, 0x4b,
	u8(0x00), 0x00, 0x03, 0x05, 0x03, 0x00, 0x00, 0x00, 0x12, 0x05, 0x03, 0x02, 0xc6, 0x4a, 0x00, 0x00,
	u8(0x04), 0x00, 0x01, 0x00, 0x00, 0x00, 0x03, 0x02, 0x9e, 0x4b, 0x00, 0x00, 0x03, 0x05, 0x00, 0x00,
	u8(0x00), 0x00, 0x12, 0x05, 0x03, 0x02, 0xc6, 0x4a, 0x00, 0x00, 0x03, 0x05, 0x00, 0x00, 0x00, 0x00,
	u8(0x12), 0x05, 0x03, 0x02, 0xc6, 0x4a, 0x00, 0x00, 0x10, 0x53, 0x00, 0x00, 0x00, 0xca, 0x4d, 0x00,
	u8(0x00), 0x10, 0x3d, 0x00, 0x00, 0x00, 0xca, 0x4d, 0x00, 0x00, 0x0f, 0x17, 0x00, 0x00, 0x00, 0x01,
	u8(0x00), 0x00, 0x00, 0xff, 0xff, 0xff, 0xff, 0x3b, 0x4c, 0x00, 0x00, 0x00, 0x50, 0x03, 0x02, 0x3b,
	u8(0x4c), 0x00, 0x00, 0x03, 0x06, 0x02, 0x00, 0x00, 0x00, 0x12, 0x06, 0x03, 0x02, 0xc6, 0x4a, 0x00,
	u8(0x00), 0x03, 0x05, 0x04, 0x00, 0x00, 0x00, 0x12, 0x05, 0x03, 0x02, 0xc6, 0x4a, 0x00, 0x00, 0x03,
	u8(0x05), 0x04, 0x00, 0x00, 0x00, 0x12, 0x05, 0x03, 0x02, 0xc6, 0x4a, 0x00, 0x00, 0x0f, 0x35, 0x00,
	u8(0x00), 0x00, 0x00, 0x00, 0x00, 0x00, 0xff, 0xff, 0xff, 0xff, 0x1e, 0x4e, 0x00, 0x00, 0x03, 0x05,
	u8(0x02), 0x00, 0x00, 0x00, 0x12, 0x05, 0x03, 0x02, 0xc6, 0x4a, 0x00, 0x00, 0x03, 0x06, 0x03, 0x00,
	u8(0x00), 0x00, 0x12, 0x06, 0x03, 0x02, 0xc6, 0x4a, 0x00, 0x00, 0x04, 0x00, 0x01, 0x00, 0x00, 0x00,
	u8(0x03), 0x02, 0x00, 0x4d, 0x00, 0x00, 0x03, 0x06, 0x03, 0x00, 0x00, 0x00, 0x12, 0x06, 0x03, 0x02,
	u8(0xc6), 0x4a, 0x00, 0x00, 0x04, 0x00, 0x01, 0x00, 0x00, 0x00, 0x03, 0x02, 0x3f, 0x4d, 0x00, 0x00,
	u8(0x00), 0x03, 0x10, 0x7f, 0x00, 0x00, 0x00, 0xe0, 0x4e, 0x00, 0x00, 0x00, 0x04, 0x0e, 0xf9, 0x4e,
	u8(0x00), 0x00, 0x03, 0x05, 0x00, 0x00, 0x00, 0x00, 0x12, 0x05, 0x00, 0x05, 0x10, 0x02, 0x00, 0x00,
	u8(0x00), 0xfa, 0x4e, 0x00, 0x00, 0x10, 0x8d, 0x01, 0x00, 0x00, 0xfa, 0x4e, 0x00, 0x00, 0x00, 0x50,
	u8(0x00), 0x06, 0x0f, 0x36, 0x00, 0x00, 0x00, 0x01, 0x00, 0x00, 0x00, 0xff, 0xff, 0xff, 0xff, 0x0e,
	u8(0x4f), 0x00, 0x00, 0x00, 0x50, 0x10, 0x03, 0x00, 0x00, 0x00, 0x30, 0x4f, 0x00, 0x00, 0x00, 0x50,
	u8(0x10), 0x04, 0x00, 0x00, 0x00, 0x3b, 0x4f, 0x00, 0x00, 0x00, 0x50, 0x03, 0x06, 0x00, 0x00, 0x00,
	u8(0x00), 0x12, 0x06, 0x0f, 0x37, 0x00, 0x00, 0x00, 0x01, 0x00, 0x00, 0x00, 0xff, 0xff, 0xff, 0xff,
	u8(0xd4), 0x4e, 0x00, 0x00, 0x08, 0x40, 0x46, 0x4f, 0x00, 0x00, 0x03, 0x02, 0x6b, 0x4e, 0x00, 0x00,
	u8(0x0f), 0x38, 0x00, 0x00, 0x00, 0x01, 0x00, 0x00, 0x00, 0xff, 0xff, 0xff, 0xff, 0x52, 0x4f, 0x00,
	u8(0x00), 0x00, 0x30, 0x03, 0x02, 0x6b, 0x4e, 0x00, 0x00, 0x07, 0x03, 0x00, 0xff, 0xff, 0xff, 0xff,
	u8(0x03), 0x06, 0x01, 0x00, 0x00, 0x00, 0x12, 0x06, 0x03, 0x02, 0xbb, 0x4e, 0x00, 0x00, 0x00, 0x07,
	u8(0x0f), 0x04, 0x00, 0x00, 0x00, 0x00, 0x00, 0x00, 0x00, 0xff, 0xff, 0xff, 0xff, 0x21, 0x4f, 0x00,
	u8(0x00), 0x10, 0x8e, 0x01, 0x00, 0x00, 0x61, 0x4f, 0x00, 0x00, 0x03, 0x02, 0xa3, 0x4e, 0x00, 0x00,
	u8(0x06), 0x3d, 0x70, 0x00, 0x00, 0x03, 0x02, 0xbb, 0x4e, 0x00, 0x00, 0x06, 0x95, 0x70, 0x00, 0x00,
	u8(0x03), 0x02, 0xbb, 0x4e, 0x00, 0x00, 0x04, 0x00, 0x01, 0x00, 0x00, 0x00, 0x03, 0x02, 0x6b, 0x4e,
	u8(0x00), 0x00, 0x10, 0x8f, 0x01, 0x00, 0x00, 0xa1, 0x4f, 0x00, 0x00, 0x03, 0x02, 0xf1, 0x4e, 0x00,
	u8(0x00), 0x0f, 0x04, 0x00, 0x00, 0x00, 0x00, 0x00, 0x00, 0x00, 0xff, 0xff, 0xff, 0xff, 0x72, 0x4f,
	u8(0x00), 0x00, 0x0f, 0x36, 0x00, 0x00, 0x00, 0x00, 0x00, 0x00, 0x00, 0xff, 0xff, 0xff, 0xff, 0x83,
	u8(0x4f), 0x00, 0x00, 0x00, 0x08, 0x00, 0x61, 0x00, 0x70, 0x03, 0x07, 0x04, 0x00, 0x00, 0x00, 0x12,
	u8(0x07), 0x00, 0x80, 0x03, 0x08, 0x00, 0x00, 0x00, 0x00, 0x12, 0x08, 0x03, 0x02, 0xbb, 0x4e, 0x00,
	u8(0x00), 0x03, 0x04, 0x13, 0x00, 0x00, 0x00, 0x12, 0x04, 0x03, 0x02, 0x6b, 0x4e, 0x00, 0x00, 0x00,
	u8(0x03), 0x0e, 0xe9, 0x51, 0x00, 0x00, 0x03, 0x04, 0x00, 0x00, 0x00, 0x00, 0x12, 0x04, 0x00, 0x04,
	u8(0x10), 0x02, 0x00, 0x00, 0x00, 0xea, 0x51, 0x00, 0x00, 0x10, 0x90, 0x01, 0x00, 0x00, 0xfe, 0x51,
	u8(0x00), 0x00, 0x10, 0x7c, 0x00, 0x00, 0x00, 0x2f, 0x52, 0x00, 0x00, 0x10, 0x03, 0x00, 0x00, 0x00,
	u8(0x60), 0x52, 0x00, 0x00, 0x10, 0x04, 0x00, 0x00, 0x00, 0x9f, 0x52, 0x00, 0x00, 0x10, 0x05, 0x00,
	u8(0x00), 0x00, 0xde, 0x52, 0x00, 0x00, 0x10, 0x06, 0x00, 0x00, 0x00, 0xde, 0x52, 0x00, 0x00, 0x10,
	u8(0x07), 0x00, 0x00, 0x00, 0xde, 0x52, 0x00, 0x00, 0x10, 0x45, 0x00, 0x00, 0x00, 0xde, 0x52, 0x00,
	u8(0x00), 0x10, 0x0a, 0x00, 0x00, 0x00, 0xde, 0x52, 0x00, 0x00, 0x10, 0x91, 0x01, 0x00, 0x00, 0xde,
	u8(0x52), 0x00, 0x00, 0x10, 0x80, 0x00, 0x00, 0x00, 0xde, 0x52, 0x00, 0x00, 0x10, 0x0b, 0x00, 0x00,
	u8(0x00), 0xde, 0x52, 0x00, 0x00, 0x10, 0x0d, 0x00, 0x00, 0x00, 0xde, 0x52, 0x00, 0x00, 0x10, 0xcc,
	u8(0x00), 0x00, 0x00, 0xde, 0x52, 0x00, 0x00, 0x10, 0x92, 0x01, 0x00, 0x00, 0xde, 0x52, 0x00, 0x00,
	u8(0x10), 0x93, 0x01, 0x00, 0x00, 0xde, 0x52, 0x00, 0x00, 0x10, 0x0e, 0x00, 0x00, 0x00, 0xde, 0x52,
	u8(0x00), 0x00, 0x10, 0x59, 0x00, 0x00, 0x00, 0xde, 0x52, 0x00, 0x00, 0x10, 0x10, 0x00, 0x00, 0x00,
	u8(0xde), 0x52, 0x00, 0x00, 0x10, 0xb4, 0x00, 0x00, 0x00, 0xde, 0x52, 0x00, 0x00, 0x00, 0x40, 0x10,
	u8(0x84), 0x00, 0x00, 0x00, 0xfd, 0x52, 0x00, 0x00, 0x10, 0xd4, 0x00, 0x00, 0x00, 0xfd, 0x52, 0x00,
	u8(0x00), 0x10, 0x85, 0x00, 0x00, 0x00, 0xfd, 0x52, 0x00, 0x00, 0x10, 0x86, 0x00, 0x00, 0x00, 0xfd,
	u8(0x52), 0x00, 0x00, 0x10, 0x87, 0x00, 0x00, 0x00, 0xfd, 0x52, 0x00, 0x00, 0x10, 0x5a, 0x00, 0x00,
	u8(0x00), 0xfd, 0x52, 0x00, 0x00, 0x10, 0x94, 0x01, 0x00, 0x00, 0xfd, 0x52, 0x00, 0x00, 0x10, 0x95,
	u8(0x01), 0x00, 0x00, 0xfd, 0x52, 0x00, 0x00, 0x10, 0x8f, 0x00, 0x00, 0x00, 0xfd, 0x52, 0x00, 0x00,
	u8(0x10), 0x91, 0x00, 0x00, 0x00, 0xfd, 0x52, 0x00, 0x00, 0x10, 0x16, 0x01, 0x00, 0x00, 0xfd, 0x52,
	u8(0x00), 0x00, 0x10, 0x98, 0x00, 0x00, 0x00, 0xfd, 0x52, 0x00, 0x00, 0x10, 0x99, 0x00, 0x00, 0x00,
	u8(0xfd), 0x52, 0x00, 0x00, 0x10, 0x96, 0x01, 0x00, 0x00, 0xfd, 0x52, 0x00, 0x00, 0x10, 0x97, 0x01,
	u8(0x00), 0x00, 0xfd, 0x52, 0x00, 0x00, 0x10, 0x9f, 0x00, 0x00, 0x00, 0xfd, 0x52, 0x00, 0x00, 0x10,
	u8(0xa1), 0x00, 0x00, 0x00, 0xfd, 0x52, 0x00, 0x00, 0x10, 0xdf, 0x00, 0x00, 0x00, 0xfd, 0x52, 0x00,
	u8(0x00), 0x10, 0x82, 0x00, 0x00, 0x00, 0xfd, 0x52, 0x00, 0x00, 0x00, 0x40, 0x10, 0x98, 0x01, 0x00,
	u8(0x00), 0x1c, 0x53, 0x00, 0x00, 0x10, 0x99, 0x01, 0x00, 0x00, 0x1c, 0x53, 0x00, 0x00, 0x10, 0x9a,
	u8(0x01), 0x00, 0x00, 0x1c, 0x53, 0x00, 0x00, 0x00, 0x40, 0x11, 0x3d, 0x00, 0x00, 0x00, 0x52, 0x51,
	u8(0x00), 0x00, 0x00, 0x05, 0x11, 0x3e, 0x00, 0x00, 0x00, 0x3b, 0x53, 0x00, 0x00, 0x00, 0x05, 0x11,
	u8(0x3f), 0x00, 0x00, 0x00, 0x54, 0x53, 0x00, 0x00, 0x00, 0x05, 0x11, 0xf3, 0x00, 0x00, 0x00, 0x6d,
	u8(0x53), 0x00, 0x00, 0x0f, 0x0a, 0x00, 0x00, 0x00, 0x01, 0x00, 0x00, 0x00, 0xff, 0xff, 0xff, 0xff,
	u8(0x86), 0x53, 0x00, 0x00, 0x00, 0x05, 0x11, 0x40, 0x00, 0x00, 0x00, 0xd3, 0x53, 0x00, 0x00, 0x00,
	u8(0x40), 0x10, 0x7e, 0x00, 0x00, 0x00, 0xec, 0x53, 0x00, 0x00, 0x00, 0x40, 0x00, 0x05, 0x0f, 0x01,
	u8(0x00), 0x00, 0x00, 0x01, 0x00, 0x00, 0x00, 0xff, 0xff, 0xff, 0xff, 0x03, 0x54, 0x00, 0x00, 0x00,
	u8(0x40), 0x0f, 0x01, 0x00, 0x00, 0x00, 0x01, 0x00, 0x00, 0x00, 0xff, 0xff, 0xff, 0xff, 0xc4, 0x51,
	u8(0x00), 0x00, 0x00, 0x40, 0x03, 0x05, 0x00, 0x00, 0x00, 0x00, 0x12, 0x05, 0x0f, 0x39, 0x00, 0x00,
	u8(0x00), 0x01, 0x00, 0x00, 0x00, 0xff, 0xff, 0xff, 0xff, 0xdd, 0x51, 0x00, 0x00, 0x08, 0x30, 0x25,
	u8(0x54), 0x00, 0x00, 0x03, 0x02, 0xaf, 0x4f, 0x00, 0x00, 0x07, 0x03, 0x00, 0xff, 0xff, 0xff, 0xff,
	u8(0x03), 0x05, 0x01, 0x00, 0x00, 0x00, 0x12, 0x05, 0x03, 0x02, 0xc4, 0x51, 0x00, 0x00, 0x00, 0x05,
	u8(0x03), 0x06, 0x03, 0x00, 0x00, 0x00, 0x12, 0x06, 0x10, 0x90, 0x01, 0x00, 0x00, 0x31, 0x54, 0x00,
	u8(0x00), 0x13, 0x0f, 0x32, 0x00, 0x00, 0x00, 0x01, 0x00, 0x00, 0x00, 0xff, 0xff, 0xff, 0xff, 0x23,
	u8(0x52), 0x00, 0x00, 0x08, 0x50, 0x3f, 0x54, 0x00, 0x00, 0x03, 0x02, 0xfe, 0x51, 0x00, 0x00, 0x00,
	u8(0x05), 0x03, 0x06, 0x03, 0x00, 0x00, 0x00, 0x12, 0x06, 0x10, 0x7c, 0x00, 0x00, 0x00, 0x4b, 0x54,
	u8(0x00), 0x00, 0x13, 0x0f, 0x0c, 0x00, 0x00, 0x00, 0x01, 0x00, 0x00, 0x00, 0xff, 0xff, 0xff, 0xff,
	u8(0x54), 0x52, 0x00, 0x00, 0x08, 0x50, 0x59, 0x54, 0x00, 0x00, 0x03, 0x02, 0x2f, 0x52, 0x00, 0x00,
	u8(0x00), 0x05, 0x0e, 0xc4, 0x51, 0x00, 0x00, 0x03, 0x06, 0x03, 0x00, 0x00, 0x00, 0x12, 0x06, 0x10,
	u8(0xfd), 0x00, 0x00, 0x00, 0x65, 0x54, 0x00, 0x00, 0x10, 0x03, 0x00, 0x00, 0x00, 0x71, 0x54, 0x00,
	u8(0x00), 0x13, 0x0f, 0x1c, 0x00, 0x00, 0x00, 0x01, 0x00, 0x00, 0x00, 0xff, 0xff, 0xff, 0xff, 0x93,
	u8(0x52), 0x00, 0x00, 0x08, 0x50, 0x7f, 0x54, 0x00, 0x00, 0x03, 0x02, 0x60, 0x52, 0x00, 0x00, 0x00,
	u8(0x05), 0x0e, 0xc4, 0x51, 0x00, 0x00, 0x03, 0x06, 0x03, 0x00, 0x00, 0x00, 0x12, 0x06, 0x10, 0xfd,
	u8(0x00), 0x00, 0x00, 0x8b, 0x54, 0x00, 0x00, 0x10, 0x04, 0x00, 0x00, 0x00, 0x97, 0x54, 0x00, 0x00,
	u8(0x13), 0x0f, 0x1d, 0x00, 0x00, 0x00, 0x01, 0x00, 0x00, 0x00, 0xff, 0xff, 0xff, 0xff, 0xd2, 0x52,
	u8(0x00), 0x00, 0x08, 0x50, 0xa5, 0x54, 0x00, 0x00, 0x03, 0x02, 0x9f, 0x52, 0x00, 0x00, 0x0f, 0x01,
	u8(0x00), 0x00, 0x00, 0x01, 0x00, 0x00, 0x00, 0x01, 0x00, 0x00, 0x00, 0x7d, 0x50, 0x00, 0x00, 0x03,
	u8(0x07), 0x07, 0x00, 0x00, 0x00, 0x12, 0x07, 0x03, 0x02, 0xc4, 0x51, 0x00, 0x00, 0x0f, 0x01, 0x00,
	u8(0x00), 0x00, 0x01, 0x00, 0x00, 0x00, 0x01, 0x00, 0x00, 0x00, 0x2a, 0x51, 0x00, 0x00, 0x03, 0x07,
	u8(0x08), 0x00, 0x00, 0x00, 0x12, 0x07, 0x03, 0x02, 0xc4, 0x51, 0x00, 0x00, 0x0f, 0x01, 0x00, 0x00,
	u8(0x00), 0x01, 0x00, 0x00, 0x00, 0x01, 0x00, 0x00, 0x00, 0x47, 0x51, 0x00, 0x00, 0x03, 0x07, 0x05,
	u8(0x00), 0x00, 0x00, 0x12, 0x07, 0x03, 0x02, 0xc4, 0x51, 0x00, 0x00, 0x0f, 0x0e, 0x00, 0x00, 0x00,
	u8(0x01), 0x00, 0x00, 0x00, 0xff, 0xff, 0xff, 0xff, 0xa0, 0x53, 0x00, 0x00, 0x00, 0x50, 0x03, 0x02,
	u8(0x5d), 0x51, 0x00, 0x00, 0x0f, 0x0f, 0x00, 0x00, 0x00, 0x01, 0x00, 0x00, 0x00, 0xff, 0xff, 0xff,
	u8(0xff), 0xa0, 0x53, 0x00, 0x00, 0x00, 0x50, 0x03, 0x02, 0x68, 0x51, 0x00, 0x00, 0x0f, 0x13, 0x00,
	u8(0x00), 0x00, 0x01, 0x00, 0x00, 0x00, 0xff, 0xff, 0xff, 0xff, 0xa0, 0x53, 0x00, 0x00, 0x00, 0x50,
	u8(0x03), 0x02, 0x73, 0x51, 0x00, 0x00, 0x11, 0x40, 0x00, 0x00, 0x00, 0x8f, 0x53, 0x00, 0x00, 0x0f,
	u8(0x0a), 0x00, 0x00, 0x00, 0x00, 0x00, 0x00, 0x00, 0xff, 0xff, 0xff, 0xff, 0xa0, 0x53, 0x00, 0x00,
	u8(0x00), 0x06, 0x11, 0x50, 0x00, 0x00, 0x00, 0xb1, 0x54, 0x00, 0x00, 0x11, 0x9b, 0x01, 0x00, 0x00,
	u8(0xb4), 0x53, 0x00, 0x00, 0x0f, 0x01, 0x00, 0x00, 0x00, 0x01, 0x00, 0x00, 0x00, 0xff, 0xff, 0xff,
	u8(0xff), 0xc4, 0x51, 0x00, 0x00, 0x03, 0x07, 0x06, 0x00, 0x00, 0x00, 0x12, 0x07, 0x03, 0x02, 0xc4,
	u8(0x51), 0x00, 0x00, 0x0f, 0x0a, 0x00, 0x00, 0x00, 0x01, 0x00, 0x00, 0x00, 0xff, 0xff, 0xff, 0xff,
	u8(0xa0), 0x53, 0x00, 0x00, 0x00, 0x50, 0x03, 0x02, 0x8f, 0x51, 0x00, 0x00, 0x0f, 0x01, 0x00, 0x00,
	u8(0x00), 0x01, 0x00, 0x00, 0x00, 0xff, 0xff, 0xff, 0xff, 0xdc, 0x54, 0x00, 0x00, 0x03, 0x02, 0x9a,
	u8(0x51), 0x00, 0x00, 0x00, 0x06, 0x0f, 0x04, 0x00, 0x00, 0x00, 0x00, 0x00, 0x00, 0x00, 0xff, 0xff,
	u8(0xff), 0xff, 0x16, 0x54, 0x00, 0x00, 0x10, 0x52, 0x00, 0x00, 0x00, 0xea, 0x54, 0x00, 0x00, 0x03,
	u8(0x02), 0xaf, 0x51, 0x00, 0x00, 0x04, 0x00, 0x01, 0x00, 0x00, 0x00, 0x03, 0x02, 0xaf, 0x4f, 0x00,
	u8(0x00), 0x03, 0x06, 0x03, 0x00, 0x00, 0x00, 0x12, 0x06, 0x03, 0x02, 0xc4, 0x51, 0x00, 0x00, 0x04,
	u8(0x00), 0x01, 0x00, 0x00, 0x00, 0x03, 0x02, 0xfe, 0x51, 0x00, 0x00, 0x03, 0x06, 0x03, 0x00, 0x00,
	u8(0x00), 0x12, 0x06, 0x03, 0x02, 0xc4, 0x51, 0x00, 0x00, 0x04, 0x00, 0x01, 0x00, 0x00, 0x00, 0x03,
	u8(0x02), 0x2f, 0x52, 0x00, 0x00, 0x04, 0x00, 0x01, 0x00, 0x00, 0x00, 0x03, 0x02, 0x81, 0x52, 0x00,
	u8(0x00), 0x03, 0x05, 0x03, 0x00, 0x00, 0x00, 0x12, 0x05, 0x03, 0x02, 0xc4, 0x51, 0x00, 0x00, 0x04,
	u8(0x00), 0x01, 0x00, 0x00, 0x00, 0x03, 0x02, 0x60, 0x52, 0x00, 0x00, 0x04, 0x00, 0x01, 0x00, 0x00,
	u8(0x00), 0x03, 0x02, 0xc0, 0x52, 0x00, 0x00, 0x03, 0x05, 0x03, 0x00, 0x00, 0x00, 0x12, 0x05, 0x03,
	u8(0x02), 0xc4, 0x51, 0x00, 0x00, 0x04, 0x00, 0x01, 0x00, 0x00, 0x00, 0x03, 0x02, 0x9f, 0x52, 0x00,
	u8(0x00), 0x10, 0x53, 0x00, 0x00, 0x00, 0xc3, 0x54, 0x00, 0x00, 0x10, 0x3d, 0x00, 0x00, 0x00, 0xc3,
	u8(0x54), 0x00, 0x00, 0x0f, 0x0a, 0x00, 0x00, 0x00, 0x01, 0x00, 0x00, 0x00, 0xff, 0xff, 0xff, 0xff,
	u8(0xab), 0x53, 0x00, 0x00, 0x00, 0x60, 0x03, 0x02, 0xab, 0x53, 0x00, 0x00, 0x03, 0x05, 0x10, 0x00,
	u8(0x00), 0x00, 0x12, 0x05, 0x03, 0x02, 0xc4, 0x51, 0x00, 0x00, 0x00, 0x07, 0x00, 0x51, 0x00, 0x60,
	u8(0x03), 0x06, 0x02, 0x00, 0x00, 0x00, 0x12, 0x06, 0x00, 0x70, 0x03, 0x02, 0xc4, 0x51, 0x00, 0x00,
	u8(0x00), 0x03, 0x10, 0x9c, 0x01, 0x00, 0x00, 0x91, 0x57, 0x00, 0x00, 0x00, 0x03, 0x0e, 0xe1, 0x57,
	u8(0x00), 0x00, 0x03, 0x04, 0x00, 0x00, 0x00, 0x00, 0x12, 0x04, 0x00, 0x04, 0x10, 0x02, 0x00, 0x00,
	u8(0x00), 0xe2, 0x57, 0x00, 0x00, 0x10, 0x03, 0x00, 0x00, 0x00, 0xf6, 0x57, 0x00, 0x00, 0x10, 0x04,
	u8(0x00), 0x00, 0x00, 0x01, 0x58, 0x00, 0x00, 0x10, 0x0f, 0x01, 0x00, 0x00, 0x4a, 0x58, 0x00, 0x00,
	u8(0x10), 0xd2, 0x00, 0x00, 0x00, 0x93, 0x58, 0x00, 0x00, 0x10, 0x05, 0x00, 0x00, 0x00, 0x93, 0x58,
	u8(0x00), 0x00, 0x10, 0x06, 0x00, 0x00, 0x00, 0x93, 0x58, 0x00, 0x00, 0x10, 0x09, 0x00, 0x00, 0x00,
	u8(0x93), 0x58, 0x00, 0x00, 0x10, 0x9d, 0x01, 0x00, 0x00, 0x93, 0x58, 0x00, 0x00, 0x10, 0x0a, 0x00,
	u8(0x00), 0x00, 0x93, 0x58, 0x00, 0x00, 0x10, 0xd3, 0x00, 0x00, 0x00, 0x93, 0x58, 0x00, 0x00, 0x10,
	u8(0x9e), 0x01, 0x00, 0x00, 0x93, 0x58, 0x00, 0x00, 0x10, 0x0b, 0x00, 0x00, 0x00, 0x93, 0x58, 0x00,
	u8(0x00), 0x10, 0x0d, 0x00, 0x00, 0x00, 0x93, 0x58, 0x00, 0x00, 0x10, 0x98, 0x00, 0x00, 0x00, 0x93,
	u8(0x58), 0x00, 0x00, 0x10, 0x9f, 0x01, 0x00, 0x00, 0x93, 0x58, 0x00, 0x00, 0x10, 0xa0, 0x01, 0x00,
	u8(0x00), 0x93, 0x58, 0x00, 0x00, 0x10, 0xa1, 0x01, 0x00, 0x00, 0x93, 0x58, 0x00, 0x00, 0x10, 0xa2,
	u8(0x01), 0x00, 0x00, 0x93, 0x58, 0x00, 0x00, 0x10, 0x0e, 0x00, 0x00, 0x00, 0x93, 0x58, 0x00, 0x00,
	u8(0x10), 0xcb, 0x00, 0x00, 0x00, 0x93, 0x58, 0x00, 0x00, 0x10, 0xa3, 0x01, 0x00, 0x00, 0x93, 0x58,
	u8(0x00), 0x00, 0x10, 0x3b, 0x01, 0x00, 0x00, 0x93, 0x58, 0x00, 0x00, 0x10, 0xb2, 0x00, 0x00, 0x00,
	u8(0x93), 0x58, 0x00, 0x00, 0x10, 0x10, 0x00, 0x00, 0x00, 0x93, 0x58, 0x00, 0x00, 0x00, 0x40, 0x10,
	u8(0x94), 0x01, 0x00, 0x00, 0xb2, 0x58, 0x00, 0x00, 0x00, 0x40, 0x10, 0xa4, 0x01, 0x00, 0x00, 0xc9,
	u8(0x58), 0x00, 0x00, 0x10, 0xa5, 0x01, 0x00, 0x00, 0xc9, 0x58, 0x00, 0x00, 0x10, 0xa6, 0x01, 0x00,
	u8(0x00), 0xc9, 0x58, 0x00, 0x00, 0x10, 0xa7, 0x01, 0x00, 0x00, 0xc9, 0x58, 0x00, 0x00, 0x10, 0xa8,
	u8(0x01), 0x00, 0x00, 0xc9, 0x58, 0x00, 0x00, 0x10, 0xa9, 0x01, 0x00, 0x00, 0xc9, 0x58, 0x00, 0x00,
	u8(0x10), 0x84, 0x00, 0x00, 0x00, 0xc9, 0x58, 0x00, 0x00, 0x10, 0x5a, 0x00, 0x00, 0x00, 0xc9, 0x58,
	u8(0x00), 0x00, 0x10, 0xaa, 0x01, 0x00, 0x00, 0xc9, 0x58, 0x00, 0x00, 0x10, 0x94, 0x01, 0x00, 0x00,
	u8(0xc9), 0x58, 0x00, 0x00, 0x10, 0xda, 0x00, 0x00, 0x00, 0xc9, 0x58, 0x00, 0x00, 0x10, 0x9f, 0x00,
	u8(0x00), 0x00, 0xc9, 0x58, 0x00, 0x00, 0x10, 0xa1, 0x00, 0x00, 0x00, 0xc9, 0x58, 0x00, 0x00, 0x10,
	u8(0xab), 0x01, 0x00, 0x00, 0xc9, 0x58, 0x00, 0x00, 0x10, 0x2d, 0x01, 0x00, 0x00, 0xc9, 0x58, 0x00,
	u8(0x00), 0x10, 0x4e, 0x00, 0x00, 0x00, 0xc9, 0x58, 0x00, 0x00, 0x10, 0x82, 0x00, 0x00, 0x00, 0xc9,
	u8(0x58), 0x00, 0x00, 0x00, 0x40, 0x10, 0x2c, 0x00, 0x00, 0x00, 0xe8, 0x58, 0x00, 0x00, 0x10, 0x2d,
	u8(0x00), 0x00, 0x00, 0xe8, 0x58, 0x00, 0x00, 0x10, 0x1a, 0x01, 0x00, 0x00, 0xe8, 0x58, 0x00, 0x00,
	u8(0x00), 0x40, 0x11, 0x3d, 0x00, 0x00, 0x00, 0xcb, 0x56, 0x00, 0x00, 0x00, 0x08, 0x11, 0x3e, 0x00,
	u8(0x00), 0x00, 0x07, 0x59, 0x00, 0x00, 0x00, 0x08, 0x11, 0x3f, 0x00, 0x00, 0x00, 0x20, 0x59, 0x00,
	u8(0x00), 0x00, 0x08, 0x11, 0xf3, 0x00, 0x00, 0x00, 0x39, 0x59, 0x00, 0x00, 0x0f, 0x0a, 0x00, 0x00,
	u8(0x00), 0x01, 0x00, 0x00, 0x00, 0xff, 0xff, 0xff, 0xff, 0x52, 0x59, 0x00, 0x00, 0x00, 0x40, 0x0f,
	u8(0x3a), 0x00, 0x00, 0x00, 0x01, 0x00, 0x00, 0x00, 0x02, 0x00, 0x00, 0x00, 0x99, 0x59, 0x00, 0x00,
	u8(0x10), 0x7d, 0x00, 0x00, 0x00, 0x99, 0x59, 0x00, 0x00, 0x00, 0x40, 0x10, 0xac, 0x01, 0x00, 0x00,
	u8(0x6c), 0x57, 0x00, 0x00, 0x00, 0x40, 0x10, 0xad, 0x01, 0x00, 0x00, 0xb0, 0x59, 0x00, 0x00, 0x00,
	u8(0x40), 0x0f, 0x0d, 0x00, 0x00, 0x00, 0x01, 0x00, 0x00, 0x00, 0x01, 0x00, 0x00, 0x00, 0xc7, 0x59,
	u8(0x00), 0x00, 0x00, 0x40, 0x00, 0x08, 0x0f, 0x01, 0x00, 0x00, 0x00, 0x01, 0x00, 0x00, 0x00, 0xff,
	u8(0xff), 0xff, 0xff, 0xe6, 0x59, 0x00, 0x00, 0x00, 0x40, 0x0f, 0x01, 0x00, 0x00, 0x00, 0x01, 0x00,
	u8(0x00), 0x00, 0xff, 0xff, 0xff, 0xff, 0x19, 0x5a, 0x00, 0x00, 0x00, 0x40, 0x03, 0x05, 0x00, 0x00,
	u8(0x00), 0x00, 0x12, 0x05, 0x0f, 0x3b, 0x00, 0x00, 0x00, 0x01, 0x00, 0x00, 0x00, 0xff, 0xff, 0xff,
	u8(0xff), 0x85, 0x57, 0x00, 0x00, 0x08, 0x30, 0x30, 0x5a, 0x00, 0x00, 0x03, 0x02, 0x0b, 0x55, 0x00,
	u8(0x00), 0x0f, 0x01, 0x00, 0x00, 0x00, 0x01, 0x00, 0x00, 0x00, 0x01, 0x00, 0x00, 0x00, 0x3c, 0x5a,
	u8(0x00), 0x00, 0x03, 0x00, 0xff, 0xff, 0xff, 0xff, 0x00, 0x04, 0x03, 0x03, 0x01, 0x00, 0x00, 0x00,
	u8(0x12), 0x03, 0x13, 0x00, 0x03, 0x10, 0xae, 0x01, 0x00, 0x00, 0x44, 0x5a, 0x00, 0x00, 0x03, 0x00,
	u8(0xff), 0xff, 0xff, 0xff, 0x0f, 0x3c, 0x00, 0x00, 0x00, 0x01, 0x00, 0x00, 0x00, 0xff, 0xff, 0xff,
	u8(0xff), 0xd5, 0x57, 0x00, 0x00, 0x08, 0x40, 0x64, 0x5a, 0x00, 0x00, 0x03, 0x02, 0xa8, 0x57, 0x00,
	u8(0x00), 0x07, 0x03, 0x00, 0xff, 0xff, 0xff, 0xff, 0x03, 0x05, 0x01, 0x00, 0x00, 0x00, 0x12, 0x05,
	u8(0x03), 0x02, 0x6c, 0x57, 0x00, 0x00, 0x06, 0x3d, 0x70, 0x00, 0x00, 0x03, 0x02, 0x6c, 0x57, 0x00,
	u8(0x00), 0x00, 0x05, 0x0e, 0x6c, 0x57, 0x00, 0x00, 0x03, 0x06, 0x03, 0x00, 0x00, 0x00, 0x12, 0x06,
	u8(0x00), 0x06, 0x10, 0xfd, 0x00, 0x00, 0x00, 0x70, 0x5a, 0x00, 0x00, 0x10, 0xaf, 0x01, 0x00, 0x00,
	u8(0x7c), 0x5a, 0x00, 0x00, 0x10, 0x04, 0x00, 0x00, 0x00, 0x9e, 0x5a, 0x00, 0x00, 0x0f, 0x3d, 0x00,
	u8(0x00), 0x00, 0x01, 0x00, 0x00, 0x00, 0xff, 0xff, 0xff, 0xff, 0x3e, 0x58, 0x00, 0x00, 0x08, 0x50,
	u8(0xac), 0x5a, 0x00, 0x00, 0x03, 0x02, 0x01, 0x58, 0x00, 0x00, 0x00, 0x05, 0x0e, 0x6c, 0x57, 0x00,
	u8(0x00), 0x03, 0x06, 0x03, 0x00, 0x00, 0x00, 0x12, 0x06, 0x00, 0x06, 0x10, 0xfd, 0x00, 0x00, 0x00,
	u8(0xb8), 0x5a, 0x00, 0x00, 0x10, 0xaf, 0x01, 0x00, 0x00, 0xc4, 0x5a, 0x00, 0x00, 0x10, 0x0f, 0x01,
	u8(0x00), 0x00, 0xe6, 0x5a, 0x00, 0x00, 0x0f, 0x3e, 0x00, 0x00, 0x00, 0x01, 0x00, 0x00, 0x00, 0xff,
	u8(0xff), 0xff, 0xff, 0x87, 0x58, 0x00, 0x00, 0x08, 0x50, 0xf4, 0x5a, 0x00, 0x00, 0x03, 0x02, 0x4a,
	u8(0x58), 0x00, 0x00, 0x0f, 0x01, 0x00, 0x00, 0x00, 0x01, 0x00, 0x00, 0x00, 0x01, 0x00, 0x00, 0x00,
	u8(0xfd), 0x55, 0x00, 0x00, 0x03, 0x05, 0x07, 0x00, 0x00, 0x00, 0x12, 0x05, 0x03, 0x02, 0x6c, 0x57,
	u8(0x00), 0x00, 0x0f, 0x04, 0x00, 0x00, 0x00, 0x01, 0x00, 0x00, 0x00, 0xff, 0xff, 0xff, 0xff, 0x00,
	u8(0x5b), 0x00, 0x00, 0x03, 0x02, 0x08, 0x56, 0x00, 0x00, 0x0f, 0x01, 0x00, 0x00, 0x00, 0x01, 0x00,
	u8(0x00), 0x00, 0x01, 0x00, 0x00, 0x00, 0xa3, 0x56, 0x00, 0x00, 0x03, 0x06, 0x08, 0x00, 0x00, 0x00,
	u8(0x12), 0x06, 0x03, 0x02, 0x6c, 0x57, 0x00, 0x00, 0x0f, 0x01, 0x00, 0x00, 0x00, 0x01, 0x00, 0x00,
	u8(0x00), 0x01, 0x00, 0x00, 0x00, 0xc0, 0x56, 0x00, 0x00, 0x03, 0x06, 0x05, 0x00, 0x00, 0x00, 0x12,
	u8(0x06), 0x03, 0x02, 0x6c, 0x57, 0x00, 0x00, 0x0f, 0x0e, 0x00, 0x00, 0x00, 0x01, 0x00, 0x00, 0x00,
	u8(0xff), 0xff, 0xff, 0xff, 0x68, 0x59, 0x00, 0x00, 0x00, 0x80, 0x03, 0x02, 0xd6, 0x56, 0x00, 0x00,
	u8(0x0f), 0x0f, 0x00, 0x00, 0x00, 0x01, 0x00, 0x00, 0x00, 0xff, 0xff, 0xff, 0xff, 0x68, 0x59, 0x00,
	u8(0x00), 0x00, 0x80, 0x03, 0x02, 0xe1, 0x56, 0x00, 0x00, 0x0f, 0x13, 0x00, 0x00, 0x00, 0x01, 0x00,
	u8(0x00), 0x00, 0xff, 0xff, 0xff, 0xff, 0x68, 0x59, 0x00, 0x00, 0x00, 0x80, 0x03, 0x02, 0xec, 0x56,
	u8(0x00), 0x00, 0x00, 0x08, 0x11, 0x40, 0x00, 0x00, 0x00, 0x2c, 0x5b, 0x00, 0x00, 0x00, 0x07, 0x11,
	u8(0x50), 0x00, 0x00, 0x00, 0x45, 0x5b, 0x00, 0x00, 0x11, 0xfa, 0x00, 0x00, 0x00, 0x71, 0x59, 0x00,
	u8(0x00), 0x11, 0x22, 0x01, 0x00, 0x00, 0x7a, 0x59, 0x00, 0x00, 0x0f, 0x01, 0x00, 0x00, 0x00, 0x01,
	u8(0x00), 0x00, 0x00, 0xff, 0xff, 0xff, 0xff, 0x6c, 0x57, 0x00, 0x00, 0x03, 0x07, 0x06, 0x00, 0x00,
	u8(0x00), 0x12, 0x07, 0x03, 0x02, 0x6c, 0x57, 0x00, 0x00, 0x0f, 0x3f, 0x00, 0x00, 0x00, 0x01, 0x00,
	u8(0x00), 0x00, 0x01, 0x00, 0x00, 0x00, 0x70, 0x5b, 0x00, 0x00, 0x03, 0x02, 0x19, 0x57, 0x00, 0x00,
	u8(0x0f), 0x3f, 0x00, 0x00, 0x00, 0x01, 0x00, 0x00, 0x00, 0x01, 0x00, 0x00, 0x00, 0x8f, 0x5b, 0x00,
	u8(0x00), 0x03, 0x02, 0x2f, 0x57, 0x00, 0x00, 0x0f, 0x01, 0x00, 0x00, 0x00, 0x00, 0x00, 0x00, 0x00,
	u8(0xff), 0xff, 0xff, 0xff, 0xd8, 0x59, 0x00, 0x00, 0x03, 0x08, 0x15, 0x00, 0x00, 0x00, 0x12, 0x08,
	u8(0x03), 0x02, 0x6c, 0x57, 0x00, 0x00, 0x0f, 0x40, 0x00, 0x00, 0x00, 0x00, 0x00, 0x00, 0x00, 0x01,
	u8(0x00), 0x00, 0x00, 0xf7, 0x59, 0x00, 0x00, 0x00, 0x07, 0x0f, 0x04, 0x00, 0x00, 0x00, 0x00, 0x00,
	u8(0x00), 0x00, 0xff, 0xff, 0xff, 0xff, 0x0a, 0x5a, 0x00, 0x00, 0x10, 0x52, 0x00, 0x00, 0x00, 0xbf,
	u8(0x5b), 0x00, 0x00, 0x03, 0x02, 0x57, 0x57, 0x00, 0x00, 0x0f, 0x40, 0x00, 0x00, 0x00, 0x00, 0x00,
	u8(0x00), 0x00, 0x01, 0x00, 0x00, 0x00, 0x6c, 0x57, 0x00, 0x00, 0x03, 0x02, 0x6c, 0x57, 0x00, 0x00,
	u8(0x04), 0x00, 0x01, 0x00, 0x00, 0x00, 0x03, 0x02, 0x0b, 0x55, 0x00, 0x00, 0x00, 0x30, 0x03, 0x02,
	u8(0x0b), 0x55, 0x00, 0x00, 0x0f, 0x01, 0x00, 0x00, 0x00, 0x01, 0x00, 0x00, 0x00, 0x01, 0x00, 0x00,
	u8(0x00), 0xd5, 0x5b, 0x00, 0x00, 0x03, 0x00, 0xff, 0xff, 0xff, 0xff, 0x03, 0x04, 0x01, 0x00, 0x00,
	u8(0x00), 0x12, 0x04, 0x07, 0x04, 0x00, 0x01, 0x00, 0x00, 0x00, 0x03, 0x02, 0xa8, 0x57, 0x00, 0x00,
	u8(0x04), 0x00, 0x01, 0x00, 0x00, 0x00, 0x03, 0x02, 0x2d, 0x58, 0x00, 0x00, 0x0f, 0x41, 0x00, 0x00,
	u8(0x00), 0x00, 0x00, 0x00, 0x00, 0xff, 0xff, 0xff, 0xff, 0x8d, 0x5a, 0x00, 0x00, 0x10, 0xb0, 0x01,
	u8(0x00), 0x00, 0xdd, 0x5b, 0x00, 0x00, 0x00, 0x60, 0x03, 0x02, 0x24, 0x58, 0x00, 0x00, 0x03, 0x05,
	u8(0x03), 0x00, 0x00, 0x00, 0x12, 0x05, 0x03, 0x02, 0x6c, 0x57, 0x00, 0x00, 0x04, 0x00, 0x01, 0x00,
	u8(0x00), 0x00, 0x03, 0x02, 0x01, 0x58, 0x00, 0x00, 0x04, 0x00, 0x01, 0x00, 0x00, 0x00, 0x03, 0x02,
	u8(0x76), 0x58, 0x00, 0x00, 0x0f, 0x41, 0x00, 0x00, 0x00, 0x00, 0x00, 0x00, 0x00, 0xff, 0xff, 0xff,
	u8(0xff), 0xd5, 0x5a, 0x00, 0x00, 0x10, 0xb0, 0x01, 0x00, 0x00, 0xeb, 0x5b, 0x00, 0x00, 0x00, 0x60,
	u8(0x03), 0x02, 0x6d, 0x58, 0x00, 0x00, 0x03, 0x05, 0x03, 0x00, 0x00, 0x00, 0x12, 0x05, 0x03, 0x02,
	u8(0x6c), 0x57, 0x00, 0x00, 0x04, 0x00, 0x01, 0x00, 0x00, 0x00, 0x03, 0x02, 0x4a, 0x58, 0x00, 0x00,
	u8(0x00), 0x05, 0x0f, 0x01, 0x00, 0x00, 0x00, 0x01, 0x00, 0x00, 0x00, 0xff, 0xff, 0xff, 0xff, 0xf9,
	u8(0x5b), 0x00, 0x00, 0x00, 0x06, 0x0f, 0x01, 0x00, 0x00, 0x00, 0x01, 0x00, 0x00, 0x00, 0xff, 0xff,
	u8(0xff), 0xff, 0x0a, 0x5c, 0x00, 0x00, 0x03, 0x02, 0x08, 0x56, 0x00, 0x00, 0x0f, 0x0a, 0x00, 0x00,
	u8(0x00), 0x01, 0x00, 0x00, 0x00, 0xff, 0xff, 0xff, 0xff, 0x5d, 0x59, 0x00, 0x00, 0x00, 0x80, 0x03,
	u8(0x02), 0x5d, 0x59, 0x00, 0x00, 0x10, 0x53, 0x00, 0x00, 0x00, 0x57, 0x5b, 0x00, 0x00, 0x10, 0x3d,
	u8(0x00), 0x00, 0x00, 0x57, 0x5b, 0x00, 0x00, 0x0f, 0x0a, 0x00, 0x00, 0x00, 0x01, 0x00, 0x00, 0x00,
	u8(0xff), 0xff, 0xff, 0xff, 0x68, 0x59, 0x00, 0x00, 0x00, 0x70, 0x03, 0x02, 0x68, 0x59, 0x00, 0x00,
	u8(0x0f), 0x01, 0x00, 0x00, 0x00, 0x00, 0x00, 0x00, 0x00, 0xff, 0xff, 0xff, 0xff, 0x81, 0x5b, 0x00,
	u8(0x00), 0x03, 0x08, 0x04, 0x00, 0x00, 0x00, 0x12, 0x08, 0x03, 0x02, 0x6c, 0x57, 0x00, 0x00, 0x0f,
	u8(0x01), 0x00, 0x00, 0x00, 0x00, 0x00, 0x00, 0x00, 0xff, 0xff, 0xff, 0xff, 0xa0, 0x5b, 0x00, 0x00,
	u8(0x0f), 0x40, 0x00, 0x00, 0x00, 0x00, 0x00, 0x00, 0x00, 0x01, 0x00, 0x00, 0x00, 0xb1, 0x5b, 0x00,
	u8(0x00), 0x03, 0x08, 0x05, 0x00, 0x00, 0x00, 0x12, 0x08, 0x03, 0x02, 0x6c, 0x57, 0x00, 0x00, 0x00,
	u8(0x06), 0x00, 0x81, 0x00, 0x70, 0x03, 0x07, 0x02, 0x00, 0x00, 0x00, 0x12, 0x07, 0x00, 0x60, 0x03,
	u8(0x02), 0x6c, 0x57, 0x00, 0x00, 0x00, 0x30, 0x03, 0x02, 0xbe, 0x57, 0x00, 0x00, 0x03, 0x07, 0x04,
	u8(0x00), 0x00, 0x00, 0x12, 0x07, 0x03, 0x02, 0x2d, 0x58, 0x00, 0x00, 0x03, 0x07, 0x04, 0x00, 0x00,
	u8(0x00), 0x12, 0x07, 0x03, 0x02, 0x76, 0x58, 0x00, 0x00, 0x10, 0x40, 0x00, 0x00, 0x00, 0x13, 0x5b,
	u8(0x00), 0x00, 0x00, 0x50, 0x03, 0x02, 0x13, 0x5b, 0x00, 0x00, 0x0f, 0x40, 0x00, 0x00, 0x00, 0x00,
	u8(0x00), 0x00, 0x00, 0x01, 0x00, 0x00, 0x00, 0x1b, 0x5c, 0x00, 0x00, 0x00, 0x07, 0x03, 0x08, 0x08,
	u8(0x00), 0x00, 0x00, 0x12, 0x08, 0x00, 0x08, 0x00, 0x61, 0x00, 0x70, 0x03, 0x07, 0x02, 0x00, 0x00,
	u8(0x00), 0x12, 0x07, 0x00, 0x80, 0x03, 0x02, 0x6c, 0x57, 0x00, 0x00, 0x00, 0x03, 0x0e, 0xa6, 0x5e,
	u8(0x00), 0x00, 0x03, 0x04, 0x00, 0x00, 0x00, 0x00, 0x12, 0x04, 0x00, 0x04, 0x10, 0x00, 0x00, 0x00,
	u8(0x00), 0xa7, 0x5e, 0x00, 0x00, 0x10, 0x01, 0x00, 0x00, 0x00, 0xbb, 0x5e, 0x00, 0x00, 0x10, 0x04,
	u8(0x01), 0x00, 0x00, 0x67, 0x5c, 0x00, 0x00, 0x10, 0x03, 0x00, 0x00, 0x00, 0xec, 0x5e, 0x00, 0x00,
	u8(0x00), 0x40, 0x10, 0x03, 0x00, 0x00, 0x00, 0x0c, 0x5f, 0x00, 0x00, 0x00, 0x40, 0x10, 0x04, 0x01,
	u8(0x00), 0x00, 0x8f, 0x5c, 0x00, 0x00, 0x10, 0xb1, 0x01, 0x00, 0x00, 0x8f, 0x5c, 0x00, 0x00, 0x10,
	u8(0xb2), 0x01, 0x00, 0x00, 0x23, 0x5f, 0x00, 0x00, 0x00, 0x40, 0x10, 0x04, 0x01, 0x00, 0x00, 0xac,
	u8(0x5c), 0x00, 0x00, 0x10, 0xb1, 0x01, 0x00, 0x00, 0xac, 0x5c, 0x00, 0x00, 0x10, 0x04, 0x00, 0x00,
	u8(0x00), 0x54, 0x5f, 0x00, 0x00, 0x00, 0x40, 0x10, 0x05, 0x00, 0x00, 0x00, 0x5f, 0x5f, 0x00, 0x00,
	u8(0x10), 0x07, 0x00, 0x00, 0x00, 0x5f, 0x5f, 0x00, 0x00, 0x10, 0x0a, 0x00, 0x00, 0x00, 0x5f, 0x5f,
	u8(0x00), 0x00, 0x10, 0x0b, 0x00, 0x00, 0x00, 0x5f, 0x5f, 0x00, 0x00, 0x10, 0x0d, 0x00, 0x00, 0x00,
	u8(0x5f), 0x5f, 0x00, 0x00, 0x10, 0x3c, 0x01, 0x00, 0x00, 0x5f, 0x5f, 0x00, 0x00, 0x10, 0xcc, 0x00,
	u8(0x00), 0x00, 0x5f, 0x5f, 0x00, 0x00, 0x10, 0x0e, 0x00, 0x00, 0x00, 0x5f, 0x5f, 0x00, 0x00, 0x10,
	u8(0x10), 0x00, 0x00, 0x00, 0x5f, 0x5f, 0x00, 0x00, 0x00, 0x40, 0x10, 0x86, 0x00, 0x00, 0x00, 0x7e,
	u8(0x5f), 0x00, 0x00, 0x10, 0x85, 0x00, 0x00, 0x00, 0x7e, 0x5f, 0x00, 0x00, 0x10, 0x87, 0x00, 0x00,
	u8(0x00), 0x7e, 0x5f, 0x00, 0x00, 0x10, 0x15, 0x00, 0x00, 0x00, 0x7e, 0x5f, 0x00, 0x00, 0x10, 0xb3,
	u8(0x01), 0x00, 0x00, 0x7e, 0x5f, 0x00, 0x00, 0x10, 0xb4, 0x01, 0x00, 0x00, 0x7e, 0x5f, 0x00, 0x00,
	u8(0x10), 0x16, 0x00, 0x00, 0x00, 0x7e, 0x5f, 0x00, 0x00, 0x10, 0x17, 0x00, 0x00, 0x00, 0x7e, 0x5f,
	u8(0x00), 0x00, 0x10, 0x3a, 0x01, 0x00, 0x00, 0x7e, 0x5f, 0x00, 0x00, 0x10, 0xb5, 0x01, 0x00, 0x00,
	u8(0x7e), 0x5f, 0x00, 0x00, 0x10, 0x98, 0x00, 0x00, 0x00, 0x7e, 0x5f, 0x00, 0x00, 0x10, 0x9b, 0x00,
	u8(0x00), 0x00, 0x7e, 0x5f, 0x00, 0x00, 0x10, 0xb6, 0x01, 0x00, 0x00, 0x7e, 0x5f, 0x00, 0x00, 0x10,
	u8(0xb7), 0x01, 0x00, 0x00, 0x7e, 0x5f, 0x00, 0x00, 0x10, 0xb8, 0x01, 0x00, 0x00, 0x7e, 0x5f, 0x00,
	u8(0x00), 0x10, 0x39, 0x01, 0x00, 0x00, 0x7e, 0x5f, 0x00, 0x00, 0x10, 0xa7, 0x00, 0x00, 0x00, 0x7e,
	u8(0x5f), 0x00, 0x00, 0x10, 0xab, 0x01, 0x00, 0x00, 0x7e, 0x5f, 0x00, 0x00, 0x10, 0xb9, 0x01, 0x00,
	u8(0x00), 0x7e, 0x5f, 0x00, 0x00, 0x10, 0x1d, 0x00, 0x00, 0x00, 0x7e, 0x5f, 0x00, 0x00, 0x10, 0x1e,
	u8(0x00), 0x00, 0x00, 0x7e, 0x5f, 0x00, 0x00, 0x10, 0x2d, 0x01, 0x00, 0x00, 0x7e, 0x5f, 0x00, 0x00,
	u8(0x10), 0xba, 0x01, 0x00, 0x00, 0x7e, 0x5f, 0x00, 0x00, 0x10, 0xdf, 0x00, 0x00, 0x00, 0x7e, 0x5f,
	u8(0x00), 0x00, 0x10, 0xb0, 0x00, 0x00, 0x00, 0x7e, 0x5f, 0x00, 0x00, 0x10, 0xe1, 0x00, 0x00, 0x00,
	u8(0x7e), 0x5f, 0x00, 0x00, 0x10, 0xb3, 0x00, 0x00, 0x00, 0x7e, 0x5f, 0x00, 0x00, 0x00, 0x40, 0x10,
	u8(0x2d), 0x00, 0x00, 0x00, 0x9d, 0x5f, 0x00, 0x00, 0x10, 0x2c, 0x00, 0x00, 0x00, 0x9d, 0x5f, 0x00,
	u8(0x00), 0x00, 0x40, 0x11, 0x3d, 0x00, 0x00, 0x00, 0x1c, 0x5e, 0x00, 0x00, 0x00, 0x05, 0x11, 0x3e,
	u8(0x00), 0x00, 0x00, 0xbc, 0x5f, 0x00, 0x00, 0x00, 0x05, 0x11, 0x3f, 0x00, 0x00, 0x00, 0xd5, 0x5f,
	u8(0x00), 0x00, 0x00, 0x05, 0x11, 0xf3, 0x00, 0x00, 0x00, 0xee, 0x5f, 0x00, 0x00, 0x0f, 0x0a, 0x00,
	u8(0x00), 0x00, 0x01, 0x00, 0x00, 0x00, 0xff, 0xff, 0xff, 0xff, 0x07, 0x60, 0x00, 0x00, 0x00, 0x40,
	u8(0x00), 0x05, 0x10, 0xbb, 0x01, 0x00, 0x00, 0x5b, 0x5e, 0x00, 0x00, 0x0f, 0x01, 0x00, 0x00, 0x00,
	u8(0x01), 0x00, 0x00, 0x00, 0xff, 0xff, 0xff, 0xff, 0x77, 0x60, 0x00, 0x00, 0x00, 0x40, 0x0f, 0x42,
	u8(0x00), 0x00, 0x00, 0x01, 0x00, 0x00, 0x00, 0xff, 0xff, 0xff, 0xff, 0x81, 0x5e, 0x00, 0x00, 0x00,
	u8(0x40), 0x03, 0x05, 0x00, 0x00, 0x00, 0x00, 0x12, 0x05, 0x0f, 0x43, 0x00, 0x00, 0x00, 0x01, 0x00,
	u8(0x00), 0x00, 0xff, 0xff, 0xff, 0xff, 0x9a, 0x5e, 0x00, 0x00, 0x08, 0x30, 0x99, 0x60, 0x00, 0x00,
	u8(0x03), 0x02, 0x3b, 0x5c, 0x00, 0x00, 0x07, 0x03, 0x00, 0xff, 0xff, 0xff, 0xff, 0x03, 0x05, 0x01,
	u8(0x00), 0x00, 0x00, 0x12, 0x05, 0x03, 0x02, 0x81, 0x5e, 0x00, 0x00, 0x00, 0x05, 0x03, 0x06, 0x01,
	u8(0x00), 0x00, 0x00, 0x12, 0x06, 0x13, 0x10, 0x41, 0x00, 0x00, 0x00, 0xa5, 0x60, 0x00, 0x00, 0x0f,
	u8(0x03), 0x00, 0x00, 0x00, 0x01, 0x00, 0x00, 0x00, 0xff, 0xff, 0xff, 0xff, 0xe0, 0x5e, 0x00, 0x00,
	u8(0x08), 0x50, 0xb3, 0x60, 0x00, 0x00, 0x03, 0x02, 0xbb, 0x5e, 0x00, 0x00, 0x10, 0xfd, 0x00, 0x00,
	u8(0x00), 0xbf, 0x60, 0x00, 0x00, 0x0f, 0x32, 0x00, 0x00, 0x00, 0x01, 0x00, 0x00, 0x00, 0x01, 0x00,
	u8(0x00), 0x00, 0xe5, 0x60, 0x00, 0x00, 0x03, 0x02, 0x70, 0x5c, 0x00, 0x00, 0x0f, 0x3f, 0x00, 0x00,
	u8(0x00), 0x01, 0x00, 0x00, 0x00, 0x01, 0x00, 0x00, 0x00, 0xfc, 0x60, 0x00, 0x00, 0x03, 0x02, 0x7b,
	u8(0x5c), 0x00, 0x00, 0x00, 0x05, 0x03, 0x06, 0x03, 0x00, 0x00, 0x00, 0x12, 0x06, 0x10, 0xbc, 0x01,
	u8(0x00), 0x00, 0x1b, 0x61, 0x00, 0x00, 0x13, 0x0f, 0x0c, 0x00, 0x00, 0x00, 0x01, 0x00, 0x00, 0x00,
	u8(0xff), 0xff, 0xff, 0xff, 0x48, 0x5f, 0x00, 0x00, 0x08, 0x50, 0x29, 0x61, 0x00, 0x00, 0x03, 0x02,
	u8(0x23), 0x5f, 0x00, 0x00, 0x06, 0x95, 0x70, 0x00, 0x00, 0x03, 0x02, 0x81, 0x5e, 0x00, 0x00, 0x0f,
	u8(0x01), 0x00, 0x00, 0x00, 0x01, 0x00, 0x00, 0x00, 0x01, 0x00, 0x00, 0x00, 0x08, 0x5d, 0x00, 0x00,
	u8(0x03), 0x08, 0x07, 0x00, 0x00, 0x00, 0x12, 0x08, 0x03, 0x02, 0x81, 0x5e, 0x00, 0x00, 0x0f, 0x01,
	u8(0x00), 0x00, 0x00, 0x01, 0x00, 0x00, 0x00, 0x01, 0x00, 0x00, 0x00, 0xfd, 0x5d, 0x00, 0x00, 0x03,
	u8(0x08), 0x08, 0x00, 0x00, 0x00, 0x12, 0x08, 0x03, 0x02, 0x81, 0x5e, 0x00, 0x00, 0x0f, 0x01, 0x00,
	u8(0x00), 0x00, 0x01, 0x00, 0x00, 0x00, 0x01, 0x00, 0x00, 0x00, 0x11, 0x5e, 0x00, 0x00, 0x03, 0x08,
	u8(0x05), 0x00, 0x00, 0x00, 0x12, 0x08, 0x03, 0x02, 0x81, 0x5e, 0x00, 0x00, 0x0f, 0x0e, 0x00, 0x00,
	u8(0x00), 0x01, 0x00, 0x00, 0x00, 0xff, 0xff, 0xff, 0xff, 0x21, 0x60, 0x00, 0x00, 0x00, 0x50, 0x03,
	u8(0x02), 0x27, 0x5e, 0x00, 0x00, 0x0f, 0x0f, 0x00, 0x00, 0x00, 0x01, 0x00, 0x00, 0x00, 0xff, 0xff,
	u8(0xff), 0xff, 0x21, 0x60, 0x00, 0x00, 0x00, 0x50, 0x03, 0x02, 0x32, 0x5e, 0x00, 0x00, 0x0f, 0x13,
	u8(0x00), 0x00, 0x00, 0x01, 0x00, 0x00, 0x00, 0xff, 0xff, 0xff, 0xff, 0x21, 0x60, 0x00, 0x00, 0x00,
	u8(0x50), 0x03, 0x02, 0x3d, 0x5e, 0x00, 0x00, 0x11, 0x40, 0x00, 0x00, 0x00, 0x10, 0x60, 0x00, 0x00,
	u8(0x0f), 0x0a, 0x00, 0x00, 0x00, 0x00, 0x00, 0x00, 0x00, 0xff, 0xff, 0xff, 0xff, 0x21, 0x60, 0x00,
	u8(0x00), 0x00, 0x06, 0x11, 0x50, 0x00, 0x00, 0x00, 0x35, 0x61, 0x00, 0x00, 0x00, 0x07, 0x00, 0x08,
	u8(0x10), 0x22, 0x01, 0x00, 0x00, 0x60, 0x61, 0x00, 0x00, 0x10, 0x71, 0x01, 0x00, 0x00, 0x60, 0x61,
	u8(0x00), 0x00, 0x00, 0x80, 0x10, 0xbd, 0x01, 0x00, 0x00, 0x58, 0x60, 0x00, 0x00, 0x10, 0xbe, 0x01,
	u8(0x00), 0x00, 0x58, 0x60, 0x00, 0x00, 0x00, 0x70, 0x0f, 0x01, 0x00, 0x00, 0x00, 0x01, 0x00, 0x00,
	u8(0x00), 0xff, 0xff, 0xff, 0xff, 0x81, 0x5e, 0x00, 0x00, 0x03, 0x09, 0x06, 0x00, 0x00, 0x00, 0x12,
	u8(0x09), 0x03, 0x02, 0x81, 0x5e, 0x00, 0x00, 0x00, 0x06, 0x0f, 0x04, 0x00, 0x00, 0x00, 0x00, 0x00,
	u8(0x00), 0x00, 0xff, 0xff, 0xff, 0xff, 0x8a, 0x60, 0x00, 0x00, 0x10, 0x52, 0x00, 0x00, 0x00, 0x9c,
	u8(0x61), 0x00, 0x00, 0x03, 0x02, 0x6c, 0x5e, 0x00, 0x00, 0x04, 0x00, 0x01, 0x00, 0x00, 0x00, 0x03,
	u8(0x02), 0x3b, 0x5c, 0x00, 0x00, 0x03, 0x06, 0x01, 0x00, 0x00, 0x00, 0x12, 0x06, 0x03, 0x02, 0x81,
	u8(0x5e), 0x00, 0x00, 0x04, 0x00, 0x01, 0x00, 0x00, 0x00, 0x03, 0x02, 0xbb, 0x5e, 0x00, 0x00, 0x04,
	u8(0x00), 0x01, 0x00, 0x00, 0x00, 0x0f, 0x32, 0x00, 0x00, 0x00, 0x00, 0x00, 0x00, 0x00, 0xff, 0xff,
	u8(0xff), 0xff, 0xd6, 0x60, 0x00, 0x00, 0x10, 0x03, 0x00, 0x00, 0x00, 0xb2, 0x61, 0x00, 0x00, 0x03,
	u8(0x02), 0x70, 0x5c, 0x00, 0x00, 0x0f, 0x44, 0x00, 0x00, 0x00, 0x00, 0x00, 0x00, 0x00, 0xff, 0xff,
	u8(0xff), 0xff, 0xd6, 0x60, 0x00, 0x00, 0x03, 0x02, 0xd6, 0x60, 0x00, 0x00, 0x0f, 0x01, 0x00, 0x00,
	u8(0x00), 0x00, 0x00, 0x00, 0x00, 0xff, 0xff, 0xff, 0xff, 0x0d, 0x61, 0x00, 0x00, 0x03, 0x05, 0x08,
	u8(0x00), 0x00, 0x00, 0x12, 0x05, 0x03, 0x02, 0x81, 0x5e, 0x00, 0x00, 0x03, 0x06, 0x03, 0x00, 0x00,
	u8(0x00), 0x12, 0x06, 0x03, 0x02, 0x81, 0x5e, 0x00, 0x00, 0x04, 0x00, 0x01, 0x00, 0x00, 0x00, 0x03,
	u8(0x02), 0x23, 0x5f, 0x00, 0x00, 0x10, 0x53, 0x00, 0x00, 0x00, 0x47, 0x61, 0x00, 0x00, 0x10, 0x3d,
	u8(0x00), 0x00, 0x00, 0x47, 0x61, 0x00, 0x00, 0x0f, 0x0a, 0x00, 0x00, 0x00, 0x01, 0x00, 0x00, 0x00,
	u8(0xff), 0xff, 0xff, 0xff, 0x2c, 0x60, 0x00, 0x00, 0x00, 0x60, 0x03, 0x02, 0x2c, 0x60, 0x00, 0x00,
	u8(0x10), 0x77, 0x01, 0x00, 0x00, 0x58, 0x60, 0x00, 0x00, 0x10, 0x78, 0x01, 0x00, 0x00, 0x58, 0x60,
	u8(0x00), 0x00, 0x10, 0x73, 0x01, 0x00, 0x00, 0x58, 0x60, 0x00, 0x00, 0x10, 0x74, 0x01, 0x00, 0x00,
	u8(0x58), 0x60, 0x00, 0x00, 0x10, 0x75, 0x01, 0x00, 0x00, 0x58, 0x60, 0x00, 0x00, 0x10, 0xbf, 0x01,
	u8(0x00), 0x00, 0x58, 0x60, 0x00, 0x00, 0x03, 0x02, 0x42, 0x60, 0x00, 0x00, 0x00, 0x08, 0x00, 0x51,
	u8(0x00), 0x60, 0x03, 0x06, 0x02, 0x00, 0x00, 0x00, 0x12, 0x06, 0x00, 0x80, 0x03, 0x02, 0x81, 0x5e,
	u8(0x00), 0x00, 0x03, 0x05, 0x03, 0x00, 0x00, 0x00, 0x12, 0x05, 0x03, 0x02, 0x81, 0x5e, 0x00, 0x00,
	u8(0x00), 0x03, 0x0e, 0x8c, 0x63, 0x00, 0x00, 0x03, 0x04, 0x00, 0x00, 0x00, 0x00, 0x12, 0x04, 0x00,
	u8(0x04), 0x10, 0x02, 0x00, 0x00, 0x00, 0x8d, 0x63, 0x00, 0x00, 0x10, 0x03, 0x00, 0x00, 0x00, 0xa1,
	u8(0x63), 0x00, 0x00, 0x10, 0xc0, 0x01, 0x00, 0x00, 0xd7, 0x63, 0x00, 0x00, 0x10, 0x04, 0x00, 0x00,
	u8(0x00), 0x16, 0x64, 0x00, 0x00, 0x10, 0x0f, 0x01, 0x00, 0x00, 0x60, 0x64, 0x00, 0x00, 0x10, 0xc1,
	u8(0x01), 0x00, 0x00, 0x9f, 0x64, 0x00, 0x00, 0x10, 0x7d, 0x00, 0x00, 0x00, 0xee, 0x64, 0x00, 0x00,
	u8(0x10), 0x05, 0x00, 0x00, 0x00, 0x4a, 0x65, 0x00, 0x00, 0x10, 0x06, 0x00, 0x00, 0x00, 0x4a, 0x65,
	u8(0x00), 0x00, 0x10, 0x07, 0x00, 0x00, 0x00, 0x4a, 0x65, 0x00, 0x00, 0x10, 0xd0, 0x00, 0x00, 0x00,
	u8(0x4a), 0x65, 0x00, 0x00, 0x10, 0x09, 0x00, 0x00, 0x00, 0x4a, 0x65, 0x00, 0x00, 0x10, 0x45, 0x00,
	u8(0x00), 0x00, 0x4a, 0x65, 0x00, 0x00, 0x10, 0x0a, 0x00, 0x00, 0x00, 0x4a, 0x65, 0x00, 0x00, 0x10,
	u8(0xc2), 0x01, 0x00, 0x00, 0x4a, 0x65, 0x00, 0x00, 0x10, 0xc3, 0x01, 0x00, 0x00, 0x4a, 0x65, 0x00,
	u8(0x00), 0x10, 0x0b, 0x00, 0x00, 0x00, 0x4a, 0x65, 0x00, 0x00, 0x10, 0x0d, 0x00, 0x00, 0x00, 0x4a,
	u8(0x65), 0x00, 0x00, 0x10, 0x98, 0x00, 0x00, 0x00, 0x4a, 0x65, 0x00, 0x00, 0x10, 0x0e, 0x00, 0x00,
	u8(0x00), 0x4a, 0x65, 0x00, 0x00, 0x10, 0xab, 0x00, 0x00, 0x00, 0x4a, 0x65, 0x00, 0x00, 0x10, 0xcb,
	u8(0x00), 0x00, 0x00, 0x4a, 0x65, 0x00, 0x00, 0x10, 0xf7, 0x00, 0x00, 0x00, 0x4a, 0x65, 0x00, 0x00,
	u8(0x10), 0x3b, 0x01, 0x00, 0x00, 0x4a, 0x65, 0x00, 0x00, 0x10, 0x10, 0x00, 0x00, 0x00, 0x4a, 0x65,
	u8(0x00), 0x00, 0x00, 0x40, 0x10, 0xcd, 0x00, 0x00, 0x00, 0x69, 0x65, 0x00, 0x00, 0x00, 0x40, 0x00,
	u8(0x05), 0x0f, 0x01, 0x00, 0x00, 0x00, 0x01, 0x00, 0x00, 0x00, 0xff, 0xff, 0xff, 0xff, 0x9b, 0x65,
	u8(0x00), 0x00, 0x00, 0x40, 0x10, 0xa9, 0x01, 0x00, 0x00, 0xbd, 0x65, 0x00, 0x00, 0x10, 0xc4, 0x01,
	u8(0x00), 0x00, 0xbd, 0x65, 0x00, 0x00, 0x10, 0x63, 0x00, 0x00, 0x00, 0xbd, 0x65, 0x00, 0x00, 0x10,
	u8(0x45), 0x01, 0x00, 0x00, 0xbd, 0x65, 0x00, 0x00, 0x10, 0xa5, 0x00, 0x00, 0x00, 0xbd, 0x65, 0x00,
	u8(0x00), 0x10, 0xc5, 0x01, 0x00, 0x00, 0xbd, 0x65, 0x00, 0x00, 0x10, 0xc6, 0x01, 0x00, 0x00, 0xbd,
	u8(0x65), 0x00, 0x00, 0x00, 0x40, 0x10, 0x2c, 0x00, 0x00, 0x00, 0xdc, 0x65, 0x00, 0x00, 0x10, 0x2d,
	u8(0x00), 0x00, 0x00, 0xdc, 0x65, 0x00, 0x00, 0x00, 0x40, 0x00, 0x07, 0x11, 0x3e, 0x00, 0x00, 0x00,
	u8(0xfb), 0x65, 0x00, 0x00, 0x00, 0x07, 0x10, 0x3d, 0x00, 0x00, 0x00, 0x3f, 0x63, 0x00, 0x00, 0x0f,
	u8(0x17), 0x00, 0x00, 0x00, 0x01, 0x00, 0x00, 0x00, 0xff, 0xff, 0xff, 0xff, 0x14, 0x66, 0x00, 0x00,
	u8(0x00), 0x70, 0x00, 0x40, 0x0f, 0x01, 0x00, 0x00, 0x00, 0x01, 0x00, 0x00, 0x00, 0xff, 0xff, 0xff,
	u8(0xff), 0x67, 0x63, 0x00, 0x00, 0x00, 0x40, 0x03, 0x05, 0x00, 0x00, 0x00, 0x00, 0x12, 0x05, 0x0f,
	u8(0x45), 0x00, 0x00, 0x00, 0x01, 0x00, 0x00, 0x00, 0xff, 0xff, 0xff, 0xff, 0x80, 0x63, 0x00, 0x00,
	u8(0x08), 0x30, 0x3e, 0x66, 0x00, 0x00, 0x03, 0x02, 0xc0, 0x61, 0x00, 0x00, 0x07, 0x03, 0x00, 0xff,
	u8(0xff), 0xff, 0xff, 0x03, 0x05, 0x01, 0x00, 0x00, 0x00, 0x12, 0x05, 0x03, 0x02, 0x67, 0x63, 0x00,
	u8(0x00), 0x00, 0x05, 0x0e, 0x67, 0x63, 0x00, 0x00, 0x03, 0x06, 0x03, 0x00, 0x00, 0x00, 0x12, 0x06,
	u8(0x10), 0x03, 0x00, 0x00, 0x00, 0x4a, 0x66, 0x00, 0x00, 0x13, 0x0f, 0x32, 0x00, 0x00, 0x00, 0x01,
	u8(0x00), 0x00, 0x00, 0xff, 0xff, 0xff, 0xff, 0xcb, 0x63, 0x00, 0x00, 0x08, 0x50, 0x58, 0x66, 0x00,
	u8(0x00), 0x03, 0x02, 0xa1, 0x63, 0x00, 0x00, 0x00, 0x05, 0x0e, 0x67, 0x63, 0x00, 0x00, 0x03, 0x06,
	u8(0x03), 0x00, 0x00, 0x00, 0x12, 0x06, 0x10, 0xfd, 0x00, 0x00, 0x00, 0x64, 0x66, 0x00, 0x00, 0x10,
	u8(0x03), 0x00, 0x00, 0x00, 0x70, 0x66, 0x00, 0x00, 0x13, 0x0f, 0x1c, 0x00, 0x00, 0x00, 0x01, 0x00,
	u8(0x00), 0x00, 0xff, 0xff, 0xff, 0xff, 0x0a, 0x64, 0x00, 0x00, 0x08, 0x50, 0x7e, 0x66, 0x00, 0x00,
	u8(0x03), 0x02, 0xd7, 0x63, 0x00, 0x00, 0x00, 0x05, 0x0e, 0x67, 0x63, 0x00, 0x00, 0x03, 0x06, 0x03,
	u8(0x00), 0x00, 0x00, 0x12, 0x06, 0x00, 0x06, 0x10, 0xfd, 0x00, 0x00, 0x00, 0x8a, 0x66, 0x00, 0x00,
	u8(0x10), 0x7d, 0x00, 0x00, 0x00, 0x96, 0x66, 0x00, 0x00, 0x10, 0x04, 0x00, 0x00, 0x00, 0xf2, 0x66,
	u8(0x00), 0x00, 0x13, 0x0f, 0x46, 0x00, 0x00, 0x00, 0x01, 0x00, 0x00, 0x00, 0xff, 0xff, 0xff, 0xff,
	u8(0x54), 0x64, 0x00, 0x00, 0x08, 0x50, 0x00, 0x67, 0x00, 0x00, 0x03, 0x02, 0x16, 0x64, 0x00, 0x00,
	u8(0x00), 0x05, 0x0e, 0x67, 0x63, 0x00, 0x00, 0x03, 0x06, 0x03, 0x00, 0x00, 0x00, 0x12, 0x06, 0x10,
	u8(0xfd), 0x00, 0x00, 0x00, 0x0c, 0x67, 0x00, 0x00, 0x10, 0x0f, 0x01, 0x00, 0x00, 0x18, 0x67, 0x00,
	u8(0x00), 0x13, 0x0f, 0x1e, 0x00, 0x00, 0x00, 0x01, 0x00, 0x00, 0x00, 0xff, 0xff, 0xff, 0xff, 0x93,
	u8(0x64), 0x00, 0x00, 0x08, 0x50, 0x26, 0x67, 0x00, 0x00, 0x03, 0x02, 0x60, 0x64, 0x00, 0x00, 0x10,
	u8(0x3d), 0x00, 0x00, 0x00, 0xa8, 0x64, 0x00, 0x00, 0x0f, 0x04, 0x00, 0x00, 0x00, 0x00, 0x00, 0x00,
	u8(0x00), 0xff, 0xff, 0xff, 0xff, 0xb9, 0x64, 0x00, 0x00, 0x10, 0x04, 0x00, 0x00, 0x00, 0xcb, 0x64,
	u8(0x00), 0x00, 0x10, 0x03, 0x00, 0x00, 0x00, 0xcb, 0x64, 0x00, 0x00, 0x10, 0xc7, 0x01, 0x00, 0x00,
	u8(0x32), 0x67, 0x00, 0x00, 0x10, 0xa5, 0x01, 0x00, 0x00, 0x32, 0x67, 0x00, 0x00, 0x10, 0xc8, 0x01,
	u8(0x00), 0x00, 0x32, 0x67, 0x00, 0x00, 0x00, 0x40, 0x03, 0x02, 0x07, 0x62, 0x00, 0x00, 0x00, 0x05,
	u8(0x10), 0xc9, 0x01, 0x00, 0x00, 0xc1, 0x67, 0x00, 0x00, 0x00, 0x05, 0x10, 0xca, 0x01, 0x00, 0x00,
	u8(0xda), 0x67, 0x00, 0x00, 0x00, 0x05, 0x10, 0x52, 0x00, 0x00, 0x00, 0xfc, 0x67, 0x00, 0x00, 0x0f,
	u8(0x3f), 0x00, 0x00, 0x00, 0x01, 0x00, 0x00, 0x00, 0x01, 0x00, 0x00, 0x00, 0x1e, 0x68, 0x00, 0x00,
	u8(0x0f), 0x17, 0x00, 0x00, 0x00, 0x01, 0x00, 0x00, 0x00, 0xff, 0xff, 0xff, 0xff, 0x2f, 0x68, 0x00,
	u8(0x00), 0x0f, 0x47, 0x00, 0x00, 0x00, 0x01, 0x00, 0x00, 0x00, 0x01, 0x00, 0x00, 0x00, 0x2f, 0x68,
	u8(0x00), 0x00, 0x00, 0x40, 0x03, 0x02, 0x10, 0x62, 0x00, 0x00, 0x0f, 0x01, 0x00, 0x00, 0x00, 0x01,
	u8(0x00), 0x00, 0x00, 0x01, 0x00, 0x00, 0x00, 0xb2, 0x62, 0x00, 0x00, 0x03, 0x07, 0x07, 0x00, 0x00,
	u8(0x00), 0x12, 0x07, 0x03, 0x02, 0x67, 0x63, 0x00, 0x00, 0x0f, 0x01, 0x00, 0x00, 0x00, 0x01, 0x00,
	u8(0x00), 0x00, 0x01, 0x00, 0x00, 0x00, 0xbd, 0x62, 0x00, 0x00, 0x03, 0x07, 0x08, 0x00, 0x00, 0x00,
	u8(0x12), 0x07, 0x00, 0x07, 0x0f, 0x04, 0x00, 0x00, 0x00, 0x01, 0x00, 0x00, 0x00, 0xff, 0xff, 0xff,
	u8(0xff), 0x3d, 0x68, 0x00, 0x00, 0x03, 0x02, 0x67, 0x63, 0x00, 0x00, 0x00, 0x06, 0x0f, 0x04, 0x00,
	u8(0x00), 0x00, 0x00, 0x00, 0x00, 0x00, 0xff, 0xff, 0xff, 0xff, 0xae, 0x65, 0x00, 0x00, 0x10, 0x52,
	u8(0x00), 0x00, 0x00, 0x58, 0x68, 0x00, 0x00, 0x03, 0x02, 0xd2, 0x62, 0x00, 0x00, 0x0f, 0x01, 0x00,
	u8(0x00), 0x00, 0x01, 0x00, 0x00, 0x00, 0x01, 0x00, 0x00, 0x00, 0x13, 0x63, 0x00, 0x00, 0x03, 0x07,
	u8(0x08), 0x00, 0x00, 0x00, 0x12, 0x07, 0x03, 0x02, 0x67, 0x63, 0x00, 0x00, 0x0f, 0x01, 0x00, 0x00,
	u8(0x00), 0x01, 0x00, 0x00, 0x00, 0x01, 0x00, 0x00, 0x00, 0x27, 0x63, 0x00, 0x00, 0x03, 0x07, 0x05,
	u8(0x00), 0x00, 0x00, 0x12, 0x07, 0x03, 0x02, 0x67, 0x63, 0x00, 0x00, 0x0f, 0x24, 0x00, 0x00, 0x00,
	u8(0x01), 0x00, 0x00, 0x00, 0xff, 0xff, 0xff, 0xff, 0x1f, 0x66, 0x00, 0x00, 0x00, 0x70, 0x03, 0x02,
	u8(0x34), 0x63, 0x00, 0x00, 0x00, 0x06, 0x10, 0x40, 0x00, 0x00, 0x00, 0x6e, 0x68, 0x00, 0x00, 0x0f,
	u8(0x01), 0x00, 0x00, 0x00, 0x01, 0x00, 0x00, 0x00, 0x01, 0x00, 0x00, 0x00, 0x52, 0x63, 0x00, 0x00,
	u8(0x03), 0x06, 0x06, 0x00, 0x00, 0x00, 0x12, 0x06, 0x03, 0x02, 0x67, 0x63, 0x00, 0x00, 0x04, 0x00,
	u8(0x01), 0x00, 0x00, 0x00, 0x03, 0x02, 0xc0, 0x61, 0x00, 0x00, 0x03, 0x06, 0x03, 0x00, 0x00, 0x00,
	u8(0x12), 0x06, 0x03, 0x02, 0x67, 0x63, 0x00, 0x00, 0x04, 0x00, 0x01, 0x00, 0x00, 0x00, 0x03, 0x02,
	u8(0xa1), 0x63, 0x00, 0x00, 0x04, 0x00, 0x01, 0x00, 0x00, 0x00, 0x03, 0x02, 0xf8, 0x63, 0x00, 0x00,
	u8(0x03), 0x05, 0x03, 0x00, 0x00, 0x00, 0x12, 0x05, 0x03, 0x02, 0x67, 0x63, 0x00, 0x00, 0x04, 0x00,
	u8(0x01), 0x00, 0x00, 0x00, 0x03, 0x02, 0xd7, 0x63, 0x00, 0x00, 0x04, 0x00, 0x01, 0x00, 0x00, 0x00,
	u8(0x03), 0x02, 0x42, 0x64, 0x00, 0x00, 0x00, 0x07, 0x10, 0xc9, 0x01, 0x00, 0x00, 0x87, 0x68, 0x00,
	u8(0x00), 0x00, 0x07, 0x10, 0xca, 0x01, 0x00, 0x00, 0xa0, 0x68, 0x00, 0x00, 0x00, 0x07, 0x10, 0x52,
	u8(0x00), 0x00, 0x00, 0xc2, 0x68, 0x00, 0x00, 0x0f, 0x3f, 0x00, 0x00, 0x00, 0x01, 0x00, 0x00, 0x00,
	u8(0x01), 0x00, 0x00, 0x00, 0xe4, 0x68, 0x00, 0x00, 0x0f, 0x17, 0x00, 0x00, 0x00, 0x01, 0x00, 0x00,
	u8(0x00), 0xff, 0xff, 0xff, 0xff, 0xf5, 0x68, 0x00, 0x00, 0x0f, 0x47, 0x00, 0x00, 0x00, 0x01, 0x00,
	u8(0x00), 0x00, 0x01, 0x00, 0x00, 0x00, 0xf5, 0x68, 0x00, 0x00, 0x00, 0x60, 0x03, 0x02, 0x39, 0x64,
	u8(0x00), 0x00, 0x03, 0x05, 0x03, 0x00, 0x00, 0x00, 0x12, 0x05, 0x03, 0x02, 0x67, 0x63, 0x00, 0x00,
	u8(0x04), 0x00, 0x01, 0x00, 0x00, 0x00, 0x03, 0x02, 0x16, 0x64, 0x00, 0x00, 0x04, 0x00, 0x01, 0x00,
	u8(0x00), 0x00, 0x03, 0x02, 0x81, 0x64, 0x00, 0x00, 0x03, 0x05, 0x03, 0x00, 0x00, 0x00, 0x12, 0x05,
	u8(0x03), 0x02, 0x67, 0x63, 0x00, 0x00, 0x04, 0x00, 0x01, 0x00, 0x00, 0x00, 0x03, 0x02, 0x60, 0x64,
	u8(0x00), 0x00, 0x0f, 0x01, 0x00, 0x00, 0x00, 0x01, 0x00, 0x00, 0x00, 0x01, 0x00, 0x00, 0x00, 0xe6,
	u8(0x64), 0x00, 0x00, 0x10, 0x04, 0x00, 0x00, 0x00, 0x55, 0x67, 0x00, 0x00, 0x10, 0x03, 0x00, 0x00,
	u8(0x00), 0x55, 0x67, 0x00, 0x00, 0x03, 0x00, 0xff, 0xff, 0xff, 0xff, 0x03, 0x07, 0x00, 0x00, 0x00,
	u8(0x00), 0x12, 0x07, 0x00, 0x07, 0x13, 0x00, 0x08, 0x0f, 0x48, 0x00, 0x00, 0x00, 0x00, 0x00, 0x00,
	u8(0x00), 0xff, 0xff, 0xff, 0xff, 0x79, 0x67, 0x00, 0x00, 0x10, 0xc7, 0x01, 0x00, 0x00, 0x03, 0x69,
	u8(0x00), 0x00, 0x10, 0xa5, 0x01, 0x00, 0x00, 0x03, 0x69, 0x00, 0x00, 0x10, 0xc8, 0x01, 0x00, 0x00,
	u8(0x03), 0x69, 0x00, 0x00, 0x00, 0x80, 0x03, 0x00, 0xff, 0xff, 0xff, 0xff, 0x03, 0x05, 0x03, 0x00,
	u8(0x00), 0x00, 0x12, 0x05, 0x0f, 0x49, 0x00, 0x00, 0x00, 0x01, 0x00, 0x00, 0x00, 0xff, 0xff, 0xff,
	u8(0xff), 0xb5, 0x67, 0x00, 0x00, 0x08, 0x70, 0x28, 0x69, 0x00, 0x00, 0x03, 0x02, 0x63, 0x67, 0x00,
	u8(0x00), 0x0f, 0x41, 0x00, 0x00, 0x00, 0x01, 0x00, 0x00, 0x00, 0xff, 0xff, 0xff, 0xff, 0x34, 0x69,
	u8(0x00), 0x00, 0x00, 0x50, 0x03, 0x02, 0xf9, 0x64, 0x00, 0x00, 0x0f, 0x4a, 0x00, 0x00, 0x00, 0x00,
	u8(0x00), 0x00, 0x00, 0xff, 0xff, 0xff, 0xff, 0xeb, 0x67, 0x00, 0x00, 0x10, 0xcb, 0x01, 0x00, 0x00,
	u8(0x2f), 0x68, 0x00, 0x00, 0x00, 0x50, 0x03, 0x02, 0x04, 0x65, 0x00, 0x00, 0x0f, 0x4a, 0x00, 0x00,
	u8(0x00), 0x00, 0x00, 0x00, 0x00, 0xff, 0xff, 0xff, 0xff, 0x0d, 0x68, 0x00, 0x00, 0x10, 0xcc, 0x01,
	u8(0x00), 0x00, 0x2f, 0x68, 0x00, 0x00, 0x00, 0x50, 0x03, 0x02, 0x0f, 0x65, 0x00, 0x00, 0x0f, 0x01,
	u8(0x00), 0x00, 0x00, 0x00, 0x00, 0x00, 0x00, 0xff, 0xff, 0xff, 0xff, 0x2f, 0x68, 0x00, 0x00, 0x03,
	u8(0x06), 0x04, 0x00, 0x00, 0x00, 0x12, 0x06, 0x03, 0x02, 0x67, 0x63, 0x00, 0x00, 0x00, 0x06, 0x0f,
	u8(0x01), 0x00, 0x00, 0x00, 0x01, 0x00, 0x00, 0x00, 0xff, 0xff, 0xff, 0xff, 0x43, 0x69, 0x00, 0x00,
	u8(0x00), 0x70, 0x03, 0x02, 0x67, 0x63, 0x00, 0x00, 0x00, 0x07, 0x00, 0x51, 0x00, 0x60, 0x03, 0x06,
	u8(0x02), 0x00, 0x00, 0x00, 0x12, 0x06, 0x00, 0x70, 0x03, 0x02, 0x67, 0x63, 0x00, 0x00, 0x0f, 0x17,
	u8(0x00), 0x00, 0x00, 0x01, 0x00, 0x00, 0x00, 0xff, 0xff, 0xff, 0xff, 0x1f, 0x66, 0x00, 0x00, 0x00,
	u8(0x60), 0x03, 0x02, 0x1f, 0x66, 0x00, 0x00, 0x0f, 0x41, 0x00, 0x00, 0x00, 0x01, 0x00, 0x00, 0x00,
	u8(0xff), 0xff, 0xff, 0xff, 0x5b, 0x69, 0x00, 0x00, 0x00, 0x70, 0x03, 0x02, 0xa1, 0x66, 0x00, 0x00,
	u8(0x0f), 0x4a, 0x00, 0x00, 0x00, 0x00, 0x00, 0x00, 0x00, 0xff, 0xff, 0xff, 0xff, 0xb1, 0x68, 0x00,
	u8(0x00), 0x10, 0xcb, 0x01, 0x00, 0x00, 0xf5, 0x68, 0x00, 0x00, 0x00, 0x70, 0x03, 0x02, 0xac, 0x66,
	u8(0x00), 0x00, 0x0f, 0x4a, 0x00, 0x00, 0x00, 0x00, 0x00, 0x00, 0x00, 0xff, 0xff, 0xff, 0xff, 0xd3,
	u8(0x68), 0x00, 0x00, 0x10, 0xcc, 0x01, 0x00, 0x00, 0xf5, 0x68, 0x00, 0x00, 0x00, 0x70, 0x03, 0x02,
	u8(0xb7), 0x66, 0x00, 0x00, 0x0f, 0x01, 0x00, 0x00, 0x00, 0x00, 0x00, 0x00, 0x00, 0xff, 0xff, 0xff,
	u8(0xff), 0xf5, 0x68, 0x00, 0x00, 0x03, 0x08, 0x04, 0x00, 0x00, 0x00, 0x12, 0x08, 0x03, 0x02, 0x42,
	u8(0x64), 0x00, 0x00, 0x0f, 0x01, 0x00, 0x00, 0x00, 0x01, 0x00, 0x00, 0x00, 0x01, 0x00, 0x00, 0x00,
	u8(0x94), 0x67, 0x00, 0x00, 0x03, 0x00, 0xff, 0xff, 0xff, 0xff, 0x03, 0x05, 0x00, 0x00, 0x00, 0x00,
	u8(0x12), 0x05, 0x03, 0x02, 0x67, 0x63, 0x00, 0x00, 0x04, 0x00, 0x01, 0x00, 0x00, 0x00, 0x03, 0x02,
	u8(0x63), 0x67, 0x00, 0x00, 0x10, 0xb0, 0x01, 0x00, 0x00, 0x2f, 0x68, 0x00, 0x00, 0x03, 0x02, 0xd2,
	u8(0x67), 0x00, 0x00, 0x00, 0x05, 0x00, 0x08, 0x00, 0x61, 0x00, 0x50, 0x03, 0x05, 0x02, 0x00, 0x00,
	u8(0x00), 0x12, 0x05, 0x00, 0x80, 0x03, 0x02, 0x67, 0x63, 0x00, 0x00, 0x10, 0xb0, 0x01, 0x00, 0x00,
	u8(0xf5), 0x68, 0x00, 0x00, 0x03, 0x02, 0x98, 0x68, 0x00, 0x00, 0x03, 0x03, 0x00, 0x00, 0x00, 0x00,
	u8(0x12), 0x03, 0x0f, 0x4b, 0x00, 0x00, 0x00, 0x01, 0x00, 0x00, 0x00, 0xff, 0xff, 0xff, 0xff, 0xf9,
	u8(0x6a), 0x00, 0x00, 0x00, 0x03, 0x10, 0x41, 0x01, 0x00, 0x00, 0x07, 0x6b, 0x00, 0x00, 0x10, 0x7f,
	u8(0x00), 0x00, 0x00, 0x2d, 0x6b, 0x00, 0x00, 0x03, 0x06, 0x00, 0x00, 0x00, 0x00, 0x12, 0x06, 0x00,
	u8(0x06), 0x0e, 0x53, 0x6b, 0x00, 0x00, 0x03, 0x05, 0x00, 0x00, 0x00, 0x00, 0x12, 0x05, 0x00, 0x05,
	u8(0x10), 0x02, 0x00, 0x00, 0x00, 0x54, 0x6b, 0x00, 0x00, 0x10, 0x7c, 0x00, 0x00, 0x00, 0x68, 0x6b,
	u8(0x00), 0x00, 0x10, 0x90, 0x01, 0x00, 0x00, 0xa2, 0x6b, 0x00, 0x00, 0x00, 0x04, 0x00, 0x07, 0x10,
	u8(0x04), 0x00, 0x00, 0x00, 0xd3, 0x6b, 0x00, 0x00, 0x00, 0x07, 0x10, 0x03, 0x00, 0x00, 0x00, 0xf5,
	u8(0x6b), 0x00, 0x00, 0x00, 0x50, 0x00, 0x09, 0x0f, 0x36, 0x00, 0x00, 0x00, 0x01, 0x00, 0x00, 0x00,
	u8(0xff), 0xff, 0xff, 0xff, 0x17, 0x6c, 0x00, 0x00, 0x00, 0x50, 0x10, 0x04, 0x00, 0x00, 0x00, 0x39,
	u8(0x6c), 0x00, 0x00, 0x00, 0x50, 0x10, 0x03, 0x00, 0x00, 0x00, 0x44, 0x6c, 0x00, 0x00, 0x00, 0x50,
	u8(0x10), 0x2c, 0x00, 0x00, 0x00, 0x71, 0x6c, 0x00, 0x00, 0x10, 0x2d, 0x00, 0x00, 0x00, 0x71, 0x6c,
	u8(0x00), 0x00, 0x00, 0x50, 0x10, 0x53, 0x00, 0x00, 0x00, 0x2d, 0x6a, 0x00, 0x00, 0x10, 0x3d, 0x00,
	u8(0x00), 0x00, 0x36, 0x6a, 0x00, 0x00, 0x10, 0xcd, 0x01, 0x00, 0x00, 0x90, 0x6c, 0x00, 0x00, 0x10,
	u8(0xce), 0x01, 0x00, 0x00, 0x90, 0x6c, 0x00, 0x00, 0x00, 0x50, 0x0f, 0x17, 0x00, 0x00, 0x00, 0x04,
	u8(0x00), 0x00, 0x00, 0x04, 0x00, 0x00, 0x00, 0xaf, 0x6c, 0x00, 0x00, 0x00, 0x50, 0x0f, 0x17, 0x00,
	u8(0x00), 0x00, 0x02, 0x00, 0x00, 0x00, 0x02, 0x00, 0x00, 0x00, 0xbe, 0x6c, 0x00, 0x00, 0x00, 0x50,
	u8(0x11), 0x53, 0x00, 0x00, 0x00, 0x79, 0x6a, 0x00, 0x00, 0x11, 0x3d, 0x00, 0x00, 0x00, 0x82, 0x6a,
	u8(0x00), 0x00, 0x00, 0x0a, 0x11, 0x3e, 0x00, 0x00, 0x00, 0xcd, 0x6c, 0x00, 0x00, 0x00, 0x0a, 0x11,
	u8(0x3f), 0x00, 0x00, 0x00, 0xe6, 0x6c, 0x00, 0x00, 0x00, 0x0a, 0x11, 0xf3, 0x00, 0x00, 0x00, 0xff,
	u8(0x6c), 0x00, 0x00, 0x0f, 0x0a, 0x00, 0x00, 0x00, 0x01, 0x00, 0x00, 0x00, 0xff, 0xff, 0xff, 0xff,
	u8(0x18), 0x6d, 0x00, 0x00, 0x00, 0x0a, 0x11, 0x40, 0x00, 0x00, 0x00, 0x5c, 0x6d, 0x00, 0x00, 0x00,
	u8(0x50), 0x0f, 0x01, 0x00, 0x00, 0x00, 0x01, 0x00, 0x00, 0x00, 0xff, 0xff, 0xff, 0xff, 0xd4, 0x6a,
	u8(0x00), 0x00, 0x00, 0x50, 0x03, 0x04, 0x00, 0x00, 0x00, 0x00, 0x12, 0x04, 0x0f, 0x4c, 0x00, 0x00,
	u8(0x00), 0x01, 0x00, 0x00, 0x00, 0xff, 0xff, 0xff, 0xff, 0xed, 0x6a, 0x00, 0x00, 0x08, 0x60, 0x75,
	u8(0x6d), 0x00, 0x00, 0x03, 0x02, 0x9f, 0x69, 0x00, 0x00, 0x03, 0x03, 0x00, 0x00, 0x00, 0x00, 0x12,
	u8(0x03), 0x03, 0x02, 0x83, 0x69, 0x00, 0x00, 0x00, 0x04, 0x0f, 0x23, 0x00, 0x00, 0x00, 0x00, 0x00,
	u8(0x00), 0x00, 0xff, 0xff, 0xff, 0xff, 0x1a, 0x6b, 0x00, 0x00, 0x00, 0x05, 0x10, 0x46, 0x01, 0x00,
	u8(0x00), 0x81, 0x6d, 0x00, 0x00, 0x00, 0x30, 0x03, 0x02, 0x8e, 0x69, 0x00, 0x00, 0x00, 0x07, 0x0f,
	u8(0x23), 0x00, 0x00, 0x00, 0x00, 0x00, 0x00, 0x00, 0xff, 0xff, 0xff, 0xff, 0x40, 0x6b, 0x00, 0x00,
	u8(0x00), 0x05, 0x10, 0x8f, 0x01, 0x00, 0x00, 0x97, 0x6d, 0x00, 0x00, 0x00, 0x30, 0x03, 0x02, 0x97,
	u8(0x69), 0x00, 0x00, 0x07, 0x03, 0x00, 0xff, 0xff, 0xff, 0xff, 0x03, 0x04, 0x01, 0x00, 0x00, 0x00,
	u8(0x12), 0x04, 0x03, 0x02, 0xd4, 0x6a, 0x00, 0x00, 0x00, 0x04, 0x03, 0x07, 0x03, 0x00, 0x00, 0x00,
	u8(0x12), 0x07, 0x10, 0xfd, 0x00, 0x00, 0x00, 0xad, 0x6d, 0x00, 0x00, 0x10, 0x7c, 0x00, 0x00, 0x00,
	u8(0xb9), 0x6d, 0x00, 0x00, 0x13, 0x0f, 0x1d, 0x00, 0x00, 0x00, 0x01, 0x00, 0x00, 0x00, 0xff, 0xff,
	u8(0xff), 0xff, 0x96, 0x6b, 0x00, 0x00, 0x08, 0x40, 0xc7, 0x6d, 0x00, 0x00, 0x03, 0x02, 0x68, 0x6b,
	u8(0x00), 0x00, 0x00, 0x04, 0x03, 0x07, 0x03, 0x00, 0x00, 0x00, 0x12, 0x07, 0x10, 0x90, 0x01, 0x00,
	u8(0x00), 0xd3, 0x6d, 0x00, 0x00, 0x13, 0x0f, 0x32, 0x00, 0x00, 0x00, 0x01, 0x00, 0x00, 0x00, 0xff,
	u8(0xff), 0xff, 0xff, 0xc7, 0x6b, 0x00, 0x00, 0x08, 0x40, 0xe1, 0x6d, 0x00, 0x00, 0x03, 0x02, 0xa2,
	u8(0x6b), 0x00, 0x00, 0x0f, 0x0c, 0x00, 0x00, 0x00, 0x00, 0x00, 0x00, 0x00, 0xff, 0xff, 0xff, 0xff,
	u8(0xe4), 0x6b, 0x00, 0x00, 0x10, 0x04, 0x00, 0x00, 0x00, 0xed, 0x6d, 0x00, 0x00, 0x00, 0x70, 0x03,
	u8(0x02), 0xd8, 0x69, 0x00, 0x00, 0x0f, 0x32, 0x00, 0x00, 0x00, 0x00, 0x00, 0x00, 0x00, 0xff, 0xff,
	u8(0xff), 0xff, 0x06, 0x6c, 0x00, 0x00, 0x10, 0x03, 0x00, 0x00, 0x00, 0xed, 0x6d, 0x00, 0x00, 0x00,
	u8(0x70), 0x03, 0x02, 0xe3, 0x69, 0x00, 0x00, 0x00, 0x08, 0x0f, 0x4b, 0x00, 0x00, 0x00, 0x00, 0x00,
	u8(0x00), 0x00, 0xff, 0xff, 0xff, 0xff, 0x2a, 0x6c, 0x00, 0x00, 0x10, 0x8e, 0x01, 0x00, 0x00, 0x0f,
	u8(0x6e), 0x00, 0x00, 0x03, 0x02, 0xf8, 0x69, 0x00, 0x00, 0x06, 0x95, 0x70, 0x00, 0x00, 0x03, 0x02,
	u8(0xd4), 0x6a, 0x00, 0x00, 0x00, 0x0a, 0x0e, 0xd4, 0x6a, 0x00, 0x00, 0x10, 0x03, 0x00, 0x00, 0x00,
	u8(0x25), 0x6e, 0x00, 0x00, 0x0f, 0x32, 0x00, 0x00, 0x00, 0x01, 0x00, 0x00, 0x00, 0xff, 0xff, 0xff,
	u8(0xff), 0x65, 0x6c, 0x00, 0x00, 0x08, 0xa0, 0x33, 0x6e, 0x00, 0x00, 0x03, 0x02, 0x44, 0x6c, 0x00,
	u8(0x00), 0x0f, 0x01, 0x00, 0x00, 0x00, 0x01, 0x00, 0x00, 0x00, 0x01, 0x00, 0x00, 0x00, 0x22, 0x6a,
	u8(0x00), 0x00, 0x03, 0x0a, 0x05, 0x00, 0x00, 0x00, 0x12, 0x0a, 0x03, 0x02, 0xd4, 0x6a, 0x00, 0x00,
	u8(0x0f), 0x01, 0x00, 0x00, 0x00, 0x01, 0x00, 0x00, 0x00, 0x01, 0x00, 0x00, 0x00, 0x48, 0x6a, 0x00,
	u8(0x00), 0x03, 0x0a, 0x05, 0x00, 0x00, 0x00, 0x12, 0x0a, 0x03, 0x02, 0xd4, 0x6a, 0x00, 0x00, 0x11,
	u8(0x3d), 0x00, 0x00, 0x00, 0x3f, 0x6e, 0x00, 0x00, 0x03, 0x02, 0x5b, 0x6a, 0x00, 0x00, 0x10, 0xad,
	u8(0x01), 0x00, 0x00, 0x56, 0x6e, 0x00, 0x00, 0x03, 0x02, 0x6e, 0x6a, 0x00, 0x00, 0x0f, 0x0e, 0x00,
	u8(0x00), 0x00, 0x01, 0x00, 0x00, 0x00, 0xff, 0xff, 0xff, 0xff, 0x32, 0x6d, 0x00, 0x00, 0x00, 0xa0,
	u8(0x03), 0x02, 0x8d, 0x6a, 0x00, 0x00, 0x0f, 0x0f, 0x00, 0x00, 0x00, 0x01, 0x00, 0x00, 0x00, 0xff,
	u8(0xff), 0xff, 0xff, 0x32, 0x6d, 0x00, 0x00, 0x00, 0xa0, 0x03, 0x02, 0x98, 0x6a, 0x00, 0x00, 0x0f,
	u8(0x13), 0x00, 0x00, 0x00, 0x01, 0x00, 0x00, 0x00, 0xff, 0xff, 0xff, 0xff, 0x32, 0x6d, 0x00, 0x00,
	u8(0x00), 0xa0, 0x03, 0x02, 0xa3, 0x6a, 0x00, 0x00, 0x11, 0x40, 0x00, 0x00, 0x00, 0x21, 0x6d, 0x00,
	u8(0x00), 0x0f, 0x0a, 0x00, 0x00, 0x00, 0x00, 0x00, 0x00, 0x00, 0xff, 0xff, 0xff, 0xff, 0x32, 0x6d,
	u8(0x00), 0x00, 0x00, 0x08, 0x11, 0x50, 0x00, 0x00, 0x00, 0x6d, 0x6e, 0x00, 0x00, 0x0f, 0x01, 0x00,
	u8(0x00), 0x00, 0x01, 0x00, 0x00, 0x00, 0xff, 0xff, 0xff, 0xff, 0xd4, 0x6a, 0x00, 0x00, 0x03, 0x0b,
	u8(0x06), 0x00, 0x00, 0x00, 0x12, 0x0b, 0x03, 0x02, 0xd4, 0x6a, 0x00, 0x00, 0x0f, 0x0a, 0x00, 0x00,
	u8(0x00), 0x01, 0x00, 0x00, 0x00, 0xff, 0xff, 0xff, 0xff, 0x32, 0x6d, 0x00, 0x00, 0x00, 0xa0, 0x03,
	u8(0x02), 0xbf, 0x6a, 0x00, 0x00, 0x04, 0x00, 0x01, 0x00, 0x00, 0x00, 0x03, 0x02, 0x9f, 0x69, 0x00,
	u8(0x00), 0x00, 0x06, 0x00, 0x41, 0x00, 0x50, 0x03, 0x05, 0x13, 0x00, 0x00, 0x00, 0x12, 0x05, 0x00,
	u8(0x60), 0x03, 0x02, 0x97, 0x69, 0x00, 0x00, 0x00, 0x06, 0x00, 0x71, 0x00, 0x50, 0x03, 0x05, 0x13,
	u8(0x00), 0x00, 0x00, 0x12, 0x05, 0x00, 0x60, 0x03, 0x02, 0x97, 0x69, 0x00, 0x00, 0x04, 0x00, 0x01,
	u8(0x00), 0x00, 0x00, 0x03, 0x02, 0x84, 0x6b, 0x00, 0x00, 0x03, 0x04, 0x03, 0x00, 0x00, 0x00, 0x12,
	u8(0x04), 0x03, 0x02, 0xd4, 0x6a, 0x00, 0x00, 0x04, 0x00, 0x01, 0x00, 0x00, 0x00, 0x03, 0x02, 0x68,
	u8(0x6b), 0x00, 0x00, 0x03, 0x07, 0x03, 0x00, 0x00, 0x00, 0x12, 0x07, 0x03, 0x02, 0xd4, 0x6a, 0x00,
	u8(0x00), 0x04, 0x00, 0x01, 0x00, 0x00, 0x00, 0x03, 0x02, 0xa2, 0x6b, 0x00, 0x00, 0x00, 0x08, 0x0f,
	u8(0x4b), 0x00, 0x00, 0x00, 0x00, 0x00, 0x00, 0x00, 0xff, 0xff, 0xff, 0xff, 0x00, 0x6e, 0x00, 0x00,
	u8(0x10), 0x8e, 0x01, 0x00, 0x00, 0x98, 0x6e, 0x00, 0x00, 0x03, 0x02, 0xe3, 0x69, 0x00, 0x00, 0x00,
	u8(0x0a), 0x00, 0x91, 0x00, 0x80, 0x03, 0x08, 0x04, 0x00, 0x00, 0x00, 0x12, 0x08, 0x00, 0xa0, 0x03,
	u8(0x02), 0xd4, 0x6a, 0x00, 0x00, 0x03, 0x08, 0x03, 0x00, 0x00, 0x00, 0x12, 0x08, 0x03, 0x02, 0xd4,
	u8(0x6a), 0x00, 0x00, 0x04, 0x00, 0x01, 0x00, 0x00, 0x00, 0x03, 0x02, 0x44, 0x6c, 0x00, 0x00, 0x0f,
	u8(0x17), 0x00, 0x00, 0x00, 0x02, 0x00, 0x00, 0x00, 0x02, 0x00, 0x00, 0x00, 0xae, 0x6e, 0x00, 0x00,
	u8(0x03), 0x02, 0x5b, 0x6a, 0x00, 0x00, 0x0f, 0x17, 0x00, 0x00, 0x00, 0x02, 0x00, 0x00, 0x00, 0x02,
	u8(0x00), 0x00, 0x00, 0xbd, 0x6e, 0x00, 0x00, 0x03, 0x02, 0x6e, 0x6a, 0x00, 0x00, 0x10, 0x53, 0x00,
	u8(0x00), 0x00, 0x7f, 0x6e, 0x00, 0x00, 0x10, 0x3d, 0x00, 0x00, 0x00, 0x7f, 0x6e, 0x00, 0x00, 0x0f,
	u8(0x0a), 0x00, 0x00, 0x00, 0x01, 0x00, 0x00, 0x00, 0xff, 0xff, 0xff, 0xff, 0x3d, 0x6d, 0x00, 0x00,
	u8(0x00), 0x80, 0x03, 0x02, 0x3d, 0x6d, 0x00, 0x00, 0x00, 0x09, 0x00, 0x41, 0x00, 0x80, 0x03, 0x08,
	u8(0x04), 0x00, 0x00, 0x00, 0x12, 0x08, 0x00, 0x90, 0x03, 0x02, 0xd4, 0x6a, 0x00, 0x00, 0x11, 0x3d,
	u8(0x00), 0x00, 0x00, 0xcc, 0x6e, 0x00, 0x00, 0x03, 0x02, 0x5b, 0x6a, 0x00, 0x00, 0x10, 0xad, 0x01,
	u8(0x00), 0x00, 0xe3, 0x6e, 0x00, 0x00, 0x03, 0x02, 0x6e, 0x6a, 0x00, 0x00, 0x0f, 0x17, 0x00, 0x00,
	u8(0x00), 0x02, 0x00, 0x00, 0x00, 0x02, 0x00, 0x00, 0x00, 0xfa, 0x6e, 0x00, 0x00, 0x03, 0x02, 0x5b,
	u8(0x6a), 0x00, 0x00, 0x0f, 0x17, 0x00, 0x00, 0x00, 0x02, 0x00, 0x00, 0x00, 0x02, 0x00, 0x00, 0x00,
	u8(0x1e), 0x6f, 0x00, 0x00, 0x03, 0x02, 0x6e, 0x6a, 0x00, 0x00, 0x00, 0x0a, 0x10, 0xcf, 0x01, 0x00,
	u8(0x00), 0x37, 0x6f, 0x00, 0x00, 0x11, 0xd0, 0x01, 0x00, 0x00, 0x37, 0x6f, 0x00, 0x00, 0x00, 0xa0,
	u8(0x03), 0x0b, 0x06, 0x00, 0x00, 0x00, 0x12, 0x0b, 0x03, 0x02, 0xd4, 0x6a, 0x00, 0x00, 0x00, 0x0a,
	u8(0x10), 0x40, 0x00, 0x00, 0x00, 0x4e, 0x6f, 0x00, 0x00, 0x03, 0x08, 0x06, 0x00, 0x00, 0x00, 0x12,
	u8(0x08), 0x03, 0x02, 0xd4, 0x6a, 0x00, 0x00, 0x0f, 0x17, 0x00, 0x00, 0x00, 0x02, 0x00, 0x00, 0x00,
	u8(0x02), 0x00, 0x00, 0x00, 0x67, 0x6f, 0x00, 0x00, 0x03, 0x02, 0x0e, 0x6f, 0x00, 0x00, 0x0f, 0x17,
	u8(0x00), 0x00, 0x00, 0x01, 0x00, 0x00, 0x00, 0xff, 0xff, 0xff, 0xff, 0x29, 0x6f, 0x00, 0x00, 0x00,
	u8(0xa0), 0x03, 0x02, 0x29, 0x6f, 0x00, 0x00, 0x11, 0xad, 0x01, 0x00, 0x00, 0x76, 0x6f, 0x00, 0x00,
	u8(0x03), 0x02, 0x0e, 0x6f, 0x00, 0x00, 0x0f, 0x17, 0x00, 0x00, 0x00, 0x02, 0x00, 0x00, 0x00, 0x02,
	u8(0x00), 0x00, 0x00, 0x8d, 0x6f, 0x00, 0x00, 0x03, 0x02, 0x0e, 0x6f, 0x00, 0x00, 0x11, 0xad, 0x01,
	u8(0x00), 0x00, 0x9c, 0x6f, 0x00, 0x00, 0x03, 0x02, 0x0e, 0x6f, 0x00, 0x00, 0x0f, 0x17, 0x00, 0x00,
	u8(0x00), 0x02, 0x00, 0x00, 0x00, 0x02, 0x00, 0x00, 0x00, 0xb3, 0x6f, 0x00, 0x00, 0x03, 0x02, 0x0e,
	u8(0x6f), 0x00, 0x00, 0x00, 0x08, 0x11, 0x40, 0x00, 0x00, 0x00, 0xe7, 0x6f, 0x00, 0x00, 0x00, 0x09,
	u8(0x11), 0xd1, 0x01, 0x00, 0x00, 0x10, 0x6f, 0x00, 0x00, 0x00, 0x0b, 0x10, 0x53, 0x00, 0x00, 0x00,
	u8(0x00), 0x70, 0x00, 0x00, 0x10, 0x3d, 0x00, 0x00, 0x00, 0x00, 0x70, 0x00, 0x00, 0x00, 0xb0, 0x00,
	u8(0x90), 0x03, 0x02, 0x10, 0x6f, 0x00, 0x00, 0x0f, 0x17, 0x00, 0x00, 0x00, 0x01, 0x00, 0x00, 0x00,
	u8(0xff), 0xff, 0xff, 0xff, 0xbe, 0x6f, 0x00, 0x00, 0x00, 0x80, 0x03, 0x02, 0xbe, 0x6f, 0x00, 0x00,
	u8(0x0f), 0x17, 0x00, 0x00, 0x00, 0x02, 0x00, 0x00, 0x00, 0x02, 0x00, 0x00, 0x00, 0x17, 0x70, 0x00,
	u8(0x00), 0x03, 0x02, 0xdd, 0x6f, 0x00, 0x00, 0x11, 0xad, 0x01, 0x00, 0x00, 0x26, 0x70, 0x00, 0x00,
	u8(0x03), 0x02, 0xdd, 0x6f, 0x00, 0x00, 0x0f, 0x17, 0x00, 0x00, 0x00, 0x02, 0x00, 0x00, 0x00, 0x02,
	u8(0x00), 0x00, 0x00, 0x10, 0x6f, 0x00, 0x00, 0x03, 0x02, 0xdd, 0x6f, 0x00, 0x00, 0x00, 0x03, 0x0e,
	u8(0x73), 0x70, 0x00, 0x00, 0x10, 0xfd, 0x00, 0x00, 0x00, 0x74, 0x70, 0x00, 0x00, 0x10, 0x03, 0x00,
	u8(0x00), 0x00, 0x80, 0x70, 0x00, 0x00, 0x0f, 0x1c, 0x00, 0x00, 0x00, 0x01, 0x00, 0x00, 0x00, 0xff,
	u8(0xff), 0xff, 0xff, 0x67, 0x70, 0x00, 0x00, 0x08, 0x30, 0x89, 0x70, 0x00, 0x00, 0x03, 0x02, 0x3d,
	u8(0x70), 0x00, 0x00, 0x07, 0x04, 0x00, 0x01, 0x00, 0x00, 0x00, 0x03, 0x02, 0x56, 0x70, 0x00, 0x00,
	u8(0x03), 0x03, 0x03, 0x00, 0x00, 0x00, 0x12, 0x03, 0x07, 0x04, 0x00, 0x01, 0x00, 0x00, 0x00, 0x03,
	u8(0x02), 0x3d, 0x70, 0x00, 0x00, 0x00, 0x03, 0x0e, 0xcb, 0x70, 0x00, 0x00, 0x10, 0xfd, 0x00, 0x00,
	u8(0x00), 0xcc, 0x70, 0x00, 0x00, 0x10, 0x04, 0x00, 0x00, 0x00, 0xd8, 0x70, 0x00, 0x00, 0x0f, 0x1d,
	u8(0x00), 0x00, 0x00, 0x01, 0x00, 0x00, 0x00, 0xff, 0xff, 0xff, 0xff, 0xbf, 0x70, 0x00, 0x00, 0x08,
	u8(0x30), 0xe1, 0x70, 0x00, 0x00, 0x03, 0x02, 0x95, 0x70, 0x00, 0x00, 0x07, 0x04, 0x00, 0x01, 0x00,
	u8(0x00), 0x00, 0x03, 0x02, 0xae, 0x70, 0x00, 0x00, 0x03, 0x03, 0x03, 0x00, 0x00, 0x00, 0x12, 0x03,
	u8(0x07), 0x04, 0x00, 0x01, 0x00, 0x00, 0x00, 0x03, 0x02, 0x95, 0x70, 0x00, 0x00, 0x00, 0x03, 0x0e,
	u8(0x71), 0x71, 0x00, 0x00, 0x03, 0x04, 0x00, 0x00, 0x00, 0x00, 0x12, 0x04, 0x00, 0x04, 0x10, 0xd2,
	u8(0x01), 0x00, 0x00, 0x72, 0x71, 0x00, 0x00, 0x10, 0xd3, 0x01, 0x00, 0x00, 0xa3, 0x71, 0x00, 0x00,
	u8(0x10), 0xd4, 0x01, 0x00, 0x00, 0xd4, 0x71, 0x00, 0x00, 0x10, 0xd5, 0x01, 0x00, 0x00, 0xe7, 0x71,
	u8(0x00), 0x00, 0x10, 0xd6, 0x01, 0x00, 0x00, 0xe7, 0x71, 0x00, 0x00, 0x00, 0x40, 0x10, 0xd7, 0x01,
	u8(0x00), 0x00, 0x00, 0x72, 0x00, 0x00, 0x00, 0x40, 0x10, 0xd8, 0x01, 0x00, 0x00, 0x19, 0x72, 0x00,
	u8(0x00), 0x10, 0xd9, 0x01, 0x00, 0x00, 0x19, 0x72, 0x00, 0x00, 0x00, 0x40, 0x03, 0x06, 0x00, 0x00,
	u8(0x00), 0x00, 0x12, 0x06, 0x0f, 0x4d, 0x00, 0x00, 0x00, 0x01, 0x00, 0x00, 0x00, 0xff, 0xff, 0xff,
	u8(0xff), 0x65, 0x71, 0x00, 0x00, 0x08, 0x30, 0x30, 0x72, 0x00, 0x00, 0x03, 0x02, 0xed, 0x70, 0x00,
	u8(0x00), 0x07, 0x00, 0x05, 0x03, 0x06, 0x01, 0x00, 0x00, 0x00, 0x12, 0x06, 0x13, 0x10, 0xda, 0x01,
	u8(0x00), 0x00, 0x3c, 0x72, 0x00, 0x00, 0x0f, 0x4e, 0x00, 0x00, 0x00, 0x01, 0x00, 0x00, 0x00, 0xff,
	u8(0xff), 0xff, 0xff, 0x97, 0x71, 0x00, 0x00, 0x08, 0x50, 0x4a, 0x72, 0x00, 0x00, 0x03, 0x02, 0x72,
	u8(0x71), 0x00, 0x00, 0x00, 0x05, 0x03, 0x06, 0x03, 0x00, 0x00, 0x00, 0x12, 0x06, 0x13, 0x10, 0xdb,
	u8(0x01), 0x00, 0x00, 0x56, 0x72, 0x00, 0x00, 0x0f, 0x23, 0x00, 0x00, 0x00, 0x01, 0x00, 0x00, 0x00,
	u8(0xff), 0xff, 0xff, 0xff, 0xc8, 0x71, 0x00, 0x00, 0x08, 0x50, 0x64, 0x72, 0x00, 0x00, 0x03, 0x02,
	u8(0xa3), 0x71, 0x00, 0x00, 0x00, 0x05, 0x10, 0xdc, 0x01, 0x00, 0x00, 0x70, 0x72, 0x00, 0x00, 0x00,
	u8(0x40), 0x03, 0x02, 0x19, 0x71, 0x00, 0x00, 0x00, 0x07, 0x0f, 0x4f, 0x00, 0x00, 0x00, 0x01, 0x00,
	u8(0x00), 0x00, 0xff, 0xff, 0xff, 0xff, 0x92, 0x72, 0x00, 0x00, 0x03, 0x02, 0x2b, 0x71, 0x00, 0x00,
	u8(0x00), 0x06, 0x0f, 0x4f, 0x00, 0x00, 0x00, 0x01, 0x00, 0x00, 0x00, 0xff, 0xff, 0xff, 0xff, 0x0a,
	u8(0x73), 0x00, 0x00, 0x03, 0x02, 0x36, 0x71, 0x00, 0x00, 0x0f, 0x4f, 0x00, 0x00, 0x00, 0x01, 0x00,
	u8(0x00), 0x00, 0xff, 0xff, 0xff, 0xff, 0x2c, 0x73, 0x00, 0x00, 0x03, 0x02, 0x4a, 0x71, 0x00, 0x00,
	u8(0x04), 0x00, 0x01, 0x00, 0x00, 0x00, 0x03, 0x02, 0xed, 0x70, 0x00, 0x00, 0x03, 0x06, 0x01, 0x00,
	u8(0x00), 0x00, 0x12, 0x06, 0x03, 0x02, 0x4c, 0x71, 0x00, 0x00, 0x04, 0x00, 0x01, 0x00, 0x00, 0x00,
	u8(0x03), 0x02, 0x72, 0x71, 0x00, 0x00, 0x03, 0x06, 0x03, 0x00, 0x00, 0x00, 0x12, 0x06, 0x03, 0x02,
	u8(0x4c), 0x71, 0x00, 0x00, 0x04, 0x00, 0x01, 0x00, 0x00, 0x00, 0x03, 0x02, 0xa3, 0x71, 0x00, 0x00,
	u8(0x00), 0x06, 0x0f, 0x50, 0x00, 0x00, 0x00, 0x00, 0x00, 0x00, 0x00, 0xff, 0xff, 0xff, 0xff, 0x83,
	u8(0x72), 0x00, 0x00, 0x10, 0x4a, 0x01, 0x00, 0x00, 0x3b, 0x73, 0x00, 0x00, 0x03, 0x02, 0xdf, 0x71,
	u8(0x00), 0x00, 0x00, 0x06, 0x00, 0x05, 0x00, 0x71, 0x00, 0x60, 0x03, 0x06, 0x05, 0x00, 0x00, 0x00,
	u8(0x12), 0x06, 0x00, 0x50, 0x03, 0x05, 0x00, 0x00, 0x00, 0x00, 0x12, 0x05, 0x00, 0x05, 0x10, 0x4a,
	u8(0x01), 0x00, 0x00, 0x59, 0x73, 0x00, 0x00, 0x03, 0x06, 0x00, 0x00, 0x00, 0x00, 0x12, 0x06, 0x13,
	u8(0x00), 0x06, 0x00, 0x07, 0x0f, 0x4f, 0x00, 0x00, 0x00, 0x01, 0x00, 0x00, 0x00, 0xff, 0xff, 0xff,
	u8(0xff), 0x67, 0x73, 0x00, 0x00, 0x00, 0x60, 0x10, 0x04, 0x00, 0x00, 0x00, 0x89, 0x73, 0x00, 0x00,
	u8(0x00), 0x60, 0x10, 0x03, 0x00, 0x00, 0x00, 0xba, 0x73, 0x00, 0x00, 0x00, 0x60, 0x0f, 0x51, 0x00,
	u8(0x00), 0x00, 0x01, 0x00, 0x00, 0x00, 0xff, 0xff, 0xff, 0xff, 0xfe, 0x72, 0x00, 0x00, 0x08, 0x50,
	u8(0xeb), 0x73, 0x00, 0x00, 0x03, 0x02, 0xac, 0x72, 0x00, 0x00, 0x00, 0x05, 0x0f, 0x04, 0x00, 0x00,
	u8(0x00), 0x00, 0x00, 0x00, 0x00, 0xff, 0xff, 0xff, 0xff, 0x1d, 0x73, 0x00, 0x00, 0x10, 0x4a, 0x01,
	u8(0x00), 0x00, 0xf7, 0x73, 0x00, 0x00, 0x03, 0x02, 0x36, 0x71, 0x00, 0x00, 0x10, 0x8d, 0x01, 0x00,
	u8(0x00), 0x15, 0x74, 0x00, 0x00, 0x03, 0x02, 0x4a, 0x71, 0x00, 0x00, 0x00, 0x07, 0x00, 0x51, 0x00,
	u8(0x60), 0x03, 0x06, 0x05, 0x00, 0x00, 0x00, 0x12, 0x06, 0x00, 0x70, 0x03, 0x07, 0x00, 0x00, 0x00,
	u8(0x00), 0x12, 0x07, 0x03, 0x02, 0x4c, 0x71, 0x00, 0x00, 0x03, 0x06, 0x00, 0x00, 0x00, 0x00, 0x12,
	u8(0x06), 0x03, 0x02, 0x4c, 0x71, 0x00, 0x00, 0x00, 0x08, 0x0f, 0x04, 0x00, 0x00, 0x00, 0x00, 0x00,
	u8(0x00), 0x00, 0xff, 0xff, 0xff, 0xff, 0x7a, 0x73, 0x00, 0x00, 0x10, 0x8e, 0x01, 0x00, 0x00, 0x23,
	u8(0x74), 0x00, 0x00, 0x03, 0x02, 0xd5, 0x72, 0x00, 0x00, 0x00, 0x09, 0x10, 0x04, 0x00, 0x00, 0x00,
	u8(0x41), 0x74, 0x00, 0x00, 0x03, 0x08, 0x03, 0x00, 0x00, 0x00, 0x12, 0x08, 0x13, 0x0f, 0x0c, 0x00,
	u8(0x00), 0x00, 0x01, 0x00, 0x00, 0x00, 0xff, 0xff, 0xff, 0xff, 0xae, 0x73, 0x00, 0x00, 0x08, 0x90,
	u8(0x4f), 0x74, 0x00, 0x00, 0x03, 0x02, 0x89, 0x73, 0x00, 0x00, 0x00, 0x09, 0x10, 0x03, 0x00, 0x00,
	u8(0x00), 0x5b, 0x74, 0x00, 0x00, 0x03, 0x08, 0x03, 0x00, 0x00, 0x00, 0x12, 0x08, 0x13, 0x0f, 0x32,
	u8(0x00), 0x00, 0x00, 0x01, 0x00, 0x00, 0x00, 0xff, 0xff, 0xff, 0xff, 0xdf, 0x73, 0x00, 0x00, 0x08,
	u8(0x90), 0x69, 0x74, 0x00, 0x00, 0x03, 0x02, 0xba, 0x73, 0x00, 0x00, 0x04, 0x00, 0x01, 0x00, 0x00,
	u8(0x00), 0x03, 0x02, 0xac, 0x72, 0x00, 0x00, 0x00, 0x09, 0x00, 0x61, 0x00, 0x50, 0x03, 0x05, 0x05,
	u8(0x00), 0x00, 0x00, 0x12, 0x05, 0x00, 0x90, 0x03, 0x09, 0x00, 0x00, 0x00, 0x00, 0x12, 0x09, 0x03,
	u8(0x02), 0x4c, 0x71, 0x00, 0x00, 0x03, 0x09, 0x06, 0x00, 0x00, 0x00, 0x12, 0x09, 0x03, 0x02, 0x4c,
	u8(0x71), 0x00, 0x00, 0x00, 0x09, 0x00, 0x71, 0x00, 0x80, 0x03, 0x08, 0x04, 0x00, 0x00, 0x00, 0x12,
	u8(0x08), 0x00, 0x90, 0x03, 0x09, 0x00, 0x00, 0x00, 0x00, 0x12, 0x09, 0x03, 0x02, 0xed, 0x72, 0x00,
	u8(0x00), 0x03, 0x08, 0x03, 0x00, 0x00, 0x00, 0x12, 0x08, 0x03, 0x02, 0xed, 0x72, 0x00, 0x00, 0x04,
	u8(0x00), 0x01, 0x00, 0x00, 0x00, 0x03, 0x02, 0x89, 0x73, 0x00, 0x00, 0x03, 0x08, 0x03, 0x00, 0x00,
	u8(0x00), 0x12, 0x08, 0x03, 0x02, 0xed, 0x72, 0x00, 0x00, 0x04, 0x00, 0x01, 0x00, 0x00, 0x00, 0x03,
	u8(0x02), 0xba, 0x73, 0x00, 0x00, 0x0f, 0x04, 0x00, 0x00, 0x00, 0x01, 0x00, 0x00, 0x00, 0xff, 0xff,
	u8(0xff), 0xff, 0x86, 0x74, 0x00, 0x00, 0x00, 0x03, 0x00, 0x04, 0x00, 0x05, 0x10, 0x3d, 0x00, 0x00,
	u8(0x00), 0x5e, 0x75, 0x00, 0x00, 0x00, 0x06, 0x0f, 0x01, 0x00, 0x00, 0x00, 0x01, 0x00, 0x00, 0x00,
	u8(0xff), 0xff, 0xff, 0xff, 0x77, 0x75, 0x00, 0x00, 0x00, 0x07, 0x10, 0x4a, 0x01, 0x00, 0x00, 0x88,
	u8(0x75), 0x00, 0x00, 0x10, 0xdd, 0x01, 0x00, 0x00, 0x88, 0x75, 0x00, 0x00, 0x00, 0x70, 0x03, 0x07,
	u8(0x00), 0x00, 0x00, 0x00, 0x12, 0x07, 0x00, 0x07, 0x10, 0xc5, 0x00, 0x00, 0x00, 0xe5, 0x75, 0x00,
	u8(0x00), 0x10, 0x2c, 0x00, 0x00, 0x00, 0xf3, 0x75, 0x00, 0x00, 0x10, 0x2d, 0x00, 0x00, 0x00, 0xf3,
	u8(0x75), 0x00, 0x00, 0x10, 0xde, 0x01, 0x00, 0x00, 0xf3, 0x75, 0x00, 0x00, 0x10, 0xdf, 0x01, 0x00,
	u8(0x00), 0xf3, 0x75, 0x00, 0x00, 0x10, 0xb5, 0x00, 0x00, 0x00, 0xf3, 0x75, 0x00, 0x00, 0x10, 0xe0,
	u8(0x01), 0x00, 0x00, 0xf3, 0x75, 0x00, 0x00, 0x00, 0x70, 0x10, 0x3d, 0x00, 0x00, 0x00, 0x12, 0x75,
	u8(0x00), 0x00, 0x0f, 0x17, 0x00, 0x00, 0x00, 0x01, 0x00, 0x00, 0x00, 0xff, 0xff, 0xff, 0xff, 0x27,
	u8(0x76), 0x00, 0x00, 0x00, 0x08, 0x10, 0x40, 0x00, 0x00, 0x00, 0x80, 0x76, 0x00, 0x00, 0x00, 0x70,
	u8(0x0f), 0x52, 0x00, 0x00, 0x00, 0x01, 0x00, 0x00, 0x00, 0xff, 0xff, 0xff, 0xff, 0x99, 0x76, 0x00,
	u8(0x00), 0x00, 0x70, 0x0f, 0x04, 0x00, 0x00, 0x00, 0x01, 0x00, 0x00, 0x00, 0xff, 0xff, 0xff, 0xff,
	u8(0xb8), 0x76, 0x00, 0x00, 0x10, 0x02, 0x00, 0x00, 0x00, 0xc6, 0x76, 0x00, 0x00, 0x07, 0x0f, 0x04,
	u8(0x00), 0x00, 0x00, 0x01, 0x00, 0x00, 0x00, 0xff, 0xff, 0xff, 0xff, 0x95, 0x74, 0x00, 0x00, 0x00,
	u8(0x50), 0x03, 0x02, 0x95, 0x74, 0x00, 0x00, 0x10, 0xad, 0x01, 0x00, 0x00, 0xd5, 0x76, 0x00, 0x00,
	u8(0x00), 0x60, 0x03, 0x02, 0xa8, 0x74, 0x00, 0x00, 0x10, 0x53, 0x00, 0x00, 0x00, 0x9a, 0x75, 0x00,
	u8(0x00), 0x10, 0x3d, 0x00, 0x00, 0x00, 0x9a, 0x75, 0x00, 0x00, 0x03, 0x00, 0xff, 0xff, 0xff, 0xff,
	u8(0x00), 0x08, 0x13, 0x0f, 0x04, 0x00, 0x00, 0x00, 0x01, 0x00, 0x00, 0x00, 0xff, 0xff, 0xff, 0xff,
	u8(0xb4), 0x75, 0x00, 0x00, 0x0b, 0x30, 0xf1, 0x76, 0x00, 0x00, 0x03, 0x00, 0xff, 0xff, 0xff, 0xff,
	u8(0x03), 0x09, 0x03, 0x00, 0x00, 0x00, 0x12, 0x09, 0x0f, 0x16, 0x00, 0x00, 0x00, 0x01, 0x00, 0x00,
	u8(0x00), 0xff, 0xff, 0xff, 0xff, 0xd9, 0x75, 0x00, 0x00, 0x08, 0x80, 0x0e, 0x77, 0x00, 0x00, 0x03,
	u8(0x02), 0xa0, 0x75, 0x00, 0x00, 0x03, 0x08, 0x00, 0x00, 0x00, 0x00, 0x12, 0x08, 0x03, 0x02, 0x43,
	u8(0x75), 0x00, 0x00, 0x00, 0x08, 0x0f, 0x04, 0x00, 0x00, 0x00, 0x00, 0x00, 0x00, 0x00, 0xff, 0xff,
	u8(0xff), 0xff, 0x06, 0x76, 0x00, 0x00, 0x0f, 0x52, 0x00, 0x00, 0x00, 0x01, 0x00, 0x00, 0x00, 0xff,
	u8(0xff), 0xff, 0xff, 0x1a, 0x77, 0x00, 0x00, 0x00, 0x80, 0x03, 0x08, 0x05, 0x00, 0x00, 0x00, 0x12,
	u8(0x08), 0x03, 0x02, 0x43, 0x75, 0x00, 0x00, 0x10, 0x40, 0x00, 0x00, 0x00, 0x30, 0x76, 0x00, 0x00,
	u8(0x0f), 0x17, 0x00, 0x00, 0x00, 0x00, 0x00, 0x00, 0x00, 0xff, 0xff, 0xff, 0xff, 0x41, 0x76, 0x00,
	u8(0x00), 0x00, 0x08, 0x11, 0x50, 0x00, 0x00, 0x00, 0x39, 0x77, 0x00, 0x00, 0x00, 0x09, 0x0f, 0x04,
	u8(0x00), 0x00, 0x00, 0x00, 0x00, 0x00, 0x00, 0xff, 0xff, 0xff, 0xff, 0x5f, 0x76, 0x00, 0x00, 0x0f,
	u8(0x52), 0x00, 0x00, 0x00, 0x01, 0x00, 0x00, 0x00, 0xff, 0xff, 0xff, 0xff, 0x64, 0x77, 0x00, 0x00,
	u8(0x00), 0x90, 0x03, 0x09, 0x06, 0x00, 0x00, 0x00, 0x12, 0x09, 0x03, 0x02, 0x43, 0x75, 0x00, 0x00,
	u8(0x0f), 0x17, 0x00, 0x00, 0x00, 0x01, 0x00, 0x00, 0x00, 0xff, 0xff, 0xff, 0xff, 0x41, 0x76, 0x00,
	u8(0x00), 0x00, 0x80, 0x03, 0x02, 0x2e, 0x75, 0x00, 0x00, 0x0f, 0x31, 0x00, 0x00, 0x00, 0x00, 0x00,
	u8(0x00), 0x00, 0xff, 0xff, 0xff, 0xff, 0xaa, 0x76, 0x00, 0x00, 0x03, 0x08, 0x03, 0x00, 0x00, 0x00,
	u8(0x12), 0x08, 0x03, 0x02, 0x43, 0x75, 0x00, 0x00, 0x03, 0x08, 0x00, 0x00, 0x00, 0x00, 0x12, 0x08,
	u8(0x03), 0x02, 0x54, 0x75, 0x00, 0x00, 0x03, 0x00, 0xff, 0xff, 0xff, 0xff, 0x03, 0x08, 0x01, 0x00,
	u8(0x00), 0x00, 0x12, 0x08, 0x07, 0x0f, 0x04, 0x00, 0x00, 0x00, 0x01, 0x00, 0x00, 0x00, 0xff, 0xff,
	u8(0xff), 0xff, 0xa8, 0x74, 0x00, 0x00, 0x0e, 0xa8, 0x74, 0x00, 0x00, 0x03, 0x02, 0x80, 0x75, 0x00,
	u8(0x00), 0x0f, 0x53, 0x00, 0x00, 0x00, 0x01, 0x00, 0x00, 0x00, 0xff, 0xff, 0xff, 0xff, 0x02, 0x77,
	u8(0x00), 0x00, 0x08, 0x40, 0x83, 0x77, 0x00, 0x00, 0x03, 0x02, 0x88, 0x74, 0x00, 0x00, 0x04, 0x00,
	u8(0x01), 0x00, 0x00, 0x00, 0x03, 0x02, 0xa0, 0x75, 0x00, 0x00, 0x0f, 0x31, 0x00, 0x00, 0x00, 0x00,
	u8(0x00), 0x00, 0x00, 0xff, 0xff, 0xff, 0xff, 0x2b, 0x77, 0x00, 0x00, 0x03, 0x09, 0x03, 0x00, 0x00,
	u8(0x00), 0x12, 0x09, 0x03, 0x02, 0x43, 0x75, 0x00, 0x00, 0x10, 0x53, 0x00, 0x00, 0x00, 0x4b, 0x77,
	u8(0x00), 0x00, 0x10, 0x3d, 0x00, 0x00, 0x00, 0x4b, 0x77, 0x00, 0x00, 0x0f, 0x17, 0x00, 0x00, 0x00,
	u8(0x01), 0x00, 0x00, 0x00, 0xff, 0xff, 0xff, 0xff, 0x4c, 0x76, 0x00, 0x00, 0x00, 0x80, 0x03, 0x02,
	u8(0x4c), 0x76, 0x00, 0x00, 0x0f, 0x31, 0x00, 0x00, 0x00, 0x00, 0x00, 0x00, 0x00, 0xff, 0xff, 0xff,
	u8(0xff), 0x75, 0x77, 0x00, 0x00, 0x03, 0x0a, 0x03, 0x00, 0x00, 0x00, 0x12, 0x0a, 0x03, 0x02, 0x43,
	u8(0x75), 0x00, 0x00, 0x04, 0x00, 0x01, 0x00, 0x00, 0x00, 0x03, 0x02, 0x88, 0x74, 0x00, 0x00, 0xff,
	u8(0xff), 0xff, 0xff, 0xff, 0xff, 0xff, 0xff, 0xff, 0xff, 0xff, 0xff, 0xff, 0xff, 0xff, 0xff, 0xff,
]!

// 字符集位图，摊平为 16 个 u16 一组（对照 static CHARSETS）
pub const lsh_charsets = [
	u16(0x0008), 0x0008, 0x0008, 0x0008, 0x0008, 0x0008, 0x0008, 0x000c, 0x0008, 0x0008, 0x0000, 0x0000, 0x0000, 0x0000, 0x0000, 0x0000,
	u16(0xe0a8), 0xe0f8, 0xf0f8, 0xf0f8, 0xf0f8, 0x70f8, 0x70f8, 0x70f8, 0x70f8, 0x70f8, 0x70f0, 0x7050, 0x7050, 0x7050, 0x7050, 0x7070,
	u16(0x1f57), 0x1f07, 0x0f03, 0x0f03, 0x0f07, 0x8f07, 0x8f07, 0x8f03, 0x8f07, 0x8f07, 0x8f0f, 0x8faf, 0x8faf, 0x8fab, 0x8fab, 0x8f8b,
	u16(0xffff), 0xffff, 0xffff, 0xffff, 0xffff, 0xffff, 0xffff, 0xffff, 0xffff, 0xffff, 0xfffb, 0xffff, 0xffff, 0xffff, 0xffff, 0xffff,
	u16(0x0004), 0x0000, 0x0000, 0x0000, 0x0000, 0x0000, 0x0000, 0x0000, 0x0000, 0x0001, 0x0001, 0x0001, 0x0001, 0x0001, 0x0000, 0x0000,
	u16(0x0008), 0x0058, 0x0058, 0x0058, 0x0058, 0x0058, 0x0058, 0x000c, 0x0008, 0x0008, 0x0000, 0x0000, 0x0000, 0x0000, 0x0000, 0x0000,
	u16(0x0008), 0x0008, 0x0000, 0x0000, 0x0000, 0x0000, 0x0000, 0x0004, 0x0000, 0x0000, 0x0000, 0x0000, 0x0000, 0x0000, 0x0000, 0x0000,
	u16(0x0000), 0x0000, 0x0000, 0x0000, 0x0000, 0x00a0, 0x0050, 0x0000, 0x0000, 0x0000, 0x0000, 0x0000, 0x0050, 0x0000, 0x0000, 0x0000,
	u16(0x0000), 0x0000, 0x0000, 0x0000, 0x0000, 0x00a0, 0x0050, 0x0000, 0x0000, 0x0000, 0x00a0, 0x0000, 0x0050, 0x0000, 0x0000, 0x0000,
	u16(0x0000), 0x0000, 0x0000, 0x0000, 0x0004, 0x0000, 0x0000, 0x0000, 0x0000, 0x0000, 0x0000, 0x0000, 0x0000, 0x0000, 0x0000, 0x0000,
	u16(0x0008), 0x0008, 0x0008, 0x0008, 0x0008, 0x0008, 0x0008, 0x0008, 0x0008, 0x0008, 0x0000, 0x0000, 0x0000, 0x0000, 0x0000, 0x0020,
	u16(0x1f47), 0x1f07, 0x0f03, 0x0f07, 0x0f03, 0x8f07, 0x8f07, 0x8f03, 0x8f07, 0x8f07, 0x8f0f, 0x8f8f, 0x8faf, 0x8fab, 0x8fab, 0x8f8b,
	u16(0xffff), 0xffff, 0xfffb, 0xffff, 0xffff, 0xffff, 0xffff, 0xffff, 0xffff, 0xffff, 0xffff, 0xffff, 0xffff, 0xffff, 0xffff, 0xffff,
	u16(0x0020), 0x0030, 0x0030, 0x0030, 0x0030, 0x0030, 0x0030, 0x0030, 0x0030, 0x0030, 0x0030, 0x0010, 0x0010, 0x0010, 0x0010, 0x0010,
	u16(0x0008), 0x0058, 0x0058, 0x0058, 0x0058, 0x0058, 0x0058, 0x0008, 0x0008, 0x0008, 0x0000, 0x0000, 0x0000, 0x0000, 0x0000, 0x0020,
	u16(0x0008), 0x0008, 0x0000, 0x0000, 0x0000, 0x0000, 0x0000, 0x0000, 0x0000, 0x0000, 0x0000, 0x0000, 0x0000, 0x0000, 0x0000, 0x0020,
	u16(0x0000), 0x0000, 0x0000, 0x0000, 0x0050, 0x00a0, 0x0050, 0x0000, 0x0000, 0x0000, 0x0000, 0x0000, 0x0050, 0x0050, 0x0000, 0x0000,
	u16(0x1f07), 0x1f07, 0x0f03, 0x0f07, 0x0f03, 0x8f07, 0x8f07, 0x8f03, 0x8f03, 0x8f07, 0x8f0f, 0x8f8f, 0x8faf, 0x8fab, 0x8fab, 0x8f8b,
	u16(0xffbf), 0xffff, 0xffff, 0xffff, 0xffff, 0xffff, 0xffff, 0xffff, 0xffff, 0xffff, 0xffff, 0xffff, 0xffff, 0xffff, 0xffff, 0xffff,
	u16(0x0008), 0x0008, 0x0008, 0x0008, 0x0008, 0x0008, 0x0008, 0x0008, 0x0000, 0x0000, 0x0000, 0x0000, 0x0000, 0x0000, 0x0000, 0x0020,
	u16(0x0000), 0x0000, 0x0000, 0x00a0, 0x0000, 0x00a0, 0x0050, 0x0000, 0x0000, 0x00f0, 0x0000, 0x0000, 0x0050, 0x0050, 0x0050, 0x0000,
	u16(0xffff), 0xffff, 0xffff, 0xffff, 0xffff, 0xffff, 0xffff, 0xffff, 0xffff, 0xffff, 0xffff, 0xffff, 0xffff, 0xffff, 0xffff, 0xffff,
	u16(0xfffb), 0xffff, 0xffff, 0xffff, 0xffff, 0xffff, 0xffff, 0xffff, 0xffff, 0xfffe, 0xfffe, 0xfffe, 0xfffe, 0xfffe, 0xffff, 0xffff,
	u16(0x0008), 0x0008, 0x0008, 0x0008, 0x0008, 0x0008, 0x0008, 0x0008, 0x0008, 0x0008, 0x0000, 0x0000, 0x0000, 0x0000, 0x0000, 0x0000,
	u16(0x1f17), 0x1f07, 0x0f03, 0x0f07, 0x0f07, 0x8f07, 0x8f07, 0x8f03, 0x8f07, 0x8f07, 0x8f0f, 0x8faf, 0x8faf, 0x8fab, 0x8fab, 0x8f8b,
	u16(0x1f47), 0x1f07, 0x0f03, 0x0f07, 0x0f07, 0x8f07, 0x8f07, 0x8f03, 0x8f07, 0x8f07, 0x8f0f, 0x8faf, 0x8faf, 0x8fab, 0x8fab, 0x8f8b,
	u16(0xe0a8), 0xe0f8, 0xf0f8, 0xf0f8, 0xf0f8, 0x70f8, 0x70f8, 0x70f8, 0x70f8, 0x70f8, 0x70f0, 0x7050, 0x7050, 0x7050, 0x7054, 0x7070,
	u16(0x0000), 0x0000, 0x0000, 0x0000, 0x0050, 0x0000, 0x0050, 0x0000, 0x0000, 0x0000, 0x0000, 0x0000, 0x0050, 0x0000, 0x0000, 0x0000,
	u16(0xffff), 0xffff, 0xffff, 0xffff, 0xffff, 0xffff, 0xffff, 0xfffb, 0xffff, 0xffff, 0xffff, 0xffff, 0xffdf, 0xffff, 0xffff, 0xffff,
	u16(0xffff), 0xffff, 0xfffb, 0xffff, 0xffff, 0xffff, 0xffff, 0xffff, 0xffff, 0xffff, 0xffff, 0xffff, 0xffdf, 0xffff, 0xffff, 0xffff,
	u16(0xffbf), 0xffff, 0xffff, 0xffff, 0xffff, 0xffff, 0xffff, 0xffff, 0xffff, 0xffff, 0xffff, 0xffff, 0xffdf, 0xffff, 0xffff, 0xffff,
	u16(0x1f57), 0x1f07, 0x0f03, 0x0f07, 0x0f07, 0x8f07, 0x8f07, 0x8f07, 0x8f07, 0x8f07, 0x8f0f, 0x8faf, 0x8faf, 0x8fab, 0x8faf, 0x8f8b,
	u16(0xff7f), 0xffbf, 0xffbb, 0xffbf, 0xffff, 0xff3f, 0xffbf, 0xffff, 0xffff, 0xff3f, 0xffff, 0xffff, 0xffbf, 0xffff, 0xffff, 0xfffb,
	u16(0xffff), 0xffff, 0xffff, 0xffff, 0xffff, 0xffff, 0xffff, 0xffff, 0xffff, 0xffff, 0xffff, 0xffff, 0xffdf, 0xffff, 0xffff, 0xfffb,
	u16(0x1f57), 0x1f07, 0x0f03, 0x0f07, 0x0f07, 0x8f07, 0x8f07, 0x8f03, 0x8f07, 0x8f07, 0x8f0f, 0x8f8f, 0x8faf, 0x8fab, 0x8fab, 0x8f8f,
	u16(0xffff), 0xffff, 0xffff, 0xffff, 0xffff, 0xffff, 0xffff, 0xffff, 0xffff, 0xffff, 0xffff, 0xffff, 0xffff, 0xffdf, 0xffff, 0xffff,
	u16(0x0008), 0x0058, 0x0058, 0x0058, 0x0058, 0x0058, 0x0058, 0x0008, 0x0008, 0x0008, 0x0000, 0x0000, 0x0000, 0x0000, 0x0000, 0x0000,
	u16(0x0000), 0x0000, 0x0000, 0x0004, 0x0000, 0x0000, 0x0000, 0x0000, 0x0000, 0x0000, 0x0000, 0x0000, 0x0000, 0x0000, 0x0000, 0x0000,
	u16(0xffbf), 0xffff, 0xffff, 0xffff, 0xffff, 0xffff, 0xffff, 0xffff, 0xffff, 0xffff, 0xfffb, 0xffdf, 0xffdf, 0xffff, 0xff7f, 0xffdf,
	u16(0xffbb), 0xffff, 0xffff, 0xffff, 0xffff, 0xffff, 0xffff, 0xffff, 0xffff, 0xfffe, 0xfffe, 0xfffe, 0xfffe, 0xfffe, 0xffff, 0xffff,
	u16(0x0000), 0x0000, 0x0000, 0x0000, 0x0000, 0x0000, 0x0000, 0x0000, 0x0000, 0x0000, 0x0000, 0x0000, 0x0000, 0x0000, 0x0000, 0x0020,
	u16(0xfffb), 0xffff, 0xffff, 0xffff, 0xffff, 0xffff, 0xffff, 0xffff, 0xffff, 0xfffe, 0xfffe, 0xfffe, 0xfffe, 0xfffe, 0xffff, 0xffdf,
	u16(0xfffb), 0xffff, 0xffff, 0xffff, 0xffff, 0xffff, 0xffff, 0xffff, 0xffff, 0xfffe, 0xfffa, 0xfffe, 0xfffe, 0xfffe, 0xffff, 0xffff,
	u16(0xfffb), 0xffff, 0xffff, 0xffff, 0xffff, 0xffff, 0xffff, 0xffff, 0xffff, 0xfffe, 0xfffe, 0xfffe, 0xfffe, 0xfffe, 0xff7f, 0xffff,
	u16(0xfffb), 0xffff, 0xffff, 0xffff, 0xffff, 0xffff, 0xffff, 0xffff, 0xffff, 0xfffa, 0xfffe, 0xfffe, 0xfffe, 0xfffe, 0xffff, 0xffff,
	u16(0x1f07), 0x1f07, 0x0f03, 0x0f03, 0x0f07, 0x8f07, 0x8f07, 0x8f03, 0x8f07, 0x8f07, 0x8f0f, 0x8faf, 0x8faf, 0x8fab, 0x8fab, 0x8f8b,
	u16(0x0000), 0x0000, 0x0000, 0x0000, 0x0000, 0x0000, 0x0000, 0x0000, 0x0000, 0x0040, 0x0040, 0x0040, 0x0000, 0x0000, 0x0000, 0x0000,
	u16(0xe0a8), 0xe0f8, 0xf0f8, 0xf0f8, 0xf0f8, 0x70f8, 0x70f8, 0x70f8, 0x70f8, 0x70f8, 0x70f8, 0x7050, 0x7050, 0x7050, 0x7050, 0x7078,
	u16(0x1f47), 0x1f07, 0x0f03, 0x0f03, 0x0f03, 0x8f07, 0x8f07, 0x8f03, 0x8f07, 0x8f07, 0x8f07, 0x8faf, 0x8fa7, 0x8fab, 0x8fab, 0x8f87,
	u16(0xffff), 0xffff, 0xffff, 0xfffb, 0xffff, 0xffff, 0xffff, 0xffff, 0xffff, 0xffff, 0xffff, 0xffff, 0xffff, 0xffff, 0xffff, 0xffff,
	u16(0xffff), 0xffff, 0xffff, 0xffff, 0xffff, 0xffff, 0xffff, 0xfffb, 0xffff, 0xffff, 0xffff, 0xffff, 0xffff, 0xffff, 0xffff, 0xffff,
	u16(0xffbf), 0xffff, 0xfffb, 0xffff, 0xffff, 0xffff, 0xffff, 0xffff, 0xffff, 0xffff, 0xffff, 0xffff, 0xffff, 0xffff, 0xffff, 0xffff,
	u16(0xe0a8), 0xe0f8, 0xf0f8, 0xf0f8, 0xf0f8, 0x70f8, 0x70f8, 0x70f8, 0x70f8, 0x70f8, 0x70f0, 0x7050, 0x7050, 0x7054, 0x7050, 0x7070,
	u16(0xe0a8), 0xe0f8, 0xf0f8, 0xf0f8, 0xf0f8, 0x70f8, 0x70f8, 0x70f8, 0x70f8, 0x70f8, 0x70f8, 0x7050, 0x7050, 0x7054, 0x7050, 0x7078,
	u16(0xe0a8), 0xe0f8, 0xf0f8, 0xf0f8, 0xf0f8, 0x70f8, 0x70f8, 0x70f8, 0x70f8, 0x70f8, 0x70f0, 0x7050, 0x7050, 0x7054, 0x7054, 0x7070,
	u16(0x1f57), 0x1f07, 0x0f03, 0x0f03, 0x0f07, 0x8f07, 0x8f07, 0x8f03, 0x8f07, 0x8f07, 0x8f0f, 0x8fa7, 0x8faf, 0x8fab, 0x8fab, 0x8f8f,
	u16(0xffff), 0xffff, 0xffff, 0xffff, 0xffff, 0xffff, 0xffff, 0xffff, 0xffff, 0xffff, 0xffff, 0xffdf, 0xffff, 0xffff, 0xffff, 0xffff,
	u16(0x1f47), 0x1f07, 0x0f03, 0x0f03, 0x0f07, 0x8f07, 0x8f07, 0x8f03, 0x8f07, 0x8f07, 0x8f0f, 0x8faf, 0x8faf, 0x8fab, 0x8fab, 0x8f8f,
	u16(0x0010), 0x0000, 0x0000, 0x0000, 0x0000, 0x0000, 0x0000, 0x0000, 0x0000, 0x0000, 0x0000, 0x0000, 0x0000, 0x0000, 0x0000, 0x0000,
	u16(0x1f07), 0x1f07, 0x0f03, 0x0f03, 0x0f03, 0x8f07, 0x8f07, 0x8f03, 0x8f07, 0x8f07, 0x8f07, 0x8faf, 0x8faf, 0x8fab, 0x8faf, 0x8f8f,
	u16(0xffff), 0xffff, 0xffff, 0xffff, 0xffff, 0xffff, 0xffff, 0xffff, 0xffff, 0xffff, 0xffff, 0xffff, 0xffff, 0xfff7, 0xffff, 0xffff,
	u16(0xffff), 0xffff, 0xfffb, 0xfffb, 0xffff, 0xffff, 0xffff, 0xffff, 0xffff, 0xffff, 0xffff, 0xffff, 0xffdf, 0xffff, 0xffff, 0xffff,
	u16(0xffbf), 0xffff, 0xffff, 0xfffb, 0xffff, 0xffff, 0xffff, 0xffff, 0xffff, 0xffff, 0xffff, 0xffff, 0xffdf, 0xffff, 0xffff, 0xffff,
	u16(0x00a0), 0x00f0, 0x00f0, 0x00f0, 0x00f0, 0x00f0, 0x00f0, 0x00f0, 0x00f0, 0x00f0, 0x00f0, 0x0050, 0x0050, 0x0050, 0x0050, 0x0070,
	u16(0x0000), 0x0004, 0x0000, 0x0000, 0x0000, 0x0000, 0x0000, 0x0000, 0x0000, 0x0000, 0x0000, 0x0000, 0x0000, 0x0008, 0x0000, 0x0008,
	u16(0xffff), 0xffff, 0xffff, 0xffff, 0xffff, 0xffff, 0xffff, 0xffff, 0xffff, 0xffff, 0xffff, 0xffff, 0xffff, 0xff7f, 0xffff, 0xffff,
	u16(0xe0a8), 0xe0f8, 0xf0f8, 0xf0fc, 0xf0f8, 0x70f8, 0x70f8, 0x70f8, 0x70f8, 0x70f8, 0x70f0, 0x7050, 0x7050, 0x7050, 0x7050, 0x7070,
	u16(0x1f57), 0x1f07, 0x0f03, 0x0f03, 0x0f07, 0x8f07, 0x8f07, 0x8f03, 0x8f07, 0x8f07, 0x8f0f, 0x8faf, 0x8faf, 0x8fab, 0x8faf, 0x8f8b,
	u16(0x0f00), 0x0f00, 0x0f00, 0x0f00, 0x0f00, 0x0f00, 0x0f00, 0x0f00, 0x0f00, 0x0f00, 0x0f00, 0x0f00, 0x0f00, 0x0f00, 0x0f00, 0x0f00,
	u16(0x1f17), 0x1f07, 0x0f03, 0x0f03, 0x0f03, 0x8f07, 0x8f07, 0x8f03, 0x8f07, 0x8f07, 0x8f0f, 0x8faf, 0x8fa7, 0x8fab, 0x8faf, 0x8f8f,
	u16(0xffff), 0xffff, 0xfffb, 0xffff, 0xfffb, 0xffff, 0xffff, 0xffff, 0xffff, 0xffff, 0xffff, 0xffff, 0xffdf, 0xffff, 0xffff, 0xffff,
	u16(0x0010), 0x0004, 0x0000, 0x0004, 0x0004, 0x0000, 0x0000, 0x0000, 0x0000, 0x0000, 0x0004, 0x0000, 0x0000, 0x0004, 0x0000, 0x0008,
	u16(0x0000), 0x0000, 0x0000, 0x0000, 0x0000, 0x0000, 0x0000, 0x0000, 0x0000, 0x0001, 0x0000, 0x0000, 0x0000, 0x0000, 0x0000, 0x0000,
	u16(0xffff), 0xffff, 0xffff, 0xffff, 0xffff, 0xffef, 0xffff, 0xffff, 0xffef, 0xfffe, 0xffff, 0xffff, 0xffff, 0xffff, 0xffff, 0xffff,
	u16(0xffff), 0xffff, 0xffff, 0xffff, 0xffff, 0xffff, 0xffff, 0xffff, 0xffff, 0xfffb, 0xffff, 0xffff, 0xffff, 0xffff, 0xffff, 0xffff,
	u16(0x0004), 0x0000, 0x0000, 0x0000, 0x0000, 0x0000, 0x0000, 0x0000, 0x0000, 0x0001, 0x0000, 0x0000, 0x0000, 0x0000, 0x0000, 0x0000,
	u16(0x1f57), 0x1f07, 0x0f03, 0x0f03, 0x0f07, 0x8f07, 0x8f07, 0x8f03, 0x8f07, 0x8f07, 0x8f0f, 0x8fab, 0x8faf, 0x8fab, 0x8fab, 0x8f8f,
	u16(0xffff), 0xffff, 0xffff, 0xffff, 0xffff, 0xffff, 0xfffb, 0xffff, 0xffff, 0xffff, 0xffff, 0xffff, 0xfff7, 0xffff, 0xffff, 0xffff,
	u16(0xffff), 0xffff, 0xffff, 0xffff, 0xffff, 0xffff, 0xffff, 0xffff, 0xffff, 0xffff, 0xffff, 0xffff, 0xffff, 0xfffb, 0xffff, 0xffff,
	u16(0xe0a8), 0xe0f8, 0xf0f8, 0xf0f8, 0xf0f8, 0x70f8, 0x70f8, 0x70f8, 0x70f8, 0x70f8, 0x70f8, 0x7050, 0x7050, 0x7054, 0x7054, 0x7070,
	u16(0xffff), 0xffff, 0xffff, 0xffff, 0xffff, 0xffff, 0xffff, 0xffff, 0xffff, 0xffff, 0xffff, 0xffff, 0xffff, 0xffff, 0xfff7, 0xffff,
	u16(0x1f57), 0x1f07, 0x0f03, 0x0f07, 0x0f07, 0x8f07, 0x8f07, 0x8f03, 0x8f07, 0x8f07, 0x8f07, 0x8faf, 0x8faf, 0x8fab, 0x8fa3, 0x8f8f,
	u16(0xfffb), 0xffff, 0xffff, 0xfffb, 0xffff, 0xffff, 0xffff, 0xffff, 0xffff, 0xfffe, 0xfffe, 0xfffe, 0xfffe, 0xfffe, 0xffff, 0xffff,
	u16(0x1f57), 0x1f07, 0x0f07, 0x0f07, 0x0f07, 0x8f07, 0x8f07, 0x8f07, 0x8f07, 0x8f07, 0x8f0f, 0x8faf, 0x8f2f, 0x8fab, 0x8fa7, 0x8f8f,
]!

// 前缀匹配字符串表（对照 static STRINGS）
pub const lsh_strings = [
	'//',
	'/*',
	'#',
	'\'',
	'"',
	'break',
	'case',
	'continue',
	'default',
	'do',
	'else',
	'for',
	'goto',
	'if',
	'return',
	'switch',
	'while',
	'alignas',
	'alignof',
	'auto',
	'constexpr',
	'const',
	'enum',
	'extern',
	'inline',
	'register',
	'restrict',
	'sizeof',
	'static_assert',
	'static',
	'struct',
	'thread_local',
	'typedef',
	'typeof_unqual',
	'typeof',
	'union',
	'volatile',
	'_Alignas',
	'_Alignof',
	'_Atomic',
	'_Generic',
	'_Noreturn',
	'_Static_assert',
	'_Thread_local',
	'true',
	'false',
	'nullptr',
	'NULL',
	'bool',
	'char',
	'double',
	'float',
	'int',
	'long',
	'short',
	'signed',
	'unsigned',
	'void',
	'_BitInt',
	'_Bool',
	'_Complex',
	'-',
	'0x',
	'0b',
	'.',
	'*/',
	'define',
	'elifdef',
	'elifndef',
	'elif',
	'embed',
	'endif',
	'error',
	'ifdef',
	'ifndef',
	'include',
	'line',
	'pragma',
	'undef',
	'warning',
	'e',
	'p',
	'(',
	'+',
	'catch',
	'co_await',
	'co_return',
	'co_yield',
	'throw',
	'try',
	'class',
	'concept',
	'consteval',
	'constinit',
	'const_cast',
	'decltype',
	'delete',
	'dynamic_cast',
	'explicit',
	'export',
	'final',
	'friend',
	'mutable',
	'namespace',
	'new',
	'noexcept',
	'operator',
	'override',
	'private',
	'protected',
	'public',
	'reinterpret_cast',
	'requires',
	'static_cast',
	'template',
	'this',
	'typeid',
	'typename',
	'using',
	'virtual',
	'char8_t',
	'char16_t',
	'char32_t',
	'wchar_t',
	'"""',
	'$',
	'@',
	'[',
	'finally',
	'foreach',
	'yield',
	'abstract',
	'and',
	'async',
	'as',
	'await',
	'base',
	'checked',
	'delegate',
	'dynamic',
	'event',
	'file',
	'fixed',
	'from',
	'get',
	'global',
	'group',
	'implicit',
	'init',
	'interface',
	'internal',
	'into',
	'in',
	'is',
	'join',
	'let',
	'lock',
	'nameof',
	'notnull',
	'not',
	'orderby',
	'or',
	'out',
	'params',
	'partial',
	'readonly',
	'record',
	'ref',
	'required',
	'scoped',
	'sealed',
	'select',
	'set',
	'stackalloc',
	'unchecked',
	'unmanaged',
	'unsafe',
	'var',
	'when',
	'where',
	'with',
	'null',
	'byte',
	'decimal',
	'nint',
	'nuint',
	'object',
	'sbyte',
	'string',
	'uint',
	'ulong',
	'ushort',
	'endregion',
	'nullable',
	'region',
	'""',
	'diff',
	'---',
	'+++',
	'(*',
	'@"',
	'``',
	'[<',
	'then',
	'match',
	'function',
	'fun',
	'downto',
	'done',
	'to',
	'begin',
	'end',
	'assert',
	'downcast',
	'exception',
	'inherit',
	'lazy',
	'member',
	'module',
	'of',
	'open',
	'rec',
	'sig',
	'type',
	'upcast',
	'use',
	'val',
	'bigint',
	'exn',
	'float32',
	'int8',
	'int16',
	'int32',
	'int64',
	'nativeint',
	'obj',
	'single',
	'uint8',
	'uint16',
	'uint32',
	'uint64',
	'unativeint',
	'unit',
	'0o',
	'light',
	'load',
	'nowarn',
	'time',
	'help',
	'quit',
	'r',
	'I',
	'*)',
	'\\',
	'diff --git',
	'modified:',
	'renamed:',
	'deleted:',
	'new file:',
	'exec',
	'b',
	'x',
	'drop',
	'edit',
	'fixup',
	'pick',
	'reword',
	'squash',
	'd',
	'f',
	's',
	'`',
	'defer',
	'fallthrough',
	'go',
	'range',
	'chan',
	'func',
	'import',
	'map',
	'package',
	'iota',
	'nil',
	'any',
	'comparable',
	'complex128',
	'complex64',
	'float64',
	'rune',
	'uintptr',
	'i',
	'exports',
	'extends',
	'implements',
	'instanceof',
	'native',
	'non-sealed',
	'opens',
	'permits',
	'provides',
	'strictfp',
	'super',
	'synchronized',
	'throws',
	'transient',
	'transitive',
	'uses',
	'boolean',
	'debugger',
	'undefined',
	'NaN',
	'Infinity',
	'n',
	'pub',
	'fn',
	'until',
	'loop',
	'/',
	'--[[',
	'--[=[',
	'--',
	'[[',
	'[=[',
	'elseif',
	'repeat',
	'local',
	']]',
	']=]',
	'\t',
	'    ',
	'>',
	'```',
	'*',
	'__',
	'**',
	'_',
	'~~',
	'sh',
	'bash',
	'javascript',
	'js',
	'json',
	'odin',
	'py',
	'python',
	'yaml',
	'pwsh',
	'powershell',
	'](',
	'not_in',
	'or_break',
	'or_continue',
	'or_else',
	'or_return',
	'asm',
	'auto_cast',
	'bit_field',
	'bit_set',
	'cast',
	'context',
	'distinct',
	'foreign',
	'matrix',
	'proc',
	'transmute',
	'complex',
	'cstring',
	'quaternion',
	'rawptr',
	'u',
	'0',
	'32',
	'64',
	'128',
	'256',
	'8',
	'16',
	'h',
	'be',
	'le',
	'<#',
	'@\'',
	'clean',
	'data',
	'dynamicparam',
	'filter',
	'hidden',
	'param',
	'process',
	'exit',
	'trap',
	'$false',
	'$true',
	'$null',
	'#>',
	'\'@',
	'"@',
	';',
	'=',
	']',
	'\'\'\'',
	'except',
	'pass',
	'raise',
	'def',
	'del',
	'lambda',
	'nonlocal',
	'True',
	'False',
	'None',
	'j',
	'=begin',
	'elsif',
	'ensure',
	'next',
	'redo',
	'rescue',
	'retry',
	'unless',
	'BEGIN',
	'END',
	'__ENCODING__',
	'__FILE__',
	'__LINE__',
	'alias',
	'defined?',
	'self',
	'::',
	':',
	'=end',
	'#{',
	'}',
	'c',
	'r#"',
	'crate',
	'dyn',
	'impl',
	'mod',
	'move',
	'mut',
	'Self',
	'trait',
	'r#',
	'"#',
	'f32',
	'f64',
	'size',
	'$\'',
	'<<',
	'esac',
	'fi',
	'declare',
	'source',
	'typeset',
	'EOF',
	'HEREDOC',
	'{',
	'((',
	'))',
	')',
	'inf',
	'nan',
	' ',
	't',
	'z',
	'<!--',
	'<![CDATA[',
	'<!',
	'<?',
	'<',
	'</',
	'&#',
	'&',
	'-->',
	']]>',
	'DOCTYPE',
	'|',
	'yes',
	'no',
	'~',
]
